date,starting_portfolio_value,asset_exposure,cash_exposure,portfolio_daily_return,transaction_cost,ending_portfolio_value,cumulative_return,drawdown,market_exposure_pct,cash_pct,peak_value
2011-08-29,1000.0,583.3333333333333,416.0833333333334,-0.0005833333333332691,0.5833333333333333,999.4166666666667,-0.0005833333333332691,0.0,58.367380972233796,41.632619027766204,999.4166666666667
2011-08-30,999.4166666666667,556.3928819190519,443.82394444444446,0.0008006267290883162,0.3612407407407407,1000.2168263634964,0.00021682636349629192,0.0,55.62722674261919,44.3727732573808,1000.2168263634964
2011-08-31,1000.2168263634964,551.1921123838113,449.8912548708815,0.0008663530430166322,0.2063169926918281,1001.0833672546928,0.0010833672546928241,0.0,55.059561512380874,44.940438487619126,1001.0833672546928
2011-09-01,1001.0833672546928,538.8183938371574,458.6540908087375,-0.003606974930269957,0.17578584966330144,997.4724846458948,-0.0025275153541051143,-0.003606974930269957,54.01837164745845,45.98162835254156,1001.0833672546928
2011-09-02,997.4724846458948,585.8166075121525,398.76363613805734,-0.012924908901383647,0.22535772030048867,984.5802436502098,-0.015419756349790203,-0.016485264009270417,59.49912272668703,40.50087727331297,1001.0833672546928
2011-09-05,984.5802436502098,574.3384754626223,409.8359505941089,-0.0004121732038558923,0.40581759347857416,984.1744260567312,-0.015825573943268778,-0.016890642429043257,58.35738668437168,41.64261331562831,1001.0833672546928
2011-09-06,984.1744260567312,576.9158394320638,409.8359505941089,0.0026188081108426964,0.0,986.7517900261727,-0.013248209973827363,-0.014316067669590926,58.46615585230016,41.53384414769984,1001.0833672546928
2011-09-07,986.7517900261727,586.912739163052,409.8359505941089,0.01013111892173324,0.0,996.748689757161,-0.0032513102428390894,-0.004329986531909968,58.88271990666396,41.117280093336035,1001.0833672546928
2011-09-08,996.748689757161,607.5380238511464,387.26138384159935,-0.0019556404582684594,0.36310661951883166,994.7994076927457,-0.005200592307254337,-0.006277159093332818,61.071409889579556,38.928590110420444,1001.0833672546928
2011-09-09,994.7994076927457,607.4505072855322,372.92592327863804,-0.014498377277914587,0.12385460614153493,980.3764305641703,-0.01962356943582977,-0.02068452775047891,61.960945647782154,38.039054352217846,1001.0833672546928
2011-09-12,980.3764305641703,690.9091230573997,293.6703312550079,0.004287152992671128,0.4425979142430541,984.5794543124076,-0.015420545687592435,-0.016486052492855285,70.17301854423765,29.826981455762347,1001.0833672546928
2011-09-13,984.5794543124076,696.519148657168,293.6703312550079,0.005697890175543119,0.0,990.1894799121759,-0.009810520087824126,-0.010882098033844656,70.34200653383485,29.657993466165163,1001.0833672546928
2011-09-14,990.1894799121759,573.2834615514852,423.9533120936789,0.0071171163458665365,0.41360786868226057,997.236773645164,-0.002763226354835946,-0.0038424308457720713,57.487196291005446,42.512803708994554,1001.0833672546928
2011-09-15,997.236773645164,695.9832106767087,311.4119041651359,0.010186488770915547,0.22458759897785713,1007.3951148418446,0.007395114841844519,0.0,69.08741172384723,30.912588276152785,1007.3951148418446
2011-09-16,1007.3951148418446,737.6700671604106,279.6537230011719,0.009855790616273286,0.17825334378494365,1017.3237901615825,0.017323790161582364,0.0,72.51084406895131,27.489155931048682,1017.3237901615825
2011-09-19,1017.3237901615825,765.2040843692539,254.06745314528996,0.0019145795781028152,0.26349439510569106,1019.2715375145439,0.0192715375145438,0.0,75.07362427044474,24.926375729555257,1019.2715375145439
2011-09-20,1019.2715375145439,790.9115008153267,226.3764305102673,-0.0019461018148184683,0.12835560407580765,1017.287931325594,0.01728793132559403,-0.0019461018148184683,77.74706417530348,22.25293582469653,1019.2715375145439
2011-09-21,1017.287931325594,835.4824211287439,169.48357921729058,-0.012112530386066078,0.06440933697506288,1004.9660003460344,0.004966000346034338,-0.014035059983518172,83.13539172878154,16.864608271218454,1019.2715375145439
2011-09-22,1004.9660003460344,653.2496747372173,334.8226123235509,-0.016810233659098173,0.16605445846058883,988.0722870607683,-0.011927712939231672,-0.03060936100487388,66.11355093061539,33.886449069384604,1019.2715375145439
2011-09-23,988.0722870607683,744.6497231933117,246.60469225810547,0.003220542092233769,0.41337950708672894,991.2544154514172,-0.008745584548582763,-0.02748739764817265,75.12195775230906,24.878042247690942,1019.2715375145439
2011-09-26,991.2544154514172,714.94543348181,283.0373286431839,0.006787709157908495,0.17821862864964477,997.982762124994,-0.0020172378750059616,-0.02088626495100787,71.63905636601221,28.360943633987784,1019.2715375145439
2011-09-27,997.982762124994,712.154610192871,284.9900984556385,-0.0008397474468396782,0.1478335800741524,997.1447086485095,-0.00285529135149043,-0.02170847321018088,71.41938416923429,28.580615830765705,1019.2715375145439
2011-09-28,997.1447086485095,714.9191907561451,276.66026517886763,-0.0055811886331320615,0.3243761123851173,991.5794559350127,-0.008420544064987379,-0.027168502759389646,72.09903215290096,27.900967847099057,1019.2715375145439
2011-09-29,991.5794559350127,772.7173096893498,212.0933765119888,-0.006826250476611007,0.3879354740853608,984.8106862013386,-0.015189313798661397,-0.03380929423109058,78.46353827352482,21.53646172647517,1019.2715375145439
2011-09-30,984.8106862013386,905.2818681602585,61.249427251303935,-0.018561324573238003,0.30124063627976605,966.5312954115624,-0.03346870458843765,-0.051743073520513105,93.66296491980395,6.33703508019604,1019.2715375145439
2011-10-03,966.5312954115624,771.0148425637552,181.09763787918575,-0.014918104604653926,0.12698001048214694,952.112480442941,-0.047887519557059055,-0.06588926954182173,80.97938619658302,19.02061380341697,1019.2715375145439
2011-10-04,952.112480442941,595.7491996645396,356.39179785039283,2.9951368748060148e-05,0.6503823157100364,952.1409975149325,-0.04785900248506758,-0.06586129164688226,62.569430496053855,37.43056950394614,1019.2715375145439
2011-10-05,952.1409975149325,755.2595799224586,203.3344339930903,0.00677737479791185,0.6957797601094476,958.5940139155489,-0.04140598608445112,-0.05953028350713574,78.78826374446733,21.211736255532664,1019.2715375145439
2011-10-06,958.5940139155489,690.9315722005123,273.6712857234424,0.0062683930018105904,0.21271825242873132,964.6028579239546,-0.035397142076045385,-0.05363504971785715,71.62860513264025,28.371394867359754,1019.2715375145439
2011-10-07,964.6028579239546,644.7930898327816,321.16488868842566,0.0014048482088981906,0.3693972862258608,965.9579785212072,-0.03404202147879276,-0.052305550612489204,66.7516707941996,33.248329205800395,1019.2715375145439
2011-10-10,965.9579785212072,720.3047884125433,263.16941862974636,0.01813353055781808,0.2736664214919274,983.4742070422897,-0.016525792957710284,-0.03512050435504621,73.24084182937499,26.759158170625007,1019.2715375145439
2011-10-11,983.4742070422897,737.1009568265982,245.72194025960127,-0.0006622542324205005,0.1466115009712077,982.8228970861995,-0.01717710291380048,-0.03575949988481286,74.99835006000578,25.00164993999422,1019.2715375145439
2011-10-12,982.8228970861995,808.600068760895,178.46509206961858,0.0043164071135208815,0.22998012787226893,987.0651608305136,-0.012934839169486345,-0.03159744533097075,81.9196240378438,18.080375962156197,1019.2715375145439
2011-10-13,987.0651608305136,867.3361503741162,123.1989769828287,0.003515438153557815,0.1841681209854806,990.5351273569449,-0.009464872643055067,-0.02819308604228432,87.5623818297528,12.437618170247207,1019.2715375145439
2011-10-14,990.5351273569449,850.7879630646825,152.28463354096877,0.01265726868481698,0.1053860524072353,1003.0725966056513,0.00307259660565129,-0.015892664822558578,84.81818424147039,15.181815758529597,1019.2715375145439
2011-10-17,1003.0725966056513,824.1465150358123,166.96325744906076,-0.01192617978126398,0.2155086518811034,991.109772484873,-0.008890227515127025,-0.02762930582594536,83.15390867043348,16.84609132956653,1019.2715375145439
2011-10-18,991.109772484873,845.8879420307144,152.2671686721076,0.007108534708809344,0.21125786402669683,998.155110702822,-0.0018448892971780761,-0.02071717499657999,84.74513960411493,15.254860395885073,1019.2715375145439
2011-10-19,998.155110702822,887.2199925724468,99.55774154129612,-0.011398405385179111,0.2577695289862358,986.7777341137429,-0.013222265886257079,-0.03187943762271228,89.91082407927333,10.089175920726683,1019.2715375145439
2011-10-20,986.7777341137429,879.8550381601834,105.60616936810904,-0.0013341673002308374,0.1200164297920202,985.4612075282924,-0.014538792471707529,-0.033171072419717174,89.28357924580435,10.716420754195653,1019.2715375145439
2011-10-21,985.4612075282924,927.0978568342364,70.3492124517395,0.012162692621606075,0.04087380028146843,997.4470692859759,-0.002552930714024071,-0.02141182935588115,92.94707312117333,7.052926878826674,1019.2715375145439
2011-10-24,997.4470692859759,942.6478768285256,62.10859543286998,0.007328111135413096,0.23184639750350675,1004.7564722613955,0.004756472261395528,-0.014240626485600538,93.81854238837768,6.181457611622324,1019.2715375145439
2011-10-25,1004.7564722613955,932.3599836513192,58.98812052746887,-0.013344893467000407,0.11520137026031749,991.348104178788,-0.008651895821211952,-0.02739548030924721,94.04970662890072,5.950293371099287,1019.2715375145439
2011-10-26,991.348104178788,926.7359453518717,61.84701276708865,-0.00278927860775835,0.11224374408555349,988.5829581189604,-0.011417041881039647,-0.03010834528982964,93.74387225076498,6.256127749235015,1019.2715375145439
2011-10-27,988.5829581189604,920.8875382784836,87.08622329659207,0.019614745830750957,0.14168477272799135,1007.9737615750756,0.007973761575075677,-0.011084166999323353,91.36026882678873,8.639731173211272,1019.2715375145439
2011-10-28,1007.9737615750756,926.6424184786739,83.88890478980228,0.002537329631878471,0.10890867478745059,1010.5313232684762,0.010531323268476278,-0.008574961552816784,91.69853493323978,8.301465066760215,1019.2715375145439
2011-10-31,1010.5313232684762,909.727833307357,83.88890478980228,-0.016738308632144316,0.0,993.6167380971592,-0.0063832619028407755,-0.02516973983198134,91.55721702610859,8.442782973891422,1019.2715375145439
2011-11-01,993.6167380971592,791.5414068373531,186.04526055429824,-0.016133052203011977,0.2578778389190486,977.5866673916513,-0.022413332608348657,-0.0408967273083477,80.96892411077015,19.03107588922986,1019.2715375145439
2011-11-02,977.5866673916513,771.0888658237158,213.80816156129617,0.007477966135591707,0.03892193062758019,984.8970273850119,-0.015102972614988053,-0.03372458551462443,78.29131821740029,21.70868178259971,1019.2715375145439
2011-11-03,984.8970273850119,790.3267931875948,213.80816156129617,0.019532932711714412,0.0,1004.134954748891,0.004134954748890918,-0.014850392862497563,78.70722849054047,21.292771509459527,1019.2715375145439
2011-11-04,1004.134954748891,784.4443871194322,213.80816156129617,-0.005858182747590535,0.0,998.2525486807284,-0.0017474513192715646,-0.02062157929482611,78.58175650602035,21.418243493979652,1019.2715375145439
2011-11-07,998.2525486807284,816.2464315152304,187.12826669666845,0.00513111590643045,0.04408618096817782,1003.3746982118988,0.00337469821189873,-0.015596275101931067,81.35011107713326,18.649888922866733,1019.2715375145439
2011-11-08,1003.3746982118988,794.6337962548138,219.38713353064236,0.010610424592657042,0.10108170321051649,1014.0209297854561,0.014020929785456104,-0.005151333610169395,78.36463458628417,21.63536541371584,1019.2715375145439
2011-11-09,1014.0209297854561,900.3375502917617,84.21497114669455,-0.02906094685169347,0.28677300209357603,984.5525214384562,-0.015447478561543826,-0.034062577829602425,91.44637088292107,8.553629117078929,1019.2715375145439
2011-11-10,984.5525214384562,807.176245878644,184.34187845008458,0.0070748921348506855,0.2617193196259395,991.5181243287285,-0.008481875671271455,-0.027228674758731142,81.40811812442797,18.591881875572025,1019.2715375145439
2011-11-11,991.5181243287285,760.7296728990841,247.80923959665813,0.0171663913642901,0.0702914855239557,1008.5389124957422,0.008538912495742235,-0.01052970148168042,75.42888662734623,24.57111337265376,1019.2715375145439
2011-11-14,1008.5389124957422,807.9762218335611,195.88319368001328,-0.004639877474422738,0.22159486082545835,1003.8594155135744,0.0038594155135744934,-0.015120722431386069,80.486989447641,19.513010552359013,1019.2715375145439
2011-11-15,1003.8594155135744,801.2645783515168,206.52479300612868,0.003914846823507068,0.1521454819601204,1007.7893713576455,0.007789371357645347,-0.011265070920058462,79.50714714048746,20.49285285951254,1019.2715375145439
2011-11-16,1007.7893713576455,819.6849587763099,177.75208671833673,-0.010272311017780034,0.09309646242422594,997.4370454946467,-0.0025629545053533764,-0.021421663625710408,82.17911721634658,17.82088278365341,1019.2715375145439
2011-11-17,997.4370454946467,643.5495827794895,342.6512045835699,-0.011265130147652624,0.21777980521497128,986.2007873630594,-0.013799212636940617,-0.03244547594464009,65.2554318578711,34.7445681421289,1019.2715375145439
2011-11-18,986.2007873630594,559.3028362370939,422.45869153533124,-0.004501375021717546,0.19878876312284363,981.7615277724251,-0.01823847222757491,-0.03680080171137279,56.96931692833066,43.030683071669344,1019.2715375145439
2011-11-21,981.7615277724251,681.0393006646618,286.073318679276,-0.014921045502490848,0.27379358768134365,967.1126193439378,-0.032887380656062226,-0.05117274077700007,70.4198546314761,29.580145368523898,1019.2715375145439
2011-11-22,967.1126193439378,787.2871028547919,180.82954293790436,0.00103816911151422,0.504073189083967,968.1166457926963,-0.031883354207303705,-0.05018769762431208,81.32151288548079,18.67848711451921,1019.2715375145439
2011-11-23,968.1166457926963,593.2002743386792,362.8583843358644,-0.012455097400251525,0.18535783639670164,956.0586586745435,-0.04394134132545646,-0.06201770236235837,62.0464308289491,37.95356917105091,1019.2715375145439
2011-11-24,956.0586586745435,478.02932933727175,477.9099635581297,-0.00012485194089195684,0.11936577914209334,955.9392928954014,-0.04406070710459853,-0.062134811272740675,50.00624337654228,49.99375662345773,1019.2715375145439
2011-11-25,955.9392928954014,477.52339883847435,477.9099635581297,-0.0005292496108879607,0.0,955.433362396604,-0.044566637603395964,-0.06263117605893997,49.97977018937848,50.02022981062152,1019.2715375145439
2011-11-28,955.433362396604,560.6835459867539,409.28460881774276,0.01521277462138615,0.18683220937325512,969.9681548044966,-0.030031845195503393,-0.04837119540321089,57.804325143000526,42.195674856999474,1019.2715375145439
2011-11-29,969.9681548044966,542.272663381537,424.22474524870745,-0.003578206312300769,0.13632247825978658,966.4974086302444,-0.03350259136975553,-0.05177631959878637,56.10699610152765,43.89300389847236,1019.2715375145439
2011-11-30,966.4974086302444,724.9779715278045,263.2375551027463,0.022470953161774165,0.35264725095673605,988.2155266305508,-0.011784473369449211,-0.030468829689605625,73.36233361964176,26.637666380358233,1019.2715375145439
2011-12-01,988.2155266305508,845.155863387795,144.8205427848095,0.0017818780363203501,0.5052699549774066,989.9764061726045,-0.010023593827395483,-0.028741243391701587,85.37131371193914,14.628686288060862,1019.2715375145439
2011-12-02,989.9764061726045,726.8606820100626,261.87224258443126,-0.0012560719329848258,0.18033552008163342,988.7329245944939,-0.0112670754055062,-0.02996121425554299,73.51436003895267,26.485639961047337,1019.2715375145439
2011-12-05,988.7329245944939,763.9644296624828,230.49998118959383,0.005796799231636118,0.20436788245471968,994.4644108520765,-0.005535589147923514,-0.0243380941676824,76.82169631469297,23.178303685307043,1019.2715375145439
2011-12-06,994.4644108520765,736.0848938657745,261.33174466427084,0.002968660965392722,0.36941608627562106,997.4166385300452,-0.002583361469954748,-0.021441684752417367,73.79913923940435,26.200860760595656,1019.2715375145439
2011-12-07,997.4166385300452,749.7262357726386,249.18884952270815,0.0015023278211097058,0.1653101098032013,998.9150852953467,-0.001084914704653328,-0.019971569370842657,75.05405082064297,24.945949179357036,1019.2715375145439
2011-12-08,998.9150852953467,815.368625790326,166.39963483427147,-0.017165447717389815,0.0862127149529655,981.7682606245974,-0.018231739375402678,-0.0367941961583631,83.05102726295016,16.948972737049843,1019.2715375145439
2011-12-09,981.7682606245974,807.3906206586225,183.89767000852206,0.009696819936397816,0.18387885858995656,991.2882906671446,-0.008711709332855477,-0.02745416291681746,81.4486187580449,18.551381241955106,1019.2715375145439
2011-12-12,991.2882906671446,761.1109736391013,220.08468348300343,-0.010181330335544803,0.20160333191758975,981.1956571221048,-0.01880434287789523,-0.03735597335062035,77.56974545438545,22.43025454561455,1019.2715375145439
2011-12-13,981.1956571221048,764.7144083273794,214.4681379437524,-0.00205169156259577,0.1684120517080184,979.1825462711317,-0.02081745372886823,-0.039331021977880076,78.09722622605173,21.90277377394828,1019.2715375145439
2011-12-14,979.1825462711317,755.936968117662,214.4681379437524,-0.0089640488825532,0.0,970.4051060614144,-0.02959489393858561,-0.04794250565682279,77.8991127927784,22.100887207221607,1019.2715375145439
2011-12-15,970.4051060614144,778.8052250136598,193.99988695307667,0.0024731999969198615,0.08113425920629411,972.8051119667364,-0.027194888033263642,-0.045587877064745874,80.05768220513728,19.942317794862717,1019.2715375145439
2011-12-16,972.8051119667364,778.0021499444489,194.49289521747298,-0.0003187347609509006,0.06812717587435801,972.4950451619219,-0.027504954838078133,-0.045892081384598216,80.00062867311682,19.99937132688317,1019.2715375145439
2011-12-19,972.4950451619219,694.4337915958348,273.3744291752336,-0.004819381254609012,0.13980227655693758,967.8082207710684,-0.03219177922893168,-0.0504902912024473,71.75324374105526,28.246756258944757,1019.2715375145439
2011-12-20,967.8082207710684,693.4106631841054,290.1870307002975,0.01631467141367615,0.15543553102298283,983.5976938844028,-0.01640230611559723,-0.03499935229931994,70.49738602433104,29.502613975668968,1019.2715375145439
2011-12-21,983.5976938844028,677.3265999430256,307.1811678147488,0.000925250108891218,0.19311152412709354,984.5077677577744,-0.015492232242225512,-0.03410648534495486,68.79850237095063,31.201497629049364,1019.2715375145439
2011-12-22,984.5077677577744,728.7563237196727,260.48181873133734,0.004804811955937183,0.12317861630887131,989.2381424510099,-0.010761857548990061,-0.02946554863757822,73.6684416468265,26.331558353173506,1019.2715375145439
2011-12-23,989.2381424510099,788.9312422586951,208.05808764423887,0.007835512117152277,0.20257392439487074,996.989329902934,-0.003010670097066015,-0.021860914183814306,79.13136265314944,20.868637346850566,1019.2715375145439
2011-12-26,996.989329902934,813.3334007102882,183.6262965267983,-2.9722149433974998e-05,0.02963266584745656,996.9596972370865,-0.0030403027629134494,-0.021889986579890164,81.58137214215489,18.418627857845113,1019.2715375145439
2011-12-27,996.9596972370865,814.6669945187136,183.6262965267983,0.0013376607019535136,0.0,998.293291045512,-0.0017067089544879899,-0.020581607252750933,81.60597710373405,18.394022896265945,1019.2715375145439
2011-12-28,998.293291045512,832.933278353041,157.59583204615345,-0.007777454497551628,0.029424434716913604,990.5291103991945,-0.009470889600805554,-0.028198989236407734,84.08973240749678,15.910267592503216,1019.2715375145439
2011-12-29,990.5291103991945,840.441956417527,157.59583204615345,0.0075804718767527035,0.0,998.0377884636804,-0.0019622115363195913,-0.020832279004514564,84.20943236139917,15.790567638600841,1019.2715375145439
2011-12-30,998.0377884636804,835.9447457589533,157.59583204615345,-0.004506052486746404,0.0,993.5405778051068,-0.006459422194893261,-0.025244460148648007,84.13795716383237,15.862042836167634,1019.2715375145439
2012-01-02,993.5405778051068,862.8115544096979,130.69872340793677,-3.0496980343741598e-05,0.030299987472061578,993.5102778176347,-0.006489722182365321,-0.02527418724918684,86.84475376590645,13.155246234093552,1019.2715375145439
2012-01-03,993.5102778176347,876.1975986160201,130.69872340793677,0.013473483370223693,0.0,1006.8963220239568,0.006896322023956847,-0.012141235220561097,87.01964437160521,12.980355628394785,1019.2715375145439
2012-01-04,1006.8963220239568,929.7172224183456,79.3806672195659,0.0021864888825189333,0.11114767706227933,1009.0978896379115,0.009097889637911472,-0.00998129301387185,92.13350181040913,7.86649818959086,1019.2715375145439
2012-01-05,1009.0978896379115,927.6106043361034,79.3806672195659,-0.0020876250994817935,0.0,1006.9912715556693,0.006991271555669254,-0.012048080915532666,92.11704515601876,7.8829548439812385,1019.2715375145439
2012-01-06,1006.9912715556693,925.444517266646,79.38330050113453,-0.0021484335058302717,0.11601041115520642,1004.8278177677805,0.004827817767780518,-0.014170629920642996,92.09981062452232,7.900189375477691,1019.2715375145439
2012-01-09,1004.8278177677805,898.9389428917008,105.73929938086498,-0.00014885684151044742,0.03204985784872043,1004.6782422725657,0.004678242272565747,-0.014317377366941275,89.47530712502697,10.524692874973027,1019.2715375145439
2012-01-10,1004.6782422725657,866.7925674037057,139.42519050287308,0.0015323469437644732,0.11345425720561753,1006.2177579065788,0.006217757906578747,-0.012806969612627728,86.14363646364728,13.85636353635272,1019.2715375145439
2012-01-11,1006.2177579065788,864.3657270803639,139.69219931490764,-0.0021464851860703016,0.06026706100620489,1004.0579263952715,0.004057926395271361,-0.01492596482814601,86.0872370365697,13.912762963430305,1019.2715375145439
2012-01-12,1004.0579263952715,829.0945989260288,175.47934658089204,0.0005139336069004408,0.23079053828045246,1004.5739455069208,0.004573945506920918,-0.014419702176186155,82.53196319039084,17.468036809609163,1019.2715375145439
2012-01-13,1004.5739455069208,769.3923699224015,225.92801847913222,-0.009211424551447744,0.1011192599249769,995.3203884015337,-0.0046796115984663045,-0.023498300728983512,77.30097553392145,22.699024466078555,1019.2715375145439
2012-01-16,995.3203884015337,774.1380798678595,221.0391199477674,-0.00014386180326997344,0.14318858590683206,995.1771998156269,-0.004822800184373088,-0.02363878202433689,77.78896863908071,22.2110313609193,1019.2715375145439
2012-01-17,995.1771998156269,777.6898757470427,221.0391199477674,0.0035690084940060984,0.0,998.7289956948101,-0.0012710043051898934,-0.020154140544163535,77.86795808466623,22.132041915333772,1019.2715375145439
2012-01-18,998.7289956948101,847.0097491243444,157.55647490486888,0.005844656918508884,0.1375770469433051,1004.5662240292132,0.0045662240292132505,-0.01442727766262264,84.31596930733687,15.684030692663132,1019.2715375145439
2012-01-19,1004.5662240292132,832.7841007682409,175.68038996840914,0.0038805472592948753,0.11869923670316469,1008.4644907366501,0.00846449073665001,-0.010602716136120516,82.57941736351268,17.42058263648732,1019.2715375145439
2012-01-20,1008.4644907366501,861.6177489386944,151.23943925526982,0.004355827594985984,0.03023435522759973,1012.8571881939642,0.012857188193964308,-0.006293072144662015,85.06803910579472,14.93196089420527,1019.2715375145439
2012-01-23,1012.8571881939642,886.4209052412979,126.57118966728741,0.00013319421157653721,0.035958856958000426,1012.9920949085853,0.012992094908585328,-0.00616071613386826,87.50521447270431,12.494785527295697,1019.2715375145439
2012-01-24,1012.9920949085853,808.5366591295824,202.51984723760302,-0.0019107637178299441,0.07857174411401888,1011.0565063671854,0.01105650636718547,-0.008059708178833724,79.96948281701142,20.03051718298857,1019.2715375145439
2012-01-25,1011.0565063671854,815.841550048421,202.51984723760302,0.007225007576565412,0.0,1018.361397286024,0.01836139728602415,-0.000892932054925355,80.1131653480457,19.8868346519543,1019.2715375145439
2012-01-26,1018.361397286024,823.030907421396,193.8873384789174,-0.0014171308825694506,0.08626100413482837,1016.9182459003134,0.016918245900313433,-0.0023087975359037394,80.93383226620521,19.066167733794778,1019.2715375145439
2012-01-27,1016.9182459003134,819.8004470054635,193.6464422642583,-0.0034136044314144742,0.052271240563325494,1013.4468892697219,0.013446889269721929,-0.005714520645818455,80.89229496734677,19.107705032653236,1019.2715375145439
2012-01-30,1013.4468892697219,796.2783984440657,217.13871276558115,-2.9382950789247353e-05,0.028477792216393332,1013.4171112096469,0.013417111209646837,-0.005743735687128826,78.5736089943856,21.426391005614406,1019.2715375145439
2012-01-31,1013.4171112096469,746.4867571779121,265.36655332333623,-0.0015430968069327644,0.052213898237920574,1011.8533105012483,0.011853310501248382,-0.007277969353862934,73.77420713365261,26.225792866347387,1019.2715375145439
2012-02-01,1011.8533105012483,764.195802345072,252.8578432528389,0.005139416002984065,0.105484372473197,1017.0536455979109,0.017053645597910894,-0.0021759578630452525,75.13820000082814,24.861799999171872,1019.2715375145439
2012-02-02,1017.0536455979109,774.9914608041466,242.07187115668083,9.52394493491937e-06,0.08375874758368544,1017.0633319608274,0.017063331960827544,-0.002166454641813198,76.19893830112005,23.80106169887996,1019.2715375145439
2012-02-03,1017.0633319608274,820.0891953459837,207.93313186110106,0.01077513553175602,0.10254967634091088,1028.0223272070848,0.028022327207084752,0.0,79.77348094899742,20.22651905100258,1028.0223272070848
2012-02-06,1028.0223272070848,865.2305073227725,163.4040774862712,0.0005955683896692321,0.14492911485586948,1028.6345848090436,0.028634584809043684,0.0,84.11446786843109,15.885532131568922,1028.6345848090436
2012-02-07,1028.6345848090436,878.9932577419341,149.85483666697192,0.00020756603269567186,0.15437361768030855,1028.848094408906,0.02884809440890601,0.0,85.43469755337726,14.565302446622749,1028.848094408906
2012-02-08,1028.848094408906,832.9783822609166,201.18072304311272,0.005162094311089271,0.1156432542819528,1034.1591053040293,0.034159105304029325,0.0,80.54644377143804,19.45355622856197,1034.1591053040293
2012-02-09,1034.1591053040293,862.6419054694185,172.26103073652928,0.0007192615702009686,0.09882014747574894,1034.9029362059478,0.03490293620594764,0.0,83.35486114591049,16.6451388540895,1034.9029362059478
2012-02-10,1034.9029362059478,812.0491588329911,215.55642370964145,-0.007051244525470124,0.048354666597750666,1027.6055825426326,0.02760558254263268,-0.007051244525470124,79.02342811565072,20.976571884349273,1034.9029362059478
2012-02-13,1027.6055825426326,798.6615030185317,235.42465191484072,0.006306478381233216,0.06829408451270709,1034.0861549333724,0.034086154933372415,-0.0007892346653974869,77.23355536753999,22.766444632459994,1034.9029362059478
2012-02-14,1034.0861549333724,841.3406281594591,193.8439416521302,0.001062208282140542,0.04721239787713391,1035.1845698115894,0.03518456981158935,0.0,81.27445604338835,18.72554395661163,1035.1845698115894
2012-02-15,1035.1845698115894,856.3047989458288,172.45932083325982,-0.006202227331952415,0.07144080200515265,1028.7641197790886,0.02876411977908866,-0.006202227331952415,83.23626208209004,16.76373791790997,1035.1845698115894
2012-02-16,1028.7641197790886,837.2469117899875,201.18430018935294,0.009396801477026262,0.09563628916429887,1038.4312119793403,0.03843121197934041,0.0,80.62613123830532,19.373868761694684,1038.4312119793403
2012-02-17,1038.4312119793403,889.2472714613106,151.31888494539697,0.0020559324515079247,0.11900013492363681,1040.5661564067075,0.040566156406707465,0.0,85.45802359477722,14.541976405222782,1040.5661564067075
2012-02-20,1040.5661564067075,910.4953868558689,130.04322024246414,-2.6475306932338682e-05,0.027549308374436438,1040.5386070983332,0.040538607098333124,-2.6475306932338682e-05,87.5023166506906,12.497683349309382,1040.5661564067075
2012-02-21,1040.5386070983332,911.9897115309279,130.04322024246414,0.00143610690162288,0.0,1042.0329317733922,0.04203293177339229,0.0,87.52023892170575,12.479761078294239,1042.0329317733922
2012-02-22,1042.0329317733922,885.3452937338493,151.93732061288756,-0.00455870182391549,0.0258152707322023,1037.2826143467369,0.03728261434673685,-0.00455870182391549,85.35236988344059,14.647630116559423,1042.0329317733922
2012-02-23,1037.2826143467369,869.0505704371963,172.85271073124534,0.004454588130366588,0.02772499321089351,1041.9032811684415,0.04190328116844144,-0.00012442083258357162,83.4099082078521,16.590091792147906,1042.0329317733922
2012-02-24,1041.9032811684415,801.7294073709961,238.70131123678277,-0.0014133390183885819,0.06819069765184742,1040.430718607779,0.040430718607779026,-0.001537584002154757,77.05745255616887,22.94254744383112,1042.0329317733922
2012-02-27,1040.430718607779,780.4278197942995,260.0397502066231,3.5419362850896974e-05,0.06792944532162212,1040.4675700009225,0.04046757000092249,-0.0015022190995496176,75.00741419490927,24.99258580509074,1042.0329317733922
2012-02-28,1040.4675700009225,850.3252502767274,194.97753380884453,0.004647155013822291,0.11013556632850993,1045.3027840855718,0.04530278408557176,0.0,81.34726733944268,18.65273266055733,1045.3027840855718
2012-02-29,1045.3027840855718,824.0885051746836,217.7022102410536,-0.0033598577592108825,0.06920311010726446,1041.7907154157372,0.04179071541573709,-0.0033598577592108825,79.1030763646058,20.896923635394206,1045.3027840855718
2012-03-01,1041.7907154157372,830.9014111788273,216.99272890151894,0.005858589997294716,0.04700347675964353,1047.8941400803462,0.047894140080346315,0.0,79.29249524337628,20.70750475662372,1047.8941400803462
2012-03-02,1047.8941400803462,899.5348169511159,146.57351535775484,-0.0017041871914070805,0.13166425349361735,1046.1083323088708,0.04610833230887068,-0.0017041871914070805,85.98868675156695,14.01131324843305,1047.8941400803462
2012-03-05,1046.1083323088708,854.4656028882879,188.25428530313155,-0.003239094855475244,0.04521451246517349,1042.7198881914194,0.042719888191419475,-0.0049377620229178465,81.94584303655553,18.05415696344447,1047.8941400803462
2012-03-06,1042.7198881914194,822.4398937621511,208.47541265040925,-0.011320951976214744,0.06856498787462575,1030.9153064125603,0.03091530641256024,-0.016202813832401075,79.77763921501231,20.222360784987686,1047.8941400803462
2012-03-07,1030.9153064125603,809.8478305233068,226.73466988946717,0.005497244987015204,0.06669752129613234,1036.582500412774,0.036582500412774,-0.010794639682501717,78.12671255793148,21.873287442068523,1047.8941400803462
2012-03-08,1036.582500412774,771.4843794045581,269.4647026168949,0.0042124786082538,0.04674749042635808,1040.949082021453,0.04094908202145309,-0.006627633262994204,74.11355586253916,25.886444137460845,1047.8941400803462
2012-03-09,1040.949082021453,793.8272438554138,249.72170309834948,0.0024975908785678236,0.106076586799215,1043.5489469537633,0.04354894695376332,-0.004146595500810535,76.06995782734339,23.930042172656606,1047.8941400803462
2012-03-12,1043.5489469537633,795.419324456032,249.72170309834948,0.0015256405607668722,0.0,1045.1410275543815,0.04514102755438154,-0.0026272811543288643,76.10641085608366,23.89358914391635,1047.8941400803462
2012-03-13,1045.1410275543815,823.9414841871621,239.4213886977052,0.017434819655989253,0.0900967835073009,1063.3628728848673,0.06336287288486742,0.0,77.48450742424708,22.515492575752912,1063.3628728848673
2012-03-14,1063.3628728848673,914.578458946752,148.71755517887644,-6.287482941491618e-05,0.15324702500488752,1063.2960141256285,0.06329601412562846,-6.287482941491618e-05,86.01353214879018,13.986467851209818,1063.3628728848673
2012-03-15,1063.2960141256285,936.4615366722257,132.8141887318603,0.005623750300027819,0.09781303384331735,1069.275725404086,0.06927572540408589,0.0,87.57905135444192,12.420948645558095,1069.275725404086
2012-03-16,1069.275725404086,942.5100166788186,128.2335386485106,0.0013727328586725651,0.07954839997966479,1070.7435553273292,0.07074355532732923,0.0,88.02387947977802,11.976120520221976,1070.7435553273292
2012-03-19,1070.7435553273292,943.7732655109786,128.2335386485106,0.0011797865379388206,0.0,1072.006804159489,0.07200680415948901,0.0,88.03799209567028,11.96200790432973,1072.006804159489
2012-03-20,1072.006804159489,922.3385904068809,150.05233636035598,0.0003583210538007364,0.028616221972459648,1072.390926767237,0.07239092676723713,0.0,86.00768314846765,13.992316851532344,1072.390926767237
2012-03-21,1072.390926767237,936.8181640639143,133.91011366634132,-0.001550413189333355,0.13875217956343017,1070.7282777302557,0.0707282777302558,-0.001550413189333355,87.49354841452343,12.50645158547655,1072.390926767237
2012-03-22,1070.7282777302557,902.9218075681767,162.79382866244305,-0.004681525279468524,0.14308316607413343,1065.7156362306198,0.06571563623061971,-0.006224680170262342,84.72445902752855,15.275540972471443,1072.390926767237
2012-03-23,1065.7156362306198,905.6425302728458,162.79382866244305,0.0025529537262791724,0.0,1068.4363589352888,0.06843635893528877,-0.003687617764418616,84.76335747084933,15.236642529150663,1072.390926767237
2012-03-26,1068.4363589352888,928.1868004502688,155.73376061794679,0.014492395362094346,0.07987506011617518,1083.9205610682156,0.08392056106821566,0.0,85.63236401157761,14.367635988422384,1083.9205610682156
2012-03-27,1083.9205610682156,974.3269633649546,108.26949096108729,-0.0012215902066371465,0.12256514573425578,1082.596454326042,0.08259645432604201,-0.0012215902066371465,89.99909056339102,10.000909436608973,1083.9205610682156
2012-03-28,1082.596454326042,972.7612027384337,108.26949096108729,-0.0014463012697523148,0.0,1081.030693699521,0.08103069369952087,-0.0026661246889224666,89.98460528529807,10.015394714701916,1083.9205610682156
2012-03-29,1081.030693699521,970.0436867259505,108.26949096108729,-0.0025138194764695587,0.0,1078.3131776870378,0.07831317768703783,-0.005173242009222312,89.95936494133147,10.04063505866852,1083.9205610682156
2012-03-30,1078.3131776870378,972.9885494877543,108.26949096108729,0.002730990238031472,0.0,1081.2580404488417,0.08125804044884166,-0.002456379844616996,89.98671113547108,10.013288864528903,1083.9205610682156
2012-04-02,1081.2580404488417,976.4732241554013,108.07181480674699,0.0030399760189918634,0.05398923813727875,1084.5450389621483,0.08454503896214827,0.0,90.03528567977538,9.96471432022463,1084.5450389621483
2012-04-03,1084.5450389621483,905.8181909614425,173.41502704468448,-0.0048977412326780545,0.11217918925924666,1079.233218006127,0.07923321800612682,-0.0048977412326780545,83.93164478711404,16.06835521288597,1084.5450389621483
2012-04-04,1079.233218006127,840.1936433355405,224.7265063234026,-0.013262257043595405,0.1137474278738614,1064.920149658943,0.0649201496589431,-0.018095043173112724,78.89733738296016,21.10266261703985,1084.5450389621483
2012-04-05,1064.920149658943,731.296473157947,332.67635349915406,-0.0008895718633414873,0.11119326926572712,1063.972826657101,0.06397282665710091,-0.018968518195181416,68.73262689006911,31.267373109930897,1084.5450389621483
2012-04-06,1063.972826657101,723.5015221268287,340.38023749109857,-8.559150844078545e-05,0.09106703917368913,1063.8817596179274,0.0638817596179273,-0.01905248615953703,68.00582072077826,31.99417927922174,1084.5450389621483
2012-04-09,1063.8817596179274,672.9276122445882,382.9548162664825,-0.007519003906721333,0.04261719597135515,1055.8824285110707,0.055882428511070614,-0.026428234348392032,63.73130133375761,36.2686986662424,1084.5450389621483
2012-04-10,1055.8824285110707,632.3711634704537,413.00241653224776,-0.009952669184189467,0.1689685373016185,1045.3735800027014,0.04537358000270131,-0.03611787205898975,60.492361349788425,39.50763865021158,1084.5450389621483
2012-04-11,1045.3735800027014,598.8731923195801,451.3183214953959,0.0046088153598276005,0.09299714213427589,1050.191513814976,0.050191513814975997,-0.03167551730267182,57.02514107584861,42.974858924151405,1084.5450389621483
2012-04-12,1050.191513814976,606.1579913023925,451.3183214953959,0.006936638591135802,0.0,1057.4763127977883,0.0574763127977882,-0.024958600327251834,57.32118856626367,42.678811433736335,1084.5450389621483
2012-04-13,1057.4763127977883,628.2956824510455,418.451386218703,-0.010146084596120208,0.13298759708820207,1046.7470686697486,0.04674706866974865,-0.034851452853051024,60.02363906779418,39.97636093220582,1084.5450389621483
2012-04-16,1046.7470686697486,548.522374690255,498.2559905706507,2.9898904992275988e-05,0.1949945101819962,1046.7783652609057,0.04677836526090573,-0.03482259596833637,52.40100415655207,47.59899584344793,1084.5450389621483
2012-04-17,1046.7783652609057,579.1317694849087,475.7384658997439,0.00773026114437303,0.06988194612223719,1054.8702353846525,0.05487023538465241,-0.027361522584523623,54.900759359631714,45.0992406403683,1084.5450389621483
2012-04-18,1054.8702353846525,611.9307247356862,439.399041431996,-0.0033563078170266714,0.13022331160924303,1051.3297661676822,0.051329766167682145,-0.030625996709414016,58.20540276019219,41.79459723980781,1084.5450389621483
2012-04-19,1051.3297661676822,593.0052736385536,453.8353398267332,-0.004269975840938356,0.14796829112965904,1046.8406134652869,0.046840613465286784,-0.034765200284298525,56.64714054946414,43.35285945053586,1084.5450389621483
2012-04-20,1046.8406134652869,547.9200472187443,499.5777011803211,0.0006277316005187661,0.05077342811126422,1047.4977483990656,0.04749774839906551,-0.034159291898596456,52.30751551076395,47.692484489236044,1084.5450389621483
2012-04-23,1047.4977483990656,540.3021860227404,500.9300568693681,-0.0059814023624708,0.04712714757632777,1041.2322428921086,0.041232242892108584,-0.03993637379180459,51.890650689226305,48.109349310773695,1084.5450389621483
2012-04-24,1041.2322428921086,521.901136866582,520.550993597862,0.0011715806734404755,0.06512784819229031,1042.452130464444,0.04245213046444407,-0.03881158180206601,50.064758046401536,49.93524195359846,1084.5450389621483
2012-04-25,1042.452130464444,573.2618271165234,475.8155508406172,0.006355445299675022,0.08650871923773615,1049.0773779571405,0.04907737795714051,-0.0327028013875279,54.64437982952518,45.35562017047482,1084.5450389621483
2012-04-26,1049.0773779571405,597.5382221577968,456.0903392116602,0.004338272379087016,0.030259900140000316,1053.628561369457,0.05362856136945693,-0.028506402668419084,56.712416886378314,43.28758311362169,1084.5450389621483
2012-04-27,1053.628561369457,664.034239672054,389.3123888609271,-0.00026758275811100685,0.07207947126351492,1053.3466285329812,0.05334662853298111,-0.02876635760468027,63.04042958744445,36.95957041255555,1084.5450389621483
2012-04-30,1053.3466285329812,651.2089783538505,400.1343579171273,-0.0019018357373900008,0.1373609254055634,1051.343336270978,0.05134333627097787,-0.030613484455143114,61.940657812473646,38.059342187526354,1084.5450389621483
2012-05-01,1051.343336270978,676.3517870172373,378.4574888901143,0.003296677228836531,0.026112167437745415,1054.8092759073515,0.05480927590735152,-0.027417730003405194,64.1207659494117,35.879234050588295,1084.5450389621483
2012-05-02,1054.8092759073515,652.9298351230976,400.80091162795725,-0.001022487364238267,0.026613216836354165,1053.730746751055,0.05373074675105505,-0.028412183085158804,61.96363132956516,38.036368670434825,1084.5450389621483
2012-05-03,1053.730746751055,627.6509620059395,421.4678519048805,-0.004376765938030158,0.024446795541516003,1049.1188139108199,0.04911881391081985,-0.0326645955480368,59.82648997268796,40.173510027312055,1084.5450389621483
2012-05-04,1049.1188139108199,616.4418184995139,421.4678519048805,-0.010684341332742653,0.0,1037.9096704043945,0.037909670404394635,-0.04299993719244832,59.392626938270396,40.60737306172959,1084.5450389621483
2012-05-07,1037.9096704043945,629.0166672698199,410.7503723363394,0.0017895287564293483,0.0888721987335203,1039.7670396061594,0.03976703960615935,-0.04128735806014938,60.495922962520275,39.50407703747971,1084.5450389621483
2012-05-08,1039.7670396061594,605.9281576397085,429.4038294908777,-0.0042654289919145105,0.06516512905774201,1035.3319871305862,0.03533198713058616,-0.04537667875799456,58.52501083435404,41.474989165645965,1084.5450389621483
2012-05-09,1035.3319871305862,582.431507320956,450.1176468930479,-0.002687865294585201,0.026695337641872353,1032.549154214004,0.03254915421400395,-0.0479425776525626,56.40714584327115,43.59285415672884,1084.5450389621483
2012-05-10,1032.549154214004,635.9313206477368,398.8437172781578,0.002155716948492481,0.09572866816188857,1034.7750379258946,0.03477503792589465,-0.04589021133127025,61.455997423594496,38.544002576405504,1084.5450389621483
2012-05-11,1034.7750379258946,637.3270195723675,394.0579982203213,-0.0032760938454804434,0.14201622763860808,1031.3850177926888,0.031385017792688874,-0.04901596453784052,61.793317585351225,38.20668241464877,1084.5450389621483
2012-05-14,1031.3850177926888,660.8507018730947,360.9027613732761,-0.009338466605740336,0.08199485416490324,1021.7534632463709,0.021753463246370952,-0.05789669719559609,64.6780975689971,35.3219024310029,1084.5450389621483
2012-05-15,1021.7534632463709,649.926825411737,368.8293654021192,-0.0029334595284772336,0.13716299240359758,1018.7561908138562,0.018756190813856266,-0.060660319106017546,63.796110519095684,36.20388948090432,1084.5450389621483
2012-05-16,1018.7561908138562,598.9229533362854,419.32154053793755,-0.0005022761522797126,0.1663027383561378,1018.244493874223,0.018244493874223,-0.06113212702662063,58.81916935857906,41.18083064142093,1084.5450389621483
2012-05-17,1018.244493874223,597.4089441382257,413.5391618481926,-0.007165654154478562,0.12266378821056448,1010.9481059864183,0.010948105986418266,-0.06785972950109875,59.09392782879912,40.906072171200876,1084.5450389621483
2012-05-18,1010.9481059864183,534.5584227166006,471.6569460370744,-0.004681483851364909,0.11883675658743022,1006.215368753675,0.00621536875367501,-0.07222352912464625,53.12564678660383,46.874353213396176,1084.5450389621483
2012-05-21,1006.215368753675,549.7174223123965,464.26607460919143,0.007720144622253899,0.1410186617354824,1013.9834969215879,0.013983496921587957,-0.06506096059236421,54.213645880955255,45.786354119044745,1084.5450389621483
2012-05-22,1013.9834969215879,541.3081668836153,470.6991127719955,-0.0019489639347946008,0.07893937017023074,1012.0072796556108,0.01200727965561077,-0.0668831230614012,53.488564535605335,46.511435464394665,1084.5450389621483
2012-05-23,1012.0072796556108,539.9868015710774,472.20102573624075,0.0001784054871314389,0.06903810304433032,1012.1878273073182,0.012187827307318155,-0.06671664989042048,53.34847811868892,46.651521881311076,1084.5450389621483
2012-05-24,1012.1878273073182,537.5492190631202,474.3975202927846,-0.0002381849938413172,0.065523757520772,1011.9467393559048,0.011946739355904734,-0.06693894397941846,53.12030743883472,46.879692561165264,1084.5450389621483
2012-05-25,1011.9467393559048,566.5533907793161,442.6289292206655,-0.002731783451056513,0.09776924754287873,1009.1823199999817,0.009182319999981647,-0.06948786473108082,56.13984505587914,43.86015494412086,1084.5450389621483
2012-05-28,1009.1823199999817,576.675611428561,432.3723456197757,-0.00013314041376089047,0.1343629516450914,1009.0479570483367,0.009047957048336608,-0.06961175350178017,57.15046617957093,42.84953382042907,1084.5450389621483
2012-05-29,1009.0479570483367,583.1083307261532,432.3723456197757,0.006375038225546081,0.0,1015.4806763459289,0.015480676345928979,-0.06368049286575528,57.42190317440509,42.578096825594905,1084.5450389621483
2012-05-30,1015.4806763459289,564.4632004099934,444.1339603665191,-0.006778578588206963,0.13883553482480926,1008.5971607765125,0.008597160776512514,-0.07002740822853593,55.96517840437076,44.03482159562924,1084.5450389621483
2012-05-31,1008.5971607765125,540.29802188458,468.12291876778954,-0.00017471804501945076,0.154334449877054,1008.4209406523695,0.008420940652369424,-0.07018989122169195,53.578619810795416,46.421380189204584,1084.5450389621483
2012-06-01,1008.4209406523695,568.9614192257253,426.5282585993971,-0.01282327875785838,0.11137013814377543,995.4896778251224,-0.004510322174877568,-0.08211310543843076,57.15392453578757,42.846075464212426,1084.5450389621483
2012-06-04,995.4896778251224,545.0002320376902,452.3113727565564,0.0018301816781312041,0.18393534577199466,997.3116047942467,-0.002688395205753258,-0.08043320566140744,54.646935763885764,45.353064236114236,1084.5450389621483
2012-06-05,997.3116047942467,548.5997000006386,448.6964604073489,-1.5486018797861156e-05,0.0937617500620934,997.2961604079875,-0.0027038395920124803,-0.08044744609007048,55.00870471377428,44.991295286225714,1084.5450389621483
2012-06-06,997.2961604079875,550.4587962430153,456.91945988047996,0.01010942999257436,0.1746136398476433,1007.3782561234952,0.007378256123495186,-0.07115129392182507,54.64271170208126,45.357288297918736,1084.5450389621483
2012-06-07,1007.3782561234952,580.432139056043,426.0811289203466,-0.0008586527869226535,0.11736405497834698,1006.5132679763896,0.006513267976389514,-0.07194885245192861,57.66760931259364,42.33239068740636,1084.5450389621483
2012-06-08,1006.5132679763896,655.1459821224697,359.3312189103213,0.007912397491205647,0.13780536696068174,1014.4772010327911,0.014477201032791154,-0.0646057428803587,64.57966541342641,35.42033458657358,1084.5450389621483
2012-06-11,1014.4772010327911,635.2843333408564,371.8946981438195,-0.00719402027042626,0.08027556820388818,1007.1790314846759,0.007179031484675802,-0.07133498812691774,63.07561153297523,36.92438846702478,1084.5450389621483
2012-06-12,1007.1790314846759,618.5655412923122,395.5718248756257,0.00690873664536551,0.10565177906847649,1014.1373661679379,0.014137366167937815,-0.06491908612812136,60.99425599804591,39.0057440019541,1084.5450389621483
2012-06-13,1014.1373661679379,571.6255904723341,439.3480284812313,-0.003119643669503236,0.1114968582083432,1010.9736189535654,0.010973618953565412,-0.06783620538155499,56.54208772173601,43.457912278264,1084.5450389621483
2012-06-14,1010.9736189535654,579.9728026216133,438.0192388642529,0.0069422410246129385,0.06932934895880424,1017.9920414858661,0.017992041485866084,-0.06136489964489611,56.97223347395547,43.02776652604453,1084.5450389621483
2012-06-15,1017.9920414858661,636.1364973938735,389.0583055693624,0.007075459516222349,0.17394558699816132,1025.1948029632358,0.02519480296323584,-0.05472362499182837,62.050304542627075,37.949695457372925,1084.5450389621483
2012-06-18,1025.1948029632358,637.3647892192437,389.0583055693624,0.001198105786158754,0.0,1026.423094788606,0.02642309478860594,-0.05359108389741185,62.09571788235243,37.904282117647575,1084.5450389621483
2012-06-19,1026.423094788606,632.2179322934963,399.09740712567674,0.004766304124883991,0.06712973655890704,1031.3153394191731,0.031315339419173194,-0.04908021117676509,61.30209724695411,38.69790275304589,1084.5450389621483
2012-06-20,1031.3153394191731,634.6517769728174,399.09740712567674,0.0023599422856366292,0.0,1033.7491840984942,0.033749184098494256,-0.04683609535687239,61.39320705014928,38.606792949850714,1084.5450389621483
2012-06-21,1033.7491840984942,666.9743188831416,353.5401034143153,-0.012802681738103727,0.11093325095900947,1020.5144222974568,0.020514422297456703,-0.05903914947226663,65.35667740800764,34.64332259199237,1084.5450389621483
2012-06-22,1020.5144222974568,695.7516399270341,330.0375398070461,0.005168724048748574,0.128890936248814,1025.7891797340803,0.025789179734080347,-0.05417558249521304,67.82598741267644,32.17401258732356,1084.5450389621483
2012-06-25,1025.7891797340803,715.6729158347777,301.66826687442205,-0.008235607463777828,0.034433047366240206,1017.3411827091998,0.01734118270919982,-0.061965021127438846,70.34738473173046,29.65261526826954,1084.5450389621483
2012-06-26,1017.3411827091998,734.3539423414838,286.05196542278276,0.0030124850022343885,0.07524221417967786,1020.4059077642667,0.02040590776426665,-0.05913920482201396,71.96684542433418,28.033154575665808,1084.5450389621483
2012-06-27,1020.4059077642667,725.5885052669491,300.04529334040797,0.005123344350823178,0.07409129614107607,1025.6337986073572,0.02563379860735715,-0.054318850982127964,70.74537776077383,29.25462223922616,1084.5450389621483
2012-06-28,1025.6337986073572,699.050452466226,323.75255693835544,-0.0027600389209282428,0.13180051659953185,1022.8030094045814,0.022803009404581465,-0.056928967760205396,68.34653848673891,31.653461513261092,1084.5450389621483
2012-06-29,1022.8030094045814,698.071786756074,340.84874354314746,0.01575818681255403,0.08559292504631523,1038.9205302992214,0.03892053029922127,-0.04206787825666247,67.1920292647428,32.8079707352572,1084.5450389621483
2012-07-02,1038.9205302992214,764.1121116666237,273.25787583445,-0.0014924556334459105,0.14226371797672085,1037.3699875010736,0.037369987501073565,-0.043497549448217154,73.65859055815733,26.34140944184267,1084.5450389621483
2012-07-03,1037.3699875010736,850.0147632800171,190.9541822735337,0.0034693099818192685,0.14028910824307197,1040.9689455535508,0.040968945553550906,-0.04017914594888328,81.6561115401967,18.343888459803278,1084.5450389621483
2012-07-04,1040.9689455535508,896.3899253377799,144.47819838752045,-9.68538290033738e-05,0.10082182825046375,1040.8681237253004,0.040868123725300354,-0.04027210827375538,86.11945210979962,13.88054789020038,1084.5450389621483
2012-07-05,1040.8681237253004,919.4414619424791,115.62301952623496,-0.005575770959163284,0.028994221020682324,1035.0644814687141,0.035064481468714215,-0.04562333118114159,88.82938970505772,11.170610294942266,1084.5450389621483
2012-07-06,1035.0644814687141,945.0742744334513,81.53833348243941,-0.008165552682119381,0.17728347561702953,1026.6126079158907,0.026612607915890818,-0.053416344148967565,92.05753632346585,7.942463676534134,1084.5450389621483
2012-07-09,1026.6126079158907,935.6695241426976,90.38305861818712,-0.0005455077705922573,0.20040678615619198,1026.0525827608847,0.026052582760884624,-0.0539327128887499,91.19118648139982,8.80881351860018,1084.5450389621483
2012-07-10,1026.0525827608847,819.7664680450648,199.3440943386556,-0.0067657549854655,0.16613008707203417,1019.1105623837204,0.019110562383720442,-0.060333572353108655,80.43940454582417,19.560595454175814,1084.5450389621483
2012-07-11,1019.1105623837204,749.4247206120828,269.623853315947,-6.082603593637881e-05,0.1407073150377723,1019.0485739280298,0.01904857392802972,-0.06039072853700489,73.54160928005095,26.458390719949048,1084.5450389621483
2012-07-12,1019.0485739280298,835.7934371042769,179.73731171375815,-0.0034520681349220483,0.09478956765892023,1015.530748818035,0.015530748818034956,-0.06363432376229972,82.3011452954081,17.698854704591902,1084.5450389621483
2012-07-13,1015.530748818035,790.7723771757262,236.7343864314229,0.011792862799135273,0.22278829278534862,1027.5067636071492,0.0275067636071491,-0.052591891812608926,76.96030869905451,23.039691300945492,1084.5450389621483
2012-07-16,1027.5067636071492,943.1352835930727,85.28021248810566,0.0008844053452641276,0.34535114582357357,1028.4154960811784,0.028415496081178437,-0.05175399901758149,91.70761109560584,8.292388904394148,1084.5450389621483
2012-07-17,1028.4154960811784,918.6437552776988,114.23293474049878,0.00433792951780565,0.035453712965578574,1032.8766900181977,0.032876690018197596,-0.04764057469977867,88.94031244538144,11.059687554618565,1084.5450389621483
2012-07-18,1032.8766900181977,917.5597403421527,114.23293474049878,-0.0010495105040341235,0.0,1031.7926750826516,0.0317926750826516,-0.048640085920247156,88.92869299238355,11.071307007616445,1084.5450389621483
2012-07-19,1031.7926750826516,898.4039006267768,135.6303962626362,0.002172550611082791,0.1317978271864395,1034.034296889413,0.034034296889413174,-0.04657320835755352,86.88337546727026,13.116624532729737,1084.5450389621483
2012-07-20,1034.034296889413,863.678409190658,163.18210619548523,-0.006937663020317619,0.08646699758008257,1026.8605153861433,0.026860515386143424,-0.05318776215251142,84.10863951331093,15.891360486689063,1084.5450389621483
2012-07-23,1026.8605153861433,775.8767308703762,243.06422925028207,-0.007712396325324722,0.13957702538349503,1018.9409601206582,0.018940960120658268,-0.060489953376458794,76.14540598883181,23.854594011168178,1084.5450389621483
2012-07-24,1018.9409601206582,684.4100498966307,329.3989423985337,-0.005036570347398905,0.2584270522674976,1013.8089922951643,0.013808992295164302,-0.06522186181836631,67.5087768108264,32.49122318917361,1084.5450389621483
2012-07-25,1013.8089922951643,653.340307391101,357.7241337955409,-0.002707167848559955,0.0908046615758538,1011.064441186642,0.011064441186641849,-0.06775246313958838,64.61905698357903,35.38094301642097,1084.5450389621483
2012-07-26,1011.064441186642,706.7125142589533,315.8059606345419,0.011328688103609208,0.15167723628366012,1022.5184748934953,0.022518474893495233,-0.057191321559138864,69.11488952144008,30.885110478559913,1084.5450389621483
2012-07-27,1022.5184748934953,924.0728617133975,113.30857021471073,0.014535636665304219,0.30459366234432794,1037.3814319281082,0.03738143192810828,-0.04348699716442672,89.07744377069561,10.922556229304396,1084.5450389621483
2012-07-30,1037.3814319281082,931.723148622862,103.5496442882204,-0.002032655445843634,0.18849890459035057,1035.2727929110824,0.03527279291108254,-0.04543125852866081,89.99783970009979,10.002160299900211,1084.5450389621483
2012-07-31,1035.2727929110824,944.8342732653963,86.10247597170533,-0.004188310273071427,0.17025677088495383,1030.9367492371016,0.030936749237101546,-0.04942928859491802,91.64813204734223,8.351867952657773,1084.5450389621483
2012-08-01,1030.9367492371016,1000.0923098183811,28.57623163394736,-0.002200142527125748,0.06090028930556504,1028.6685414523283,0.028668541452328222,-0.05152067964212048,97.2220175418603,2.7779824581397166,1084.5450389621483
2012-08-02,1028.6685414523283,941.4370695259852,81.10389943294248,-0.0059567997333226375,0.10677489224135918,1022.5409689589277,0.022540968958927765,-0.05717058100469041,92.0683960941422,7.9316039058577985,1084.5450389621483
2012-08-03,1022.5409689589277,918.0910185690922,120.0829480324453,0.015288382683117385,0.21598949213443752,1038.1739666015374,0.03817396660153727,-0.04275624404218892,88.43325378062245,11.566746219377553,1084.5450389621483
2012-08-06,1038.1739666015374,909.7372110487685,129.52146851734238,0.0010448277451267085,0.2502773078496752,1039.258679566111,0.039258679566110954,-0.04175608920711493,87.53712900705169,12.462870992948302,1084.5450389621483
2012-08-07,1039.258679566111,892.8099861257843,148.3476045780651,0.0018271785216472658,0.11792107423649349,1041.1575907038496,0.0411575907038495,-0.04000520651481487,85.7516666158311,14.248333384168891,1084.5450389621483
2012-08-08,1041.1575907038496,900.6176149841642,141.8436597431145,0.0012521486036978224,0.1323753528649576,1042.4612747272788,0.042461274727278786,-0.03880315037459525,86.39338811120608,13.606611888793912,1084.5450389621483
2012-08-09,1042.4612747272788,878.2988007142764,165.81856163553277,0.001588632271221302,0.027550252897857164,1044.1173623498091,0.04411736234980923,-0.037276162040283944,84.11878131569861,15.881218684301393,1084.5450389621483
2012-08-10,1044.1173623498091,949.6951603129187,94.84368447098807,0.00040367342723723887,0.07607574263086574,1044.5388447839068,0.044538844783906795,-0.03688753600913175,90.92004237615411,9.079957623845884,1084.5450389621483
2012-08-13,1044.5388447839068,973.9161187729193,71.19178730184316,0.0005447966762532896,0.02677029705946847,1045.1079060747625,0.04510790607476256,-0.0363628355398915,93.18809216847026,6.811907831529735,1084.5450389621483
2012-08-14,1045.1079060747625,974.8944208595682,71.19178730184316,0.0009360775867854887,0.0,1046.0862081614114,0.04608620816141129,-0.0354607963884469,93.19446267942209,6.805537320577909,1084.5450389621483
2012-08-15,1046.0862081614114,952.4274094588475,95.06963082186263,0.0013486767230956875,0.029115374629264675,1047.49704028071,0.04749704028071,-0.0341599448160228,90.92411461168561,9.075885388314386,1084.5450389621483
2012-08-16,1047.49704028071,910.1296188610684,142.7897043225732,0.0051764183519587,0.05080117025086395,1052.9193231836416,0.052919323183641565,-0.029160352629311492,86.43868517002522,13.561314829974771,1084.5450389621483
2012-08-17,1052.9193231836416,846.9792353560179,205.8969591847086,-4.096101378858741e-05,0.10899535122134113,1052.8761945407264,0.05287619454072634,-0.029200119205494035,80.4443333174113,19.555666682588697,1084.5450389621483
2012-08-20,1052.8761945407264,847.7003958830323,205.8969591847086,0.00068494333023561,0.0,1053.5973550677409,0.05359735506774088,-0.0285351763021503,80.45771867266406,19.542281327335953,1084.5450389621483
2012-08-21,1053.5973550677409,940.1594040970625,109.58907672666645,-0.0036530788782822565,0.16064775955670932,1049.7484808237289,0.04974848082372896,-0.03208401393059512,89.5604443608556,10.439555639144418,1084.5450389621483
2012-08-22,1049.7484808237289,918.712696445408,131.14888350181914,0.000107739259036288,0.06967660114706149,1049.8615799472273,0.049861579947227286,-0.03197973137944665,87.50798333734514,12.492016662654855,1084.5450389621483
2012-08-23,1049.8615799472273,927.440644908785,114.012149733627,-0.008009422828138768,0.10323939107159905,1041.452794642412,0.04145279464241214,-0.03973301501703719,89.05258593378937,10.947414066210618,1084.5450389621483
2012-08-24,1041.452794642412,858.7565309514589,189.16933799403836,0.0062154274647732155,0.18571557730916446,1047.9258689454973,0.04792586894549733,-0.03376454522505912,81.94821374298212,18.05178625701787,1084.5450389621483
2012-08-27,1047.9258689454973,879.9271793121117,166.68834625714084,-0.0012504160981954282,0.027132893279212738,1046.6155255692524,0.046615525569252414,-0.03497274159235686,84.0735836431932,15.926416356806797,1084.5450389621483
2012-08-28,1046.6155255692524,903.1528532918591,142.69093774570092,-0.000737362013880527,0.029361195560695504,1045.84379103756,0.0458437910375602,-0.035684316035065944,86.35638142440561,13.64361857559437,1084.5450389621483
2012-08-29,1045.84379103756,880.8968645789545,166.35689284883173,0.001348161553674565,0.027346634416443673,1047.2537574277862,0.04725375742778626,-0.03438426270433892,84.11493951022631,15.885060489773695,1084.5450389621483
2012-08-30,1047.2537574277862,873.9120188465231,166.51066725813962,-0.006522842505623183,0.09788505991718403,1040.4226861046627,0.04042268610466282,-0.04068282207966978,83.99586346184408,16.004136538155922,1084.5450389621483
2012-08-31,1040.4226861046627,758.6800602390258,285.88260738473014,0.0039791342253341355,0.233631294052068,1044.562667623756,0.04456266762375605,-0.0368655702640559,72.63135891740455,27.368641082595442,1084.5450389621483
2012-09-03,1044.562667623756,830.9021219734423,213.46260288409425,-0.00018949822002523042,0.19794276621941287,1044.3647248575364,0.04436472485753651,-0.03704808252413594,79.5605311244869,20.439468875513107,1084.5450389621483
2012-09-04,1044.3647248575364,805.1998270044753,237.33172626940205,-0.0017552982593406208,0.02389301640170952,1042.5315532738773,0.042531553273877254,-0.03873835034870998,77.23505580966776,22.764944190332244,1084.5450389621483
2012-09-05,1042.5315532738773,810.2771594454355,234.42729397030686,0.002084253598887642,0.1423055163154696,1044.7044534157424,0.04470445341574236,-0.036734837295951506,77.56041977194329,22.43958022805671,1084.5450389621483
2012-09-06,1044.7044534157424,815.1821562138033,248.5318244008088,0.01819608132875916,0.20733117436802104,1063.7139806146122,0.06371398061461209,-0.01920718605422811,76.63546508458904,23.364534915410957,1084.5450389621483
2012-09-07,1063.7139806146122,973.5419713655709,96.48526678058364,0.005935108164973668,0.21600418438104446,1070.0272381461546,0.07002723814615464,-0.01338607461603114,90.98291488843346,9.01708511156655,1084.5450389621483
2012-09-10,1070.0272381461546,965.480537383363,96.48526678058364,-0.007533858667163051,0.0,1061.9658041639466,0.06196580416394659,-0.020819084488928996,90.91446575753504,9.08553424246495,1084.5450389621483
2012-09-11,1061.9658041639466,965.479775503237,101.00958247964194,0.004259604029805297,0.1300179169244496,1066.4893579828788,0.0664893579828787,-0.016648161515309456,90.52877727062481,9.471222729375189,1084.5450389621483
2012-09-12,1066.4893579828788,967.4721692899542,101.5118230318375,0.0023391085154671476,0.058592014151014525,1068.9839923217917,0.06898399232179164,-0.014347994856209634,90.50389680659691,9.496103193403089,1084.5450389621483
2012-09-13,1068.9839923217917,984.4323827962091,101.75340517563302,0.016091724266786178,0.05459409310901567,1086.1857879718423,0.08618578797184218,0.0,90.63204413992287,9.367955860077117,1086.1857879718423
2012-09-14,1086.1857879718423,1037.5888858727126,51.664988824014365,0.0028246426705818006,0.05814393654974633,1089.253874696727,0.08925387469672708,0.0,95.25684599116995,4.743154008830041,1089.253874696727
2012-09-17,1089.253874696727,1007.7256788688495,77.77382729011609,-0.0034467341590193046,0.030020902507397203,1085.4995061589657,0.08549950615896562,-0.0034467341590193046,92.83520380720222,7.164796192797763,1089.253874696727
2012-09-18,1085.4995061589657,986.1803946704446,98.56519138893682,-0.0006945374874025578,0.11658189824183925,1084.7455860593814,0.08474558605938132,-0.004138877760339277,90.9135199390854,9.086480060914592,1089.253874696727
2012-09-19,1084.7455860593814,987.6003695801024,98.56519138893682,0.0013090395830199775,0.0,1086.1655609690392,0.08616556096903927,-0.0028352561321369762,90.92539895105858,9.074601048941414,1089.253874696727
2012-09-20,1086.1655609690392,1013.100401812667,74.02395495809698,0.0008827344892701205,0.03278783524658914,1087.124356770764,0.08712435677076402,-0.0019550244212405143,93.19084753302919,6.809152466970805,1089.253874696727
2012-09-21,1087.124356770764,1059.0561022635818,25.786640560691605,-0.002098760764838281,0.09727269575532649,1084.8427428242735,0.08484274282427351,-0.0040496820575292025,97.62300658493977,2.376993415060215,1089.253874696727
2012-09-24,1084.8427428242735,1032.7628741362466,51.628607429429245,-0.00041596928364284746,0.030570800298085295,1084.3914815656758,0.08439148156567589,-0.004463966797827568,95.23893277408577,4.761067225914239,1089.253874696727
2012-09-25,1084.3914815656758,1023.023947493733,51.628607429429245,-0.00898100622152831,0.0,1074.6525549231621,0.07465255492316225,-0.013404882105771954,95.1957860991527,4.804213900847302,1089.253874696727
2012-09-26,1074.6525549231621,966.5676126383636,102.2897398101122,-0.0053926289461069254,0.05812256352240087,1068.8573524484757,0.06885735244847568,-0.018725223496616206,90.4299914693207,9.570008530679315,1089.253874696727
2012-09-27,1068.8573524484757,873.3641973781965,203.48781589844836,0.007479633095899496,0.10406075840423892,1076.8520132766448,0.07685201327664481,-0.011385648202110077,81.10345587047976,18.896544129520244,1089.253874696727
2012-09-28,1076.8520132766448,919.0783994918561,153.77934887867858,-0.0037092050317633074,0.056653017984971445,1072.8577483705346,0.0728577483705346,-0.015052621530272203,85.66638036475572,14.333619635244277,1089.253874696727
2012-10-01,1072.8577483705346,916.5780814018963,160.83644169213923,0.004247324242586448,0.09222056344098777,1077.4145230940355,0.07741452309403551,-0.01086923065202583,85.0719998436385,14.92800015636151,1089.253874696727
2012-10-02,1077.4145230940355,886.9457371417702,188.41067616565311,-0.0019102302247624436,0.1368653758030855,1075.3564133074233,0.07535641330742338,-0.012758698143876868,82.47923443482638,17.52076556517362,1089.253874696727
2012-10-03,1075.3564133074233,810.2827956314436,268.7568180368569,0.0034250973122007533,0.0822852899988183,1079.0396136683005,0.07903961366830048,-0.00937730061439579,75.0929609411473,24.9070390588527,1089.253874696727
2012-10-04,1079.0396136683005,733.1143638903806,350.60476920887254,0.004336744797574399,0.08310523332502807,1083.7191330992532,0.08371913309925327,-0.0050812227764760465,67.64800412758217,32.35199587241782,1089.253874696727
2012-10-05,1083.7191330992532,786.2568480637541,297.9114263212181,0.0004144443629361394,0.11133528107644311,1084.1682743849722,0.0841682743849721,-0.004668884297676534,72.52166168667705,27.478338313322947,1089.253874696727
2012-10-08,1084.1682743849722,917.7417022488546,162.48588296128912,-0.003634757876551764,0.13935819645667347,1080.2275852101438,0.08022758521014395,-0.008286671910252674,84.95818055510222,15.041819444897778,1089.253874696727
2012-10-09,1080.2275852101438,854.9346971448805,215.98811332685287,-0.00861371702204805,0.05740371517581994,1070.9228104717333,0.07092281047173343,-0.01682900988541125,79.83158905433046,20.168410945669535,1089.253874696727
2012-10-10,1070.9228104717333,745.0826178861622,321.1160581411276,-0.004411274461847081,0.16078500039234375,1066.1986760272898,0.0661986760272899,-0.021166046965732654,69.88215560934457,30.117844390655435,1089.253874696727
2012-10-11,1066.1986760272898,701.9666739637561,364.54753394353446,0.0002959409790082024,0.2046446973804808,1066.5142079072905,0.06651420790729046,-0.020876369887385393,65.81878316850106,34.18121683149895,1089.253874696727
2012-10-12,1066.5142079072905,699.1935728308305,364.54753394353446,-0.0026001539523481387,0.0,1063.7411067743649,0.06374110677436495,-0.023422242064060184,65.7296750476279,34.270324952372114,1089.253874696727
2012-10-15,1063.7411067743649,726.9036325673856,345.58165244183755,0.008220212774679547,0.13420725983103904,1072.4852850092232,0.07248528500922324,-0.015394565102807345,67.77749240271714,32.22250759728285,1089.253874696727
2012-10-16,1072.4852850092232,781.9920366468453,294.8736065565519,0.004084306102285051,0.05984682098445464,1076.8656432033972,0.07686564320339717,-0.011373135116713673,72.61741904223268,27.38258095776731,1089.253874696727
2012-10-17,1076.8656432033972,847.9867433848053,230.62475361902324,0.0016212364202072838,0.13216992456187665,1078.6114970038286,0.07861149700382852,-0.00977033723736953,78.61836682997968,21.381633170020308,1089.253874696727
2012-10-18,1078.6114970038286,793.2373406193728,282.388745430615,-0.002767827862148353,0.10474187991155477,1075.6260860499879,0.07562608604998777,-0.012511122487889659,73.7465696404195,26.253430359580506,1089.253874696727
2012-10-19,1075.6260860499879,820.9374514193069,241.92558557230825,-0.011865693128773502,0.09028378893902614,1062.863036991615,0.062863036991615,-0.024228362476525378,77.23831037938177,22.76168962061824,1089.253874696727
2012-10-22,1062.863036991615,726.5320546079174,335.4839816929448,-0.0007969048327715056,0.1569773570389379,1062.0160363008622,0.062016036300862165,-0.025005959610149175,68.41064821756568,31.589351782434328,1089.253874696727
2012-10-23,1062.0160363008622,769.782245651003,279.41711199999787,-0.012068253408398122,0.060792289702782075,1049.1993576510008,0.04919935765100081,-0.036772434761251915,73.3685395475679,26.631460452432098,1089.253874696727
2012-10-24,1049.1993576510008,670.4908914058286,378.71621326535916,7.383744691225047e-06,0.16133255305787272,1049.2071046711878,0.04920710467118794,-0.03676532253483067,63.90453213867195,36.09546786132805,1089.253874696727
2012-10-25,1049.2071046711878,608.1682394784291,441.60089380498505,0.0005356698498553136,0.1705186881466514,1049.7691332834142,0.04976913328341426,-0.03624934675977742,57.93352273334914,42.06647726665084,1089.253874696727
2012-10-26,1049.7691332834142,670.1194603862259,378.91211485116446,-0.0007025907150812749,0.1711832789574262,1049.0315752373904,0.049031575237390435,-0.036926469020397534,63.879817939186566,36.120182060813434,1089.253874696727
2012-10-29,1049.0315752373904,611.9350855551444,437.0336511906332,-5.990143013445692e-05,0.06283849161282738,1048.9687367457775,0.0489687367457774,-0.036984158502227804,58.33682779274763,41.66317220725238,1089.253874696727
2012-10-30,1048.9687367457775,641.0364502335307,407.9031153270222,-2.7809394315347902e-05,0.02917118522462288,1048.9395655605529,0.0489395655605529,-0.037010939389495956,61.112810621359394,38.8871893786406,1089.253874696727
2012-10-31,1048.9395655605529,611.1511336694683,437.0289972799071,-0.0007240022553365311,0.029155036989874816,1048.1801309493753,0.04818013094937523,-0.03770814564124236,58.30592620716119,41.69407379283882,1089.253874696727
2012-11-01,1048.1801309493753,644.7498641350791,407.53601792341215,0.003917028178541226,0.08958855690046162,1052.285882058491,0.05228588205849105,-0.03393882133173842,61.27135934522029,38.72864065477972,1089.253874696727
2012-11-02,1052.285882058491,696.4684494266755,350.64425065489337,-0.004916137396809295,0.11771003127039945,1047.1127000815688,0.04711270008156876,-0.038688110819795174,66.51322721732068,33.486772782679324,1089.253874696727
2012-11-05,1047.1127000815688,646.9226244111439,400.2523615720753,5.948347455397851e-05,0.11425904734813765,1047.1749859832194,0.04717498598321934,-0.0386309286484966,61.77789128564141,38.222108714358576,1089.253874696727
2012-11-06,1047.1749859832194,652.3450327975723,400.2646745091661,0.005189888410499499,0.12576130794710183,1052.6097073067385,0.05260970730673842,-0.0336415304468769,61.97406581654049,38.025934183459505,1089.253874696727
2012-11-07,1052.6097073067385,596.9309229092474,438.49057702386654,-0.01632913629269417,0.09680102060790484,1035.4214999331139,0.03542149993311394,-0.04942132960380918,57.651007145187535,42.34899285481247,1089.253874696727
2012-11-08,1035.4214999331139,512.1219399867128,517.5815561364603,-0.005522392388326969,0.12919383009661425,1029.7034961231732,0.029703496123173245,-0.05467079801771102,49.73489377426109,50.26510622573891,1089.253874696727
2012-11-09,1029.7034961231732,513.365825828067,514.7890402515429,-0.0015039572550679114,0.06270781004366,1028.15486607961,0.02815486607961004,-0.0560925327294598,49.9307879352406,50.069212064759405,1089.253874696727
2012-11-12,1028.15486607961,547.1167889143214,481.8478767102076,0.0007876240940305479,0.0997167646095883,1028.964665624529,0.02896466562452904,-0.05534908846570219,53.17158180375897,46.828418196241024,1089.253874696727
2012-11-13,1028.964665624529,575.7797742108006,450.1379853423863,-0.002961137707768513,0.03405586834514586,1025.917759553187,0.02591775955318698,-0.05814632990052426,56.1233850227495,43.87661497725049,1089.253874696727
2012-11-14,1025.917759553187,593.6908752331535,422.3437295757147,-0.009633476613781555,0.0929949461857715,1016.0346048088682,0.016034604808868202,-0.06721965520503181,58.43215107273201,41.56784892726799,1089.253874696727
2012-11-15,1016.0346048088682,580.0099797637776,435.11809733229626,-0.0008922212968964782,0.32530472864728444,1015.1280770960739,0.015128077096073778,-0.06805190169398434,57.1366306232986,42.86336937670139,1089.253874696727
2012-11-16,1015.1280770960739,544.2625440672019,471.1244584101566,0.0002550667123948358,0.18500595587780316,1015.3870024773585,0.015387002477358358,-0.06781419275642675,53.601488175375586,46.398511824624414,1089.253874696727
2012-11-19,1015.3870024773585,581.5455644412887,444.0683211657061,0.01007190667665081,0.16349241813819257,1025.6138856069947,0.025613885606994735,-0.058425304300571024,56.70219295998604,43.297807040013964,1089.253874696727
2012-11-20,1025.6138856069947,618.7596620204899,409.9864484349356,0.0030540000407432988,0.25910580786227944,1028.7461104554254,0.02874611045542541,-0.055549735141542045,60.14697462589339,39.85302537410662,1089.253874696727
2012-11-21,1028.7461104554254,620.5847216986255,409.9864484349356,0.001774062287659861,0.0,1030.571170133561,0.030571170133561143,-0.05387422154408639,60.21755116807685,39.78244883192315,1089.253874696727
2012-11-22,1030.571170133561,620.5847216986255,409.9864484349356,0.0,0.0,1030.571170133561,0.030571170133561143,-0.05387422154408639,60.21755116807685,39.78244883192315,1089.253874696727
2012-11-23,1030.571170133561,598.2168917742141,437.9609164139165,0.005440321073451937,0.03183089284699752,1036.1778081881307,0.03617780818813077,-0.048726993533416585,57.73303452814351,42.26696547185648,1089.253874696727
2012-11-26,1036.1778081881307,620.4319903716462,414.44082912029774,-0.0012594254440447816,0.030294154954529195,1034.872819491944,0.034872819491944096,-0.04992505096199351,59.95248678733667,40.04751321266332,1089.253874696727
2012-11-27,1034.872819491944,593.6348559175532,439.7914984736994,-0.0013977225736797605,0.029449810376793444,1033.4263543912525,0.03342635439125252,-0.051252992164951605,57.44336337031372,42.55663662968629,1089.253874696727
2012-11-28,1033.4263543912525,627.2508842810614,413.3403418141925,0.0069331226879945085,0.03019994230846368,1040.591226095254,0.040591226095253896,-0.044675212759763605,60.278317609382185,39.721682390617815,1089.253874696727
2012-11-29,1040.591226095254,652.8516524173111,390.18876526375533,0.002353653888667706,0.03294452196492451,1043.0404176810664,0.04304041768106637,-0.04242670885933508,62.59121327903666,37.40878672096334,1089.253874696727
2012-11-30,1043.0404176810664,628.080309251874,417.18636249018573,0.002134389064177178,0.029804582240783258,1045.2666717420598,0.04526667174205978,-0.04038287489857617,60.08804511150292,39.91195488849708,1089.253874696727
2012-12-03,1045.2666717420598,623.7343281455826,417.18636249018573,-0.004157772579745922,0.0,1040.9206906357683,0.04092069063576842,-0.044372744668377484,59.92140743831514,40.078592561684864,1089.253874696727
2012-12-04,1040.9206906357683,601.9177903539156,438.2060835357886,-0.000765492273554047,0.07631252137693721,1040.123873889704,0.040123873889704065,-0.04510426994873151,57.86981776535433,42.13018223464569,1089.253874696727
2012-12-05,1040.123873889704,679.2394612991183,363.9153555424869,0.0029140211353542167,0.12800031890950136,1043.1548168416052,0.04315481684160516,-0.04232168360930255,65.11396490078762,34.88603509921237,1089.253874696727
2012-12-06,1043.1548168416052,682.7316095582344,363.9153555424869,0.0033476797525502366,0.0,1046.6469651007212,0.046646965100721305,-0.039115683300064985,65.23036251220903,34.76963748779098,1089.253874696727
2012-12-07,1046.6469651007212,675.5439641755268,373.7427600723069,0.0025221103534738276,0.059727463664947994,1049.2867242478337,0.049286724247833646,-0.03669222701642538,64.38125524363046,35.61874475636953,1089.253874696727
2012-12-10,1049.2867242478337,700.2785830632034,349.733089691221,0.0006908964821892294,0.029151724723711046,1050.0116727544244,0.05001167275442442,-0.036026681064805555,66.69245697299823,33.30754302700178,1089.253874696727
2012-12-11,1050.0116727544244,754.5421705828584,299.94849339421427,0.0042656585053943985,0.05484167847842554,1054.4906639770727,0.054490663977072806,-0.031914700077916414,71.55513048707883,28.444869512921162,1089.253874696727
2012-12-12,1054.4906639770727,780.1550359572702,276.146059320351,0.0017168775053164609,0.030066959358552615,1056.3010952776212,0.05630109527762128,-0.03025261620325248,73.85725901876745,26.142740981232553,1089.253874696727
2012-12-13,1056.3010952776212,775.9195603522652,276.146059320351,-0.004009723765260098,0.0,1052.0656196726163,0.05206561967261636,-0.03414103533436108,73.75201183683934,26.247988163160645,1089.253874696727
2012-12-14,1052.0656196726163,801.3787047364096,250.40634634697,-0.00026668354519943094,0.0854678607958635,1051.7850510833796,0.051785051083379496,-0.034398614027220775,76.19225087017146,23.807749129828544,1089.253874696727
2012-12-17,1051.7850510833796,812.0890450735491,250.37125507768943,0.010149648977101355,0.053757085020014445,1062.4603001512385,0.06246030015123849,-0.02459809890779463,76.43476607624306,23.56523392375694,1089.253874696727
2012-12-18,1062.4603001512385,903.0937205163226,168.8748230303282,0.00894926934593121,0.15295199373239027,1071.9685435466508,0.07196854354665083,-0.015868964574387023,84.2462893107293,15.753710689270703,1089.253874696727
2012-12-19,1071.9685435466508,913.8621489752932,153.02660626447965,-0.004738747547639255,0.11175709932767924,1066.8887552397728,0.06688875523977278,-0.020532513105065875,85.6567420442923,14.343257955707708,1089.253874696727
2012-12-20,1066.8887552397728,894.4732824259379,177.78289258500394,0.005030908559874092,0.0318999549581844,1072.256175010942,0.07225617501094184,-0.01560490174112783,83.41973711802687,16.58026288197312,1089.253874696727
2012-12-21,1072.256175010942,959.0367242928813,102.03807866968829,-0.010427892428092611,0.08155704563965603,1061.0748029625697,0.06107480296256962,-0.025870067932513008,90.38351694104946,9.616483058950536,1089.253874696727
2012-12-24,1061.0748029625697,898.8849458106008,159.02259858164012,-0.002984953145137137,0.13862186274530974,1057.9075443922409,0.05790754439224077,-0.028777800137010034,84.9681950540397,15.031804945960308,1089.253874696727
2012-12-25,1057.9075443922409,925.6691013432107,132.2098820487096,-2.699763365132668e-05,0.028561000320526997,1057.8789833919204,0.057878983391920436,-0.02880402083815592,87.50236235672253,12.497637643277464,1089.253874696727
2012-12-26,1057.8789833919204,923.3624119074848,132.18195541199515,-0.002206883877166055,0.052917511994860306,1055.54436731948,0.05554436731947998,-0.03094733758613666,87.47736622879559,12.522633771204411,1089.253874696727
2012-12-27,1055.54436731948,885.0224280545161,166.55268633462734,-0.0037603847391241008,0.11221376844852589,1051.5751143891434,0.05157511438914342,-0.03459134842928535,84.1615987240838,15.8384012759162,1089.253874696727
2012-12-28,1051.5751143891434,820.8172211964738,221.326614150853,-0.008968716464249238,0.057620457387716754,1042.1438353473268,0.042143835347326686,-0.04324982489735629,78.76237361447434,21.237626385525665,1089.253874696727
2012-12-31,1042.1438353473268,706.4303894478727,347.19607998493547,0.01101828144639394,0.18519846417355962,1053.626469432808,0.05362646943280813,-0.03270808219418864,67.04751730735853,32.952482692641475,1089.253874696727
2013-01-01,1053.626469432808,816.5605138104264,236.8322462552389,-0.00022181425194134352,0.23370936714279225,1053.3927600656652,0.05339276006566518,-0.03292264132734557,77.51719441849254,22.482805581507463,1089.253874696727
2013-01-02,1053.3927600656652,810.9327540236728,263.321674072655,0.019804263729097826,0.026515943761177354,1074.254428096328,0.07425442809632798,-0.013770386269753021,75.48796009719187,24.512039902808112,1089.253874696727
2013-01-03,1074.254428096328,933.8112430229388,139.78167359938786,-0.000615786592728873,0.33846919578539636,1073.5929166223266,0.07359291662232659,-0.014377693243240341,86.98001156349275,13.019988436507251,1089.253874696727
2013-01-04,1073.5929166223266,977.9549995679942,102.07010019169215,0.005991268233769942,0.17684424852953334,1080.0250997596863,0.0800250997596863,-0.00847256562627352,90.54928443659286,9.450715563407138,1089.253874696727
2013-01-07,1080.0250997596863,959.5457032835668,117.19512563222013,-0.003040920849552542,0.198906950354583,1076.740828915787,0.07674082891578693,-0.011487722074363993,89.11575353279501,10.884246467204976,1089.253874696727
2013-01-08,1076.740828915787,909.4819466663748,161.24606508607798,-0.0055842752516301886,0.2650592512899729,1070.7280117524529,0.07072801175245291,-0.017007846723916642,84.94052053217813,15.059479467821872,1089.253874696727
2013-01-09,1070.7280117524529,937.3230735672652,133.75730743599095,0.00032909314684559376,0.08369403306559588,1071.0803810032562,0.07108038100325631,-0.016684350742870446,87.51192629345861,12.488073706541387,1089.253874696727
2013-01-10,1071.0803810032562,891.3139063789392,187.33175420412582,0.007063222998000107,0.10731247144392514,1078.6456605830651,0.07864566058306521,-0.009738973034744025,82.63268828218683,17.36731171781316,1089.253874696727
2013-01-11,1078.6456605830651,1024.184909468967,53.793426224476924,-0.0006186692386641601,0.13885680467634334,1077.9783356934438,0.07797833569344381,-0.010351617070375463,95.00978596291803,4.990214037081978,1089.253874696727
2013-01-14,1077.9783356934438,999.9483153810249,80.81683631263873,0.0025852244965824944,0.031538864369440076,1080.7651516936637,0.0807651516936636,-0.00779315382782253,92.52225738533566,7.477742614664335,1089.253874696727
2013-01-15,1080.7651516936637,1028.6585419847252,53.94919589953425,0.0017048904544232357,0.08906168514889644,1082.6077378842594,0.08260773788425935,-0.006101549846970311,95.01673653238733,4.983263467612672,1089.253874696727
2013-01-16,1082.6077378842594,1054.879343062331,27.033133038379148,-0.0006422102477375846,0.03206040872721938,1081.9124761007101,0.08191247610071017,-0.0067398416168691355,97.50135675153608,2.498643248463914,1089.253874696727
2013-01-17,1081.9124761007101,1029.075911002581,54.060717332828744,0.0011314706704479427,0.03490647220678353,1083.1366283354098,0.0831366283354098,-0.005615996879534069,95.00887368051522,4.991126319484786,1089.253874696727
2013-01-18,1083.1366283354098,1011.7566015334871,77.24362712332332,0.005413537099573373,0.1232749006345654,1089.0002286568104,0.08900022865681034,-0.0002328621874191361,92.90692278195417,7.09307721804584,1089.253874696727
2013-01-21,1089.0002286568104,959.3573442929043,129.5853906050763,-5.279499243149299e-05,0.05749375882979573,1088.9427348979805,0.08894273489798055,-0.0002856448858933325,88.09988932822839,11.90011067177162,1089.253874696727
2013-01-22,1088.9427348979805,960.4093570847906,129.5853906050763,0.0009660864232543531,0.0,1089.994747689867,0.08999474768986682,0.0,88.1113747676565,11.888625232343491,1089.994747689867
2013-01-23,1089.994747689867,921.1805071028581,173.26534201797958,0.004083598971833968,0.14291329631739044,1094.4458491208377,0.09444584912083775,0.0,84.16866927156215,15.831330728437838,1094.4458491208377
2013-01-24,1094.4458491208377,1022.3019027816384,99.36488521694952,0.02487189192559569,0.13019197585384334,1121.666787998588,0.12166678799858799,0.0,91.14131876952082,8.858681230479172,1121.666787998588
2013-01-25,1121.666787998588,1060.4564855104898,76.41459623222454,0.013555089538895615,0.06268476767899721,1136.8710817427143,0.13687108174271434,0.0,93.2785170227843,6.721482977215701,1136.8710817427143
2013-01-28,1136.8710817427143,1079.715773585493,54.054574929937765,-0.0027274273020739814,0.08214324828678758,1133.770348515431,0.1337703485154309,-0.0027274273020739814,95.23231710895267,4.767682891047319,1136.8710817427143
2013-01-29,1133.770348515431,1085.0862209882566,54.054574929937765,0.004736803542089163,0.0,1139.1407959181945,0.1391407959181945,0.0,95.25479421651582,4.745205783484169,1139.1407959181945
2013-01-30,1139.1407959181945,1057.9033574567036,77.54327020606273,-0.0032429426359456004,0.1254204247231999,1135.4466276627663,0.13544662766276638,-0.0032429426359456004,93.17068118246299,6.829318817537014,1139.1407959181945
2013-01-31,1135.4466276627663,1054.2872181494179,77.36225323561354,-0.0033441961825639854,0.054562286847784434,1131.6494713850313,0.13164947138503136,-0.006576293782126208,93.16376181920278,6.83623818079723,1139.1407959181945
2013-02-01,1131.6494713850313,1041.7220854940306,102.84833889168519,0.011417805007119863,0.02888577968113506,1144.5704243857158,0.14457042438571577,0.0,91.01424108989332,8.98575891010667,1144.5704243857158
2013-02-04,1144.5704243857158,1035.9158220835877,99.3853385274126,-0.008098465220862439,0.1425244626495979,1135.3011606110003,0.1353011606110004,-0.008098465220862439,91.24590531785195,8.754094682148043,1144.5704243857158
2013-02-05,1135.3011606110003,1009.8207312938331,134.95449562498976,0.00834498072980372,0.200404447748452,1144.775226918823,0.14477522691882294,0.0,88.21126694117748,11.788733058822517,1144.775226918823
2013-02-06,1144.775226918823,1073.9929043877794,74.43669616017374,0.0031922193485669492,0.22255776931464274,1148.4296005479532,0.1484296005479533,0.0,93.51839275784448,6.481607242155511,1148.4296005479532
2013-02-07,1148.4296005479532,1044.7373964451042,99.82923131856468,-0.0033637001192245997,0.03421220734422675,1144.566627763669,0.14456662776366902,-0.0033637001192245997,91.27798863805616,8.722011361943842,1148.4296005479532
2013-02-08,1144.566627763669,998.0584180216874,149.18804465250463,0.0023413533520186824,0.1032546210174633,1147.2464626741921,0.14724646267419206,-0.0010302223777552966,86.99599000682447,13.004009993175522,1148.4296005479532
2013-02-11,1147.2464626741921,1020.0128024398226,124.67024766917191,-0.0022344044184039458,0.03045479541421707,1144.6830501089946,0.14468305010899463,-0.0032623248627264845,89.1087539334752,10.891246066524793,1148.4296005479532
2013-02-12,1144.6830501089946,1021.4615919557767,124.36676651252304,0.0010005462727835646,0.05530415149809107,1145.8283584682997,0.14582835846829978,-0.002265042696924846,89.14612598009253,10.853874019907472,1148.4296005479532
2013-02-13,1145.8283584682997,1026.1046992917964,124.44041707036193,0.004116461125262871,0.10614363271419526,1150.5451163621583,0.15054511636215828,0.0,89.18422100092668,10.815778999073315,1150.5451163621583
2013-02-14,1150.5451163621583,994.4315792995498,156.77978030145007,0.000579067460603433,0.11273556611703892,1151.211359601,0.15121135960099985,0.0,86.38132094563515,13.61867905436484,1151.211359601
2013-02-15,1151.211359601,965.1055692691491,183.06596584089644,-0.0026405442107588772,0.08129591380813175,1148.1715351100456,0.14817153511004566,-0.0026405442107588772,84.0558696812362,15.944130318763792,1151.211359601
2013-02-18,1148.1715351100456,874.7973600838442,273.2166747251501,-0.0001371748874059442,0.15750030105134571,1148.0140348089942,0.14801403480899422,-0.0027773568818100225,76.20092904433807,23.79907095566194,1151.211359601
2013-02-19,1148.0140348089942,915.3566249313188,245.92090145638315,0.011553422847234263,0.08210600268705759,1161.277526387702,0.16127752638770199,0.0,78.8232445846644,21.176755415335617,1161.277526387702
2013-02-20,1161.277526387702,988.402351569246,158.1399375735607,-0.012688816333793373,0.216088752035025,1146.5422891428066,0.14654228914280654,-0.012688816333793373,86.20723028962226,13.792769710377751,1161.277526387702
2013-02-21,1146.5422891428066,979.5987498630192,156.28604222864158,-0.009295337077460664,0.06063356355922896,1135.8847920916608,0.13588479209166082,-0.021866206586317438,86.24103048858937,13.758969511410626,1161.277526387702
2013-02-22,1135.8847920916608,793.8260279132365,345.4652628380935,0.0029989825406468995,0.2388043202380231,1139.29129075133,0.13929129075132995,-0.018932800417453044,69.67717864232343,30.32282135767658,1161.277526387702
2013-02-25,1139.29129075133,923.6200325304014,197.98251305938476,-0.015526095306037768,0.1551027234551819,1121.6025455897861,0.12160254558978623,-0.03416494325979924,82.34824681542808,17.651753184571916,1161.277526387702
2013-02-26,1121.6025455897861,686.8051416529045,438.64260276211667,0.0034283078621339946,0.24534985997363423,1125.4477444150211,0.12544774441502105,-0.030853763341252116,61.02505825447171,38.9749417455283,1161.277526387702
2013-02-27,1125.4477444150211,641.2790325587578,492.2827537401351,0.007209612284654998,0.10063444143674771,1133.561786298893,0.13356178629889293,-0.023866594727810053,56.57204047540713,43.42795952459287,1161.277526387702
2013-02-28,1133.561786298893,942.6918709785833,188.61961745793343,-0.001985156777138175,0.3073469252155356,1131.3114884365168,0.13131148843651674,-0.025804372572677092,83.32734888791703,16.672651112082978,1161.277526387702
2013-03-01,1131.3114884365168,814.372046458793,319.5329513478951,0.002292480361669069,0.18551277546834113,1133.904997806688,0.13390499780668796,-0.02357104822837619,71.82013026082718,28.17986973917282,1161.277526387702
2013-03-04,1133.904997806688,933.6844440729872,203.8721181062833,0.003220344190779434,0.23078149892061134,1137.5565621792705,0.13755656217927048,-0.020426610925829647,82.07806759817588,17.921932401824126,1161.277526387702
2013-03-05,1137.5565621792705,932.3099809913882,213.16725304484982,0.006962881776879426,0.1246023637634618,1145.477234036238,0.14547723403623802,-0.013605957225929166,81.39052905541149,18.60947094458851,1161.277526387702
2013-03-06,1145.477234036238,1011.7962828222558,137.26683822986098,0.0031304742768594185,0.19042985448759567,1149.0631210521167,0.14906312105211672,-0.01051807604817745,88.05402107900085,11.945978920999165,1161.277526387702
2013-03-07,1149.0631210521167,992.4808214604548,160.8392206372802,0.003704688600327355,0.029616310016164177,1153.320042097735,0.15332004209773498,-0.00685235364428316,86.05424212131653,13.945757878683452,1161.277526387702
2013-03-08,1153.320042097735,1038.6024056310073,115.23644542953296,0.00044983954485133815,0.09555878024049239,1153.8388510605403,0.15383885106054018,-0.006405596559076354,90.01277818617265,9.987221813827334,1161.277526387702
2013-03-11,1153.8388510605403,1040.4622085357848,115.33359993244125,0.0016960404877051083,0.05028517361285243,1155.7958084682261,0.15579580846822605,-0.0047204202224832015,90.02128238505271,9.978717614947282,1161.277526387702
2013-03-12,1155.7958084682261,960.8637420826507,192.48371703786745,-0.0021183234354802405,0.1489177068369702,1153.3474591205181,0.15334745912051817,-0.006828744281180854,83.31086477750206,16.689135222497942,1161.277526387702
2013-03-13,1153.3474591205181,1039.286339236421,115.18665580033519,0.0009758862408182356,0.14809011171667652,1154.4729950367564,0.1544729950367565,-0.005859522117948823,90.02257685580008,9.977423144199909,1161.277526387702
2013-03-14,1154.4729950367564,1062.4324513767044,92.28667665042781,0.00021319943509645611,0.07116295251262483,1154.7191280271322,0.15471912802713228,-0.005647571929657924,92.00786802517925,7.992131974820752,1161.277526387702
2013-03-15,1154.7191280271322,1080.6745684291213,69.2481185171874,-0.0041537729517120425,0.035029164440557266,1149.9226869463087,0.14992268694630861,-0.00977788614984565,93.97801962659942,6.021980373400588,1161.277526387702
2013-03-18,1149.9226869463087,1071.2412494759685,71.7811498235288,-0.006000653544053103,0.08901811061551149,1143.0223992994972,0.14302239929949723,-0.01571986598672037,93.72005746628238,6.279942533717622,1161.277526387702
2013-03-19,1143.0223992994972,1046.4228152418043,95.22390460640707,-0.0012035454879352203,0.027962001884418202,1141.6467198482114,0.14164671984821142,-0.016904491900876284,91.65907430460908,8.340925695390922,1161.277526387702
2013-03-20,1141.6467198482114,932.8375264690998,213.93686702799997,0.004491471450616569,0.12189294353978047,1146.7743934970997,0.14677439349709975,-0.012488946493019681,81.34446773130351,18.655532268696497,1161.277526387702
2013-03-21,1146.7743934970997,1008.3919521975524,124.51325123616596,-0.012094087679344834,0.13613936134493754,1132.9052034337183,0.13290520343371837,-0.02443199175845534,89.00938482242124,10.990615177578777,1161.277526387702
2013-03-22,1132.9052034337183,940.8261823763743,196.95118014530863,0.004300588498664659,0.0758117562076061,1137.7773625216828,0.1377773625216827,-0.020236475202546456,82.68983136482862,17.31016863517139,1161.277526387702
2013-03-25,1137.7773625216828,953.83898027213,180.89864405796502,-0.0026716458700238865,0.11139088866630112,1134.737624330095,0.13473762433009506,-0.02285405637717164,84.05810821997196,15.941891780028051,1161.277526387702
2013-03-26,1134.737624330095,845.0098518240914,297.01417079012225,0.006421218551222463,0.17901653442656532,1142.0240226142137,0.14202402261421376,-0.01657958871672882,73.9923009578883,26.007699042111692,1161.277526387702
2013-03-27,1142.0240226142137,923.1134000359798,217.4432634988771,-0.0012848758435026753,0.08512176097311544,1140.5566635348569,0.14055666353485696,-0.017843161847194255,80.93533881736586,19.064661182634154,1161.277526387702
2013-03-28,1140.5566635348569,892.4062316404573,247.76782867071654,-0.00033545306069859837,0.17927209773063849,1140.174060311174,0.14017406031117385,-0.018172629364638704,78.26929788219385,21.730702117806143,1161.277526387702
2013-03-29,1140.174060311174,866.5322858364922,273.43725239140394,-0.00017937794797928674,0.20452208327774715,1139.969538227896,0.13996953822789604,-0.01834874754365312,76.01363516989522,23.986364830104783,1161.277526387702
2013-04-01,1139.969538227896,889.7673766394469,250.77035176347263,0.0004984257525924018,0.02294664666451798,1140.5377284029196,0.14053772840291967,-0.017859467279364383,78.01297181859795,21.987028181402042,1161.277526387702
2013-04-02,1140.5377284029196,931.0319785690017,213.7256923938725,0.0036999587605610618,0.1251316816750086,1144.7576709628743,0.14475767096287417,-0.014225587811222629,81.3300493357599,18.669950664240087,1161.277526387702
2013-04-03,1144.7576709628743,894.3654927209776,238.4170680826801,-0.010460825433162624,0.0741133679188116,1132.7825608036578,0.1327825608036579,-0.024537601853607982,78.95297152936975,21.047028470630234,1161.277526387702
2013-04-04,1132.7825608036578,781.9205179143954,353.8694808789325,0.0026549119784615716,0.12506937221058123,1135.7899987933279,0.13578999879332776,-0.02194783504823028,68.84375797859762,31.15624202140239,1161.277526387702
2013-04-05,1135.7899987933279,824.757659765839,307.5579973631715,-0.0030589648332952635,0.05179397668820915,1132.3156571290106,0.1323156571290105,-0.024939662225946013,72.83813966301715,27.16186033698286,1161.277526387702
2013-04-08,1132.3156571290106,865.7260143647561,270.68752101380096,0.003619024627758538,0.08361438661460288,1136.413535378557,0.13641353537855716,-0.021410894849991147,76.18054409008506,23.819455909914936,1161.277526387702
2013-04-09,1136.413535378557,855.4724796561537,284.0426174178344,0.002729254447323859,0.06076642680494495,1139.515097073988,0.13951509707398801,-0.018740076182657828,75.07337830387766,24.92662169612235,1161.277526387702
2013-04-10,1139.515097073988,866.0323244263546,284.0426174178344,0.009266963463069766,0.0,1150.074941844189,0.1500749418441889,-0.009646776320867967,75.30225143742709,24.697748562572908,1161.277526387702
2013-04-11,1150.074941844189,933.0782532782073,220.97497813323068,0.0034591568101376424,0.19327991372871775,1154.053231411438,0.154053231411438,-0.006220989222736506,80.85227161809752,19.147728381902485,1161.277526387702
2013-04-12,1154.053231411438,923.4922031426552,230.69087969626813,0.00011251771057962934,0.11976658601949156,1154.1830828389234,0.15418308283892346,-0.006109171483621778,80.01262684176223,19.987373158237766,1161.277526387702
2013-04-15,1154.1830828389234,885.8014564388372,253.89242223972224,-0.01255364454374519,0.02785598484093128,1139.6938786785595,0.13969387867855954,-0.018586123660104814,77.72275283832332,22.277247161676677,1161.277526387702
2013-04-16,1139.6938786785595,795.5704846785991,355.99701145617985,0.010418251495732056,0.15732563087010873,1151.567496134779,0.15156749613477905,-0.0083615070749945,69.08587532636349,30.914124673636508,1161.277526387702
2013-04-17,1151.567496134779,877.0509587044386,263.7996859892101,-0.00930631637060031,0.10119854167676441,1140.8506446936487,0.14085064469364883,-0.017590008615419928,76.87693062924569,23.123069370754305,1161.277526387702
2013-04-18,1140.8506446936487,778.1366961867119,356.4164178781538,-0.005520030740285176,0.09940858861142429,1134.5531140648657,0.1345531140648657,-0.023012941967426093,68.58530345915771,31.41469654084229,1161.277526387702
2013-04-19,1134.5531140648657,822.417442599033,320.5051934942979,0.007376932754147747,0.1293822196858387,1142.922636093331,0.1429226360933309,-0.015805774138647255,71.95740259464722,28.042597405352765,1161.277526387702
2013-04-22,1142.922636093331,839.0589173073166,311.65212997444496,0.006814469275936874,0.05404350555440612,1150.7110472817617,0.15071104728176166,-0.009099012824960617,72.91656052919302,27.083439470806976,1161.277526387702
2013-04-23,1150.7110472817617,852.2332493117486,313.76911217568886,0.013288578606938328,0.06117344660981752,1166.0023614874376,0.16600236148743752,0.0,73.09018210088166,26.909817899118327,1166.0023614874376
2013-04-24,1166.0023614874376,938.4387811054676,227.9203291527485,0.00030595887500894925,0.21056766001109706,1166.359110258216,0.16635911025821604,0.0,80.45882034545176,19.541179654548248,1166.359110258216
2013-04-25,1166.359110258216,927.5500935644652,242.88165621742982,0.0034917543729540146,0.10982508636529864,1170.431749781895,0.17043174978189501,0.0,79.24854172294201,20.751458277058,1170.431749781895
2013-04-26,1170.431749781895,940.0906471421038,228.9357728673087,-0.0012006934814817738,0.0617433943664533,1169.0264200094125,0.16902642000941248,-0.0012006934814817738,80.41654414743977,19.583455852560235,1170.431749781895
2013-04-29,1169.0264200094125,923.4120733302395,254.10345268071808,0.007261688749067741,0.032725582197714105,1177.5155260109577,0.17751552601095777,0.0,78.42037348403052,21.579626515969473,1177.5155260109577
2013-04-30,1177.5155260109577,920.5868862282736,255.9209686580901,-0.0008557603720161788,0.060667431248526756,1176.5078548863637,0.17650785488636367,-0.0008557603720161788,78.24740671342063,21.75259328657937,1177.5155260109577
2013-05-01,1176.5078548863637,830.8199356409001,339.1580586290973,-0.0055502057119686254,0.21920720350755668,1169.9779942699975,0.1699779942699975,-0.006401216437880053,71.01158651785468,28.988413482145315,1177.5155260109577
2013-05-02,1169.9779942699975,861.9108773715026,316.7170398296563,0.007393235576673041,0.15200028513468036,1178.6279172011589,0.1786279172011589,0.0,73.12832699722982,26.87167300277018,1178.6279172011589
2013-05-03,1178.6279172011589,924.4085502274986,259.1303588356182,0.004166702476910533,0.1677829486366926,1183.5389090631168,0.18353890906311676,0.0,78.10546346627976,21.894536533720252,1183.5389090631168
2013-05-06,1183.5389090631168,937.9111649478747,250.28382397799118,0.003934031933461979,0.08017601612964818,1188.1949889258658,0.18819498892586584,0.0,78.93579536097447,21.064204639025537,1188.1949889258658
2013-05-07,1188.1949889258658,899.8586178825576,285.96717143883666,-0.001993948490401687,0.07977033961252714,1185.8257893213943,0.18582578932139437,-0.001993948490401687,75.88455454300032,24.11544545699967,1188.1949889258658
2013-05-08,1185.8257893213943,926.4555553365641,263.48357080821256,0.0034687530499200037,0.033271263208482366,1189.9391261447768,0.1899391261447767,0.0,77.85739076738659,22.1426092326134,1189.9391261447768
2013-05-09,1189.9391261447768,958.3811183709181,242.36829282485488,0.009084737877323112,0.02671435278485745,1200.749411195773,0.20074941119577305,0.0,79.81524783064509,20.18475216935489,1200.749411195773
2013-05-10,1200.749411195773,943.3738818594659,266.7913973477448,0.007841659486687469,0.04180514020483051,1210.1652792072107,0.21016527920721062,0.0,77.954135527461,22.045864472538995,1210.1652792072107
2013-05-13,1210.1652792072107,952.1640801961366,266.7913973477448,0.007263634552818532,0.0,1218.9554775438814,0.21895547754388134,0.0,78.11311386980987,21.886886130190142,1218.9554775438814
2013-05-14,1218.9554775438814,932.7415164985688,293.4071599126215,0.005901116980747023,0.04508468127586274,1226.1486764111903,0.2261486764111904,0.0,76.07083336978403,23.929166630215985,1226.1486764111903
2013-05-15,1226.1486764111903,1047.7512147172142,188.48860907032798,0.008229954140543283,0.1496488390858346,1236.2398237875423,0.23623982378754227,0.0,84.75307092981002,15.246929070189966,1236.2398237875423
2013-05-16,1236.2398237875423,1070.0582786978234,166.38460433984335,0.00016425554833077172,0.03229501617181437,1236.442883037667,0.2364428830376668,0.0,86.54328423719232,13.456715762807672,1236.442883037667
2013-05-17,1236.442883037667,1031.7793583058447,213.9393931448619,0.007502059771860248,0.060336611657291185,1245.7187514507066,0.24571875145070665,0.0,82.82602771326047,17.17397228673952,1245.7187514507066
2013-05-20,1245.7187514507066,1081.8585301682995,161.35464117929286,-0.0020113529640589656,0.12741919394699602,1243.2131713475924,0.24321317134759246,-0.0020113529640589656,87.02116057824652,12.978839421753472,1245.7187514507066
2013-05-21,1243.2131713475924,1129.270921257416,115.0593579931306,0.0008985650479742535,0.05297268720206418,1244.3302792505465,0.2443302792505464,-0.001114595247557415,90.75331044243092,9.246689557569091,1245.7187514507066
2013-05-22,1244.3302792505465,1119.2168083463641,115.16293203709854,-0.007996702349055584,0.052834560174389734,1234.3797403834626,0.23437974038346265,-0.00910238451017864,90.6703805749985,9.329619425001495,1245.7187514507066
2013-05-23,1234.3797403834626,1097.148054587462,137.12012463633852,-9.037831391134343e-05,0.033179850712886635,1234.2681792238004,0.2342681792238004,-0.009191940165925394,88.8905728151746,11.109427184825412,1245.7187514507066
2013-05-24,1234.2681792238004,1091.3985817129267,147.94561162031943,0.004112569857093629,0.16656988653671628,1239.344193333246,0.23934419333324608,-0.005117172804886327,88.06258887432908,11.93741112567092,1245.7187514507066
2013-05-27,1239.344193333246,1140.1966578665865,99.0885612969152,-4.758498088064389e-05,0.058974169744315616,1239.2852191635018,0.23928521916350176,-0.0051645142851969306,92.00437802656934,7.995621973430655,1245.7187514507066
2013-05-28,1239.2852191635018,1077.3381874318877,173.4255193135042,0.009262183881800778,0.07441136938597484,1250.763706745392,0.25076370674539206,0.0,86.1344298384885,13.865570161511492,1250.763706745392
2013-05-29,1250.763706745392,1116.6030264051672,125.01099304551688,-0.007315280452545592,0.06537762902235786,1241.614019450684,0.24161401945068395,-0.007315280452545592,89.93157365436126,10.068426345638748,1250.763706745392
2013-05-30,1241.614019450684,1047.598933380942,198.52489242967587,0.0036322128208001736,0.13335068243351614,1246.123825810618,0.24612382581061798,-0.003709638287192951,84.06860632003941,15.931393679960587,1250.763706745392
2013-05-31,1246.123825810618,1080.268541550036,149.47880467908345,-0.013141936011732636,0.0560544181907506,1229.7473462291193,0.2297473462291193,-0.01680282246992859,87.84475484842939,12.155245151570625,1250.763706745392
2013-06-03,1229.7473462291193,964.6154522248681,270.36562797218966,0.0042559424779302635,0.1787881982165098,1234.9810801970577,0.23498108019705777,-0.01261839183789737,78.10771093521132,21.892289064788688,1250.763706745392
2013-06-04,1234.9810801970577,960.1056354040549,271.6362492542281,-0.002622870577303038,0.059588389124638236,1231.741884658283,0.23174188465828305,-0.015208166006515866,77.94698283483417,22.05301716516582,1250.763706745392
2013-06-05,1231.741884658283,852.7579904548511,369.41867817773755,-0.0077656010117314045,0.10388721974731895,1222.1766686325886,0.22217666863258856,-0.022855666468920566,69.77370885413356,30.22629114586644,1250.763706745392
2013-06-06,1222.1766686325886,835.5664826890836,391.0179628423711,0.003606497335444825,0.07857112005722472,1226.5844455314548,0.22658444553145474,-0.019331598033695774,68.12139887580665,31.878601124193352,1250.763706745392
2013-06-07,1226.5844455314548,798.0718365295771,441.51577667847897,0.010601119004870041,0.05462371284473879,1239.5876132080562,0.2395876132080561,-0.008935415600135332,64.38204351398487,35.61795648601513,1250.763706745392
2013-06-10,1239.5876132080562,843.0752560508722,396.61138396246497,7.988689482352207e-05,0.05665226411301582,1239.6866400133372,0.23968664001333728,-0.008856242527917946,68.00712606226054,31.992873937739464,1250.763706745392
2013-06-11,1239.6866400133372,830.9468489269834,396.61138396246497,-0.009783445858348783,0.0,1227.5582328894484,0.22755823288944832,-0.018553043816986414,67.69103303320169,32.308966966798316,1250.763706745392
2013-06-12,1227.5582328894484,781.7849223231501,441.8637706264252,-0.0031848101663337625,0.0571932137761431,1223.6486929495754,0.22364869294957535,-0.02167876606075536,63.88965450849105,36.11034549150895,1250.763706745392
2013-06-13,1223.6486929495754,792.5075767688883,441.8637706264252,0.008762853674849636,0.0,1234.3713473953135,0.2343713473953135,-0.013105880240747547,64.20333544205995,35.79666455794005,1250.763706745392
2013-06-14,1234.3713473953135,883.6112205747182,345.5204588063765,-0.004244806901322784,0.10351846431128472,1229.1316793810947,0.2291316793810947,-0.01729505521117647,71.88906082216052,28.110939177839477,1250.763706745392
2013-06-17,1229.1316793810947,822.0781585875759,417.8282682807058,0.008766145782372448,0.07650270886637593,1239.9064268682816,0.23990642686828156,-0.00868052040409939,66.30162895953013,33.69837104046988,1250.763706745392
2013-06-18,1239.9064268682816,824.6609509375562,421.4669516910364,0.005017697808071819,0.10123344417929439,1246.1279026285927,0.24612790262859274,-0.0037063788242323037,66.17787381199068,33.822126188009314,1250.763706745392
2013-06-19,1246.1279026285927,889.0387825461297,348.8366361783877,-0.0066225014997797205,0.0791765576181983,1237.8754187245174,0.23787541872451734,-0.010304334824689731,71.81972992582548,28.18027007417452,1250.763706745392
2013-06-20,1237.8754187245174,796.4364397458859,420.75085320421533,-0.016712607312077354,0.12678916212051805,1217.1872929501012,0.2171872929501013,-0.026844729835229897,65.43252992853384,34.567470071466154,1250.763706745392
2013-06-21,1217.1872929501012,758.6367391409885,456.297222860141,-0.0018512606580949331,0.14801199614689597,1214.9339620011297,0.21493396200112969,-0.028646293901103737,62.442631687687,37.55736831231299,1250.763706745392
2013-06-24,1214.9339620011297,706.6044593421748,501.7220009112622,-0.005438568641878527,0.09854861094350682,1208.326460253437,0.20832646025343715,-0.03392906770726567,58.47794305472463,41.52205694527537,1250.763706745392
2013-06-25,1208.326460253437,690.9042483733278,521.6962476180519,0.0035371531440653303,0.08108749138689864,1212.6004959913798,0.21260049599137987,-0.030511926871716333,56.97707123305015,43.022928766949846,1250.763706745392
2013-06-26,1212.6004959913798,772.6398285679546,448.0054015212875,0.006634282374497369,0.12956438857026076,1220.6452300892422,0.2206452300892423,-0.02408006923587591,63.297656806594524,36.70234319340547,1250.763706745392
2013-06-27,1220.6452300892422,775.57795967176,451.0501945101611,0.004901443880005685,0.057825305428408344,1226.6281541819212,0.22662815418192128,-0.01929665246385659,63.22844922706169,36.7715507729383,1250.763706745392
2013-06-28,1226.6281541819212,741.7301837353887,479.9000762841459,-0.004074498164213458,0.08485361312768798,1221.6302600195345,0.22163026001953456,-0.023292526453030482,60.716421982173884,39.283578017826116,1250.763706745392
2013-07-01,1221.6302600195345,672.7968466995436,557.6180763451438,0.007190934370774782,0.08269453333947104,1230.4149230446874,0.23041492304468747,-0.016269087111309144,54.68048494037229,45.319515059627705,1250.763706745392
2013-07-02,1230.4149230446874,746.9667376085148,481.3778237272972,-0.00168265328231898,0.08888529018921201,1228.344561335812,0.22834456133581194,-0.017924365160799982,60.81084747069635,39.18915252930365,1250.763706745392
2013-07-03,1228.344561335812,801.8369758695763,427.1931461820912,0.0005581175978099928,0.05713602166946876,1229.0301220516676,0.2290301220516675,-0.01737625146661581,65.24144213251981,34.758557867480185,1250.763706745392
2013-07-04,1229.0301220516676,748.1052916836237,480.8678131393031,-4.639205151912851e-05,0.05701722874081798,1228.9731048229269,0.22897310482292688,-0.017421837398181594,60.87238921240773,39.12761078759227,1250.763706745392
2013-07-05,1228.9731048229269,784.1625264143456,454.15896361819534,0.007606663785340695,0.026749033755873584,1238.321490032541,0.238321490032541,-0.009947695672451795,63.324631989850964,36.67536801014903,1250.763706745392
2013-07-08,1238.321490032541,790.1614631203076,454.15896361819534,0.00484440975485656,0.0,1244.320426738503,0.24432042673850307,-0.0051514766315493565,63.50144594117171,36.49855405882828,1250.763706745392
2013-07-09,1244.320426738503,791.7639506882065,459.79442772652976,0.0058167908528228285,0.06312128552576127,1251.5583784147361,0.25155837841473616,0.0,63.262246839103106,36.7377531608969,1251.5583784147361
2013-07-10,1251.5583784147361,816.6168537020279,435.29285614789234,0.0002807151797659113,0.03179721375503954,1251.9097098499203,0.25190970984992034,0.0,65.22969246719273,34.77030753280726,1251.9097098499203
2013-07-11,1251.9097098499203,883.622708313501,380.9571850741798,0.010120684773089028,0.058813575796015004,1264.5798933876808,0.26457989338768084,0.0,69.87480292339345,30.125197076606547,1264.5798933876808
2013-07-12,1264.5798933876808,912.5428880803848,357.3478462732929,0.00419968797050041,0.033427944964792136,1269.8907343536778,0.26989073435367783,0.0,71.8599532537602,28.140046746239804,1269.8907343536778
2013-07-15,1269.8907343536778,927.83316271294,343.83735896187585,0.001401527921253587,0.09138159224522582,1271.6705216748157,0.27167052167481565,0.0,72.96175753849865,27.038242461501355,1271.6705216748157
2013-07-16,1271.6705216748157,906.7634535120327,356.0046488609743,-0.007000570627432756,0.06309720797406515,1262.768102373007,0.2627681023730071,-0.007000570627432756,71.80759886221654,28.192401137783467,1271.6705216748157
2013-07-17,1262.768102373007,942.966533264445,328.2810498004858,0.006714994365148552,0.038656816496065304,1271.247583064931,0.271247583064931,-0.0003325850546003206,74.17646616019418,25.8235338398058,1271.6705216748157
2013-07-18,1271.247583064931,953.890613081039,317.69778855970145,0.0002680977178244337,0.1141072065313079,1271.5884016407404,0.2715884016407404,-6.457650207003507e-05,75.01567424256359,24.98432575743641,1271.6705216748157
2013-07-19,1271.5884016407404,976.5836636904479,291.36903486600613,-0.0028591823262898997,0.03664050999691094,1267.952698556454,0.267952698556454,-0.0029235741923665515,77.02051226376776,22.979487736232247,1271.6705216748157
2013-07-22,1267.952698556454,1022.2705841598904,247.89090144105955,0.001742010602612254,0.18680045042061916,1270.16148560095,0.27016148560095,-0.001186656486994897,80.48351298230591,19.51648701769407,1271.6705216748157
2013-07-23,1270.16148560095,1047.0287176364072,220.86273632442925,-0.0017871992387168412,0.034913345301288,1267.8914539608365,0.2678914539608366,-0.002971734934141712,82.58031193171435,17.419688068285648,1271.6705216748157
2013-07-24,1267.8914539608365,1077.9789437884915,184.78060917906416,-0.0040475870211516,0.12022785689126221,1262.7595529675557,0.2627595529675557,-0.0070072935995434404,85.36692050796056,14.633079492039428,1271.6705216748157
2013-07-25,1262.7595529675557,1123.057248279205,157.81206442458515,0.014341415745915631,0.032879696359391974,1280.86931270379,0.28086931270379,0.0,87.6793000769564,12.320699923043616,1280.86931270379
2013-07-26,1280.86931270379,1122.800845496487,160.02975664323327,0.0015312174446511229,0.07890744474041185,1282.8306021397202,0.2828306021397202,0.0,87.52526199668851,12.474738003311488,1282.8306021397202
2013-07-29,1282.8306021397202,1122.025778557213,160.02975664323327,-0.000604184946930042,0.0,1282.0555352004462,0.28205553520044613,-0.000604184946930042,87.51772039124553,12.48227960875447,1282.8306021397202
2013-07-30,1282.0555352004462,1098.0426285512017,186.8719528584017,0.002230048645053495,0.09447935833014276,1284.9145814096034,0.28491458140960346,0.0,85.45646881418408,14.543531185815914,1284.9145814096034
2013-07-31,1284.9145814096034,1098.1226923682373,186.8719528584017,6.231061441286379e-05,0.0,1284.994645226639,0.284994645226639,0.0,85.45737497408462,14.542625025915376,1284.994645226639
2013-08-01,1284.994645226639,1081.4858984505079,214.07880374662102,0.008225759546745648,0.08697045781890689,1295.564702197129,0.29556470219712905,0.0,83.47602374597209,16.52397625402791,1295.564702197129
2013-08-02,1295.564702197129,1029.1069868950813,269.79554438626246,0.00257635074385254,0.11376857147275214,1298.9025312813437,0.2989025312813438,0.0,79.22896153569629,20.77103846430371,1298.9025312813437
2013-08-05,1298.9025312813437,1112.3776053662602,189.33642328613794,0.0021645175856890297,0.0868625257246403,1301.7140286523982,0.30171402865239805,0.0,85.4548373053835,14.545162694616485,1301.7140286523982
2013-08-06,1301.7140286523982,1113.1531011443717,182.09300134929325,-0.004968776564103883,0.14696266204234934,1295.246102493665,0.295246102493665,-0.004968776564103883,85.94143607159135,14.058563928408645,1301.7140286523982
2013-08-07,1295.246102493665,1046.383354164664,242.71720543046177,-0.00474469128817101,0.1414387871004131,1289.1005595951258,0.2891005595951257,-0.009689892541398293,81.17158482138173,18.828415178618275,1301.7140286523982
2013-08-08,1289.1005595951258,973.7887130349802,322.1335376722362,0.00529182231852654,0.14160222654522178,1295.9222507072163,0.29592225070721634,-0.004449347412486371,75.14252591184078,24.85747408815923,1301.7140286523982
2013-08-09,1295.9222507072163,886.406993794143,404.88409696146834,-0.0035736402774763087,0.09160638453683033,1291.2910907556113,0.2912910907556112,-0.008007087322840944,68.64501738918166,31.35498261081834,1301.7140286523982
2013-08-12,1291.2910907556113,857.0448888522448,430.3993082263213,-0.0029791064962697567,0.031055358882527827,1287.444197078566,0.28744419707856594,-0.010962339853251013,66.56947856823838,33.43052143176162,1301.7140286523982
2013-08-13,1287.444197078566,867.8444144296489,420.66224321838877,0.0008252478607480018,0.2329750572962615,1288.5066576480376,0.2885066576480375,-0.010146138640015678,67.35273033154208,32.64726966845792,1301.7140286523982
2013-08-14,1288.5066576480376,914.3836615147641,371.62746921902976,-0.001936759037628022,0.05714356405793972,1286.0111307337938,0.2860111307337938,-0.012063247051935622,71.10231316528495,28.897686834715053,1301.7140286523982
2013-08-15,1286.0111307337938,852.1978695938632,420.3690644882811,-0.010454183739435075,0.05765132853602627,1272.5669340821441,0.27256693408214416,-0.022391319390195563,66.96684054646778,33.03315945353223,1301.7140286523982
2013-08-16,1272.5669340821441,797.3238699800761,477.0400806032006,0.0014121194359246747,0.17251967760344747,1274.3639505832766,0.2743639505832767,-0.021010819171577766,62.56641751480343,37.433582485196574,1301.7140286523982
2013-08-19,1274.3639505832766,776.4467555953862,498.58293339512204,0.0005224083802173318,0.08122118094273759,1275.0296889905082,0.27502968899050817,-0.02049938701937082,60.8963667512817,39.10363324871831,1301.7140286523982
2013-08-20,1275.0296889905082,782.6609710693949,498.58293339512204,0.0048737810010752725,0.0,1281.243904464517,0.28124390446451697,-0.01572551554128432,61.08602494358794,38.913975056412056,1301.7140286523982
2013-08-21,1281.243904464517,802.9423585505758,473.46201760472803,-0.0037772107967497526,0.0411644799848674,1276.404376155304,0.2764043761553039,-0.019443327750947037,62.90658145259128,37.09341854740872,1301.7140286523982
2013-08-22,1276.404376155304,784.5860231884973,499.4309456923147,0.005964091684202755,0.031636281499817065,1284.0169688808119,0.28401696888081185,-0.013595197856096863,61.10402293766929,38.895977062330715,1301.7140286523982
2013-08-23,1284.0169688808119,794.0113175188209,499.4309456923147,0.007340474899283356,0.0,1293.4422632111355,0.29344226321113553,-0.00635451816542687,61.38745733787812,38.6125426621219,1301.7140286523982
2013-08-26,1293.4422632111355,793.2541070917695,499.4309456923147,-0.0005854226729620216,0.0,1292.6850527840843,0.2926850527840843,-0.006936220759379164,61.3648394389121,38.635160561087886,1301.7140286523982
2013-08-27,1292.6850527840843,781.0054306837754,499.4309456923147,-0.009475375600277669,0.0,1280.4363763760903,0.2804363763760902,-0.016345873062715288,60.995254828216325,39.00474517178366,1301.7140286523982
2013-08-28,1280.4363763760903,789.1773786868625,494.6452080137142,0.002644575229946433,0.06884649522973811,1283.8225867005767,0.2838225867005768,-0.013744525723782486,61.47090624998645,38.52909375001355,1301.7140286523982
2013-08-29,1283.8225867005767,784.0947530702683,502.30182148793483,0.0020049404678581517,0.06353852533436273,1286.3965745582032,0.2863965745582031,-0.01176714221175934,60.95280169255394,39.04719830744606,1301.7140286523982
2013-08-30,1286.3965745582032,787.4830546856948,496.9567414689905,-0.0015211315407845927,0.060116883042442115,1284.4397961546854,0.2844397961546854,-0.01327037438138079,61.309456234790936,38.69054376520906,1301.7140286523982
2013-09-02,1284.4397961546854,787.4830546856948,496.9567414689905,0.0,0.0,1284.4397961546854,0.2844397961546854,-0.01327037438138079,61.309456234790936,38.69054376520906,1301.7140286523982
2013-09-03,1284.4397961546854,762.542372196916,525.4197004098075,0.0027422666773351256,0.03294347165451943,1287.9620726067235,0.2879620726067236,-0.010564498609507478,59.20534372985039,40.7946562701496,1301.7140286523982
2013-09-04,1287.9620726067235,766.8601872584242,526.8292079926717,0.004446810015749092,0.06436716462421523,1293.689395251096,0.29368939525109594,-0.006164666911986583,59.27699415898683,40.72300584101317,1301.7140286523982
2013-09-05,1293.689395251096,796.6347514268004,499.7414992886736,0.0020768937847377433,0.09303978561343126,1296.376250715474,0.29637625071547413,-0.004100576485643326,61.45089058729172,38.54910941270829,1301.7140286523982
2013-09-06,1296.376250715474,736.8660707287099,559.7364770139818,0.000174561225641634,0.062358522245571764,1296.6025477426917,0.2966025477426917,-0.003926731061658861,56.83052775205094,43.16947224794907,1301.7140286523982
2013-09-09,1296.6025477426917,800.6828391474438,500.89605136851867,0.0038379862679849275,0.06402389570312031,1301.5788905159625,0.30157889051596243,-0.00010381553356664242,61.51627419449335,38.48372580550666,1301.7140286523982
2013-09-10,1301.5788905159625,831.4307598664709,480.92826916144617,0.008282355061613789,0.09001646401821778,1312.3590290279171,0.31235902902791723,0.0,63.353910132528554,36.646089867471446,1312.3590290279171
2013-09-11,1312.3590290279171,801.1426057567246,513.4949865498045,0.0017362346950893226,0.03680741764137039,1314.637592306529,0.314637592306529,0.0,60.9401868960039,39.0598131039961,1314.637592306529
2013-09-12,1314.637592306529,785.4902710122275,525.7375058648543,-0.002593730355348156,0.11753105775732947,1311.2277768770819,0.3112277768770819,-0.002593730355348156,59.90494442414954,40.095055575850445,1314.637592306529
2013-09-13,1311.2277768770819,801.5399607857464,512.9250540506407,0.0024688601144611244,0.16407603169571958,1314.4650148363871,0.3144650148363872,-0.0001312737983090173,60.978417206905654,39.02158279309435,1314.637592306529
2013-09-16,1314.4650148363871,795.0883965452101,520.2469149827964,0.0006620919399118463,0.062153389940278775,1315.3353115280065,0.3153353115280064,0.0,60.44758242075681,39.55241757924319,1315.3353115280065
2013-09-17,1315.3353115280065,777.802064774787,543.2076493059038,0.004314034986327986,0.08302284696839539,1321.0097140806909,0.3210097140806909,0.0,58.87935996867899,41.12064003132102,1321.0097140806909
2013-09-18,1321.0097140806909,774.8921526947357,554.7067827061558,0.006502012232497467,0.11729720773444166,1329.5989354008916,0.3295989354008917,0.0,58.28014238452256,41.71985761547744,1329.5989354008916
2013-09-19,1329.5989354008916,790.5985352668039,541.5573330808515,0.0019230858860403988,0.13112208247464713,1332.1558683476555,0.33215586834765554,0.0,59.34729967052772,40.65270032947227,1332.1558683476555
2013-09-20,1332.1558683476555,862.0636432061451,468.6392930668819,-0.0010906622184013726,0.08221616655247538,1330.702936273027,0.33070293627302694,-0.0010906622184013726,64.78257616388629,35.217423836113696,1332.1558683476555
2013-09-23,1330.702936273027,845.6632232141169,478.8762129617433,-0.004631762603928169,0.17684409654640174,1324.5394361758601,0.32453943617586023,-0.005717373133852899,63.84583200147448,36.15416799852553,1332.1558683476555
2013-09-24,1324.5394361758601,938.0578053292413,386.1792621266301,-0.00022828215735248847,0.14474009132927723,1324.2370674558715,0.32423706745587144,-0.005944350116931951,70.83760365743582,29.16239634256417,1332.1558683476555
2013-09-25,1324.2370674558715,938.7426340694074,386.1732103380531,0.0005125796341685085,0.06260100324275353,1324.9158444074606,0.32491584440746046,-0.005434817435571726,70.85300081751527,29.146999182484723,1332.1558683476555
2013-09-26,1324.9158444074606,998.2012875414734,331.16659117015405,0.0033602393110168105,0.062369931711230585,1329.3678787116276,0.32936787871162765,-0.002092840411750063,75.08841634633838,24.91158365366162,1332.1558683476555
2013-09-27,1329.3678787116276,1049.4643816772566,276.8885867941935,-0.0022679277034279854,0.06305460406229457,1326.3529684714501,0.3263529684714501,-0.004356021704429391,79.12406475681261,20.87593524318738,1332.1558683476555
2013-09-30,1326.3529684714501,1042.14256333306,276.8885867941935,-0.0055202638500025936,0.0,1319.0311501272536,0.3190311501272536,-0.009852239165287213,79.00818439598787,20.99181560401213,1332.1558683476555
2013-10-01,1319.0311501272536,875.7579502987378,449.38589080929637,0.004634227918113076,0.2838194613582203,1325.1438411080342,0.32514384110803407,-0.005263668768969776,66.08776520188651,33.91223479811348,1332.1558683476555
2013-10-02,1325.1438411080342,1023.4157738792348,300.8973350933782,-0.0006268995935766464,0.27171970390219724,1324.313108972613,0.324313108972613,-0.005887268570734405,77.27898840125422,22.721011598745775,1332.1558683476555
2013-10-03,1324.313108972613,978.4785559769991,331.0398270371003,-0.011171622374100854,0.03845020605296888,1309.5183830140995,0.3095183830140995,-0.016993120603548073,74.72049027099942,25.279509729000573,1332.1558683476555
2013-10-04,1309.5183830140995,894.8936100954544,425.3496973759761,0.00818997625115081,0.2437771036061464,1320.2433074714304,0.32024330747143037,-0.008942317606573269,67.78247653528209,32.21752346471792,1332.1558683476555
2013-10-07,1320.2433074714304,915.1024578304367,396.03046455953404,-0.006900534946780557,0.04252768189505653,1311.1329223899706,0.3111329223899706,-0.015781145778204442,69.79478908685793,30.20521091314208,1332.1558683476555
2013-10-08,1311.1329223899706,801.0624998351295,491.56940763504747,-0.014110708841075792,0.10543826119147122,1292.6319074701769,0.29263190747017687,-0.029669171466025435,61.9714317127524,38.0285682872476,1332.1558683476555
2013-10-09,1292.6319074701769,707.0541622212005,581.5828293621212,-0.0030905286058378056,0.10152899945844078,1288.6369915833216,0.28863699158332157,-0.03266800664873604,54.86837385852611,45.1316261414739,1332.1558683476555
2013-10-10,1288.6369915833216,693.9717319751361,612.0019341201258,0.013453497474598564,0.10063688195175736,1305.973666095262,0.3059736660952619,-0.019654008119086575,53.138263809717245,46.861736190282755,1332.1558683476555
2013-10-11,1305.973666095262,805.735000774155,504.3599719167719,0.0031557348380439887,0.2207627109429303,1310.0949726909269,0.3100949726909268,-0.016560296119171092,61.50202981995881,38.49797018004119,1332.1558683476555
2013-10-14,1310.0949726909269,832.9998117184513,484.07459080801635,0.005327422806000959,0.09094257776090059,1317.0744025264676,0.31707440252646757,-0.011321097012389592,63.24622284971571,36.75377715028431,1332.1558683476555
2013-10-15,1317.0744025264676,883.2659599638558,429.4229780652314,-0.003329701411680319,0.05780536731241382,1312.6889380290872,0.31268893802908715,-0.014613102551365942,67.28676797490343,32.713232025096566,1332.1558683476555
2013-10-16,1312.6889380290872,876.9834960170153,447.3617235709854,0.00887969816856593,0.1458689389306493,1324.3452195880009,0.3243452195880008,-0.00586316432276246,66.22015793509202,33.779842064907974,1332.1558683476555
2013-10-17,1324.3452195880009,1014.4056552470752,316.49119657961285,0.004947072818917375,0.20005158273520707,1330.896851826688,0.33089685182668793,-0.0009450970046990248,76.21970506991424,23.78029493008576,1332.1558683476555
2013-10-18,1330.896851826688,1087.7387901917089,260.3272194722457,0.01290044214448427,0.06564284167156445,1348.0660096639544,0.3480660096639545,0.0,80.68883737101717,19.311162628982835,1348.0660096639544
2013-10-21,1348.0660096639544,1126.5152976702366,224.55167836461922,0.0022261271698775786,0.1259899127066628,1351.0669760348558,0.3510669760348557,0.0,83.37967825816904,16.62032174183096,1351.0669760348558
2013-10-22,1351.0669760348558,1151.6643514859686,196.98946024073362,-0.001786117454543712,0.04114043101624756,1348.6538117267023,0.3486538117267024,-0.001786117454543712,85.39362299443435,14.606377005565644,1351.0669760348558
2013-10-23,1348.6538117267023,1143.3281774388474,196.61725994664997,-0.006457086515074928,0.061420930160891035,1339.9454373854974,0.3399454373854973,-0.008231670854688566,85.3264726711343,14.673527328865699,1351.0669760348558
2013-10-24,1339.9454373854974,1162.4988169340245,182.49632330283177,0.003768588414474472,0.22350906791783756,1344.9951402368563,0.3449951402368563,-0.004494104219628925,86.43145110021038,13.568548899789617,1351.0669760348558
2013-10-25,1344.9951402368563,1107.3854932056497,244.47733614229162,0.005106107007848193,0.06723480986409631,1351.8628293479414,0.35186282934794155,0.0,81.91552198678225,18.08447801321773,1351.8628293479414
2013-10-28,1351.8628293479414,1171.1876296652317,176.17167611097497,-0.003331346549344083,0.15825815179996836,1347.3593057762066,0.34735930577620655,-0.003331346549344083,86.92466995583756,13.07533004416245,1351.8628293479414
2013-10-29,1347.3593057762066,1185.9263968731957,168.31897684726167,0.005110788128103394,0.10093637476412631,1354.2453737204573,0.3542453737204574,0.0,87.57101333971357,12.428986660286423,1354.2453737204573
2013-10-30,1354.2453737204573,1166.441205554809,182.13614690120679,-0.004185372440202784,0.166114945777716,1348.5773524560157,0.3485773524560156,-0.004185372440202784,86.49420097634724,13.50579902365276,1354.2453737204573
2013-10-31,1348.5773524560157,1131.0042564457667,215.65442809687895,-0.0014227347877937557,0.11794829608359049,1346.6586845426457,0.3466586845426456,-0.005602152553025985,83.98596239921626,16.014037600783738,1354.2453737204573
2013-11-01,1346.6586845426457,1163.3069394270394,188.39488010380455,0.0037449244163239026,0.1373357321658544,1351.701819530844,0.3517018195308439,-0.0018782077745819192,86.06239354111443,13.93760645888556,1354.2453737204573
2013-11-04,1351.701819530844,1215.0489961879407,140.70168953487865,0.0029953841398102643,0.10058333291766888,1355.7506857228193,0.3557506857228192,0.0,89.62186108282413,10.378138917175871,1355.7506857228193
2013-11-05,1355.7506857228193,1188.1008765726046,169.43251707027432,0.0013149231188545052,0.036318645078181874,1357.533393642879,0.35753339364287906,0.0,87.5190902954063,12.480909704593703,1357.533393642879
2013-11-06,1357.533393642879,1172.2743428253664,189.97975161621758,0.003477410442211726,0.0749234937854438,1362.254094441584,0.36225409444158396,0.0,86.05401500414692,13.945984995853083,1362.254094441584
2013-11-07,1362.254094441584,1161.4355622966248,183.27863229585253,-0.012875644801270791,0.10172657128369184,1344.7141945924773,0.3447141945924772,-0.012875644801270791,86.37043967908764,13.629560320912363,1362.254094441584
2013-11-08,1344.7141945924773,1100.6979377715163,258.5143800114325,0.010781564773223229,0.08450356404381962,1359.2123177829487,0.3592123177829487,-0.0022328996264695533,80.98057407005383,19.01942592994617,1362.254094441584
2013-11-11,1359.2123177829487,1151.4736867822655,209.04833226328773,0.0009635737150621715,0.061255087935169275,1360.5220190455532,0.36052201904555314,-0.0012714774747957236,84.6346968783393,15.365303121660713,1362.254094441584
2013-11-12,1360.5220190455532,1174.7097826683616,183.06287228642626,-0.0020208155783425497,0.08432258509056206,1357.7726549547879,0.35777265495478794,-0.003289723631649699,86.51741352881186,13.48258647118814,1362.254094441584
2013-11-13,1357.7726549547879,1159.7258832559448,208.80244517768895,0.007921556999690882,0.08565558458618555,1368.5283284336338,0.3685283284336338,0.0,84.74255586534505,15.257444134654955,1368.5283284336338
2013-11-14,1368.5283284336338,1187.245360717283,184.1916580078167,0.0021254147473841467,0.03330928132611078,1371.4370187250995,0.3714370187250995,0.0,86.56944099561765,13.430559004382351,1371.4370187250995
2013-11-15,1371.4370187250995,1240.466556326342,136.9982217885785,0.0043952141494798536,0.14548008393134526,1377.4647781149206,0.3774647781149205,0.0,90.05432124543594,9.94567875456405,1377.4647781149206
2013-11-18,1377.4647781149206,1232.4059862911304,137.68617356007678,-0.005352309823705825,0.06030425141522063,1370.0921598512073,0.37009215985120725,-0.005352309823705825,89.95059036210895,10.049409637891044,1377.4647781149206
2013-11-19,1370.0921598512073,1233.0954461115846,136.9410143985401,-4.0653718570760056e-05,0.06820158658073186,1370.0364605101247,0.37003646051012473,-0.005392745950979383,90.00457153180062,9.995428468199375,1377.4647781149206
2013-11-20,1370.0364605101247,1200.8929407849816,164.36855746984259,-0.003485281153409958,0.03581779137232324,1365.2614982548243,0.36526149825482435,-0.00885923186856119,87.96065386155323,12.03934613844676,1377.4647781149206
2013-11-21,1365.2614982548243,1185.4532205300955,191.1017916158299,0.008272051841743844,0.034818139845500626,1376.5550121459253,0.37655501214592535,-0.0006604640521119531,86.11738797725785,13.882612022742153,1377.4647781149206
2013-11-22,1376.5550121459253,1268.227566613688,110.03461114473858,0.001240172457648514,0.08978982693546746,1378.2621777584266,0.3782621777584265,0.0,92.01642380380079,7.983576196199209,1378.2621777584266
2013-11-25,1378.2621777584266,1241.636342979638,137.740528502154,0.0008087675489858448,0.0856892736886664,1379.376871481792,0.379376871481792,0.0,90.01429331244428,9.985706687555709,1379.376871481792
2013-11-26,1379.376871481792,1243.8939659002567,137.8768335992587,0.001735514105837943,0.0608535489205918,1381.7707994995153,0.3817707994995152,0.0,90.02172909941372,9.978270900586294,1381.7707994995153
2013-11-27,1381.7707994995153,1222.4416205967343,165.72097405777504,0.0046257998485053076,0.09152188216671989,1388.1625946545093,0.3881625946545093,0.0,88.06184702743556,11.938152972564446,1388.1625946545093
2013-11-28,1388.1625946545093,1254.6854220915757,133.3534768422657,-8.91075160389665e-05,0.12369572066796672,1388.0388989338414,0.38803889893384147,-8.91075160389665e-05,90.39267005091175,9.607329949088248,1388.1625946545093
2013-11-29,1388.0388989338414,1229.818001982874,160.1315296347162,0.001376497939082455,0.026804857650100527,1389.94953161759,0.38994953161759005,0.0,88.47932777470281,11.520672225297199,1389.94953161759
2013-12-02,1389.94953161759,1226.509290676891,160.1315296347162,-0.002380454276014188,0.0,1386.640820311607,0.38664082031160696,-0.002380454276014188,88.45183790285857,11.548162097141445,1389.94953161759
2013-12-03,1386.640820311607,1276.715851967468,110.82894405030345,0.0006519177085537731,0.102321574625076,1387.5447960177717,0.3875447960177716,-0.001730088427757459,92.01258623372877,7.987413766271223,1389.94953161759
2013-12-04,1387.5447960177717,1193.6919991161274,194.16287984071863,0.00022347598431737836,0.09339160176937467,1387.854878956846,0.3878548789568461,-0.001506999076654525,86.00985716988959,13.990142830110406,1389.94953161759
2013-12-05,1387.854878956846,1103.0634944382539,277.4808464354058,-0.005267509012672367,0.09012935596334921,1380.5443408736596,0.3805443408736595,-0.006766569958108426,79.90062048569874,20.099379514301265,1389.94953161759
2013-12-06,1380.5443408736596,989.361555682215,398.0096182842783,0.0049450299354480975,0.22432619850804741,1387.3711739664932,0.3873711739664931,-0.0018550009136635293,71.31195849007234,28.688041509927665,1389.94953161759
2013-12-09,1387.3711739664932,1151.3245465556054,239.9565493101426,0.0028182233944478163,0.16538464559639204,1391.281095865748,0.391281095865748,0.0,82.75283477773226,17.24716522226773,1391.281095865748
2013-12-10,1391.281095865748,1203.030157962633,187.22901392587588,-0.0007345201341956153,0.05882590220547563,1390.259171888509,0.3902591718885089,-0.0007345201341956153,86.53279778967064,13.467202210329358,1391.281095865748
2013-12-11,1390.259171888509,1190.5003536957522,187.03588827421365,-0.009151480656128586,0.11438486462410431,1377.5362419699659,0.37753624196996594,-0.009879278843524575,86.4224343014932,13.577565698506794,1391.281095865748
2013-12-12,1377.5362419699659,926.4247537481418,450.08101367217193,-0.0007480562167848648,0.2673731257013914,1376.5057674203138,0.37650576742031383,-0.010619944804353243,67.3026423626498,32.6973576373502,1391.281095865748
2013-12-13,1376.5057674203138,906.8153682470261,467.82792476887613,-0.0013530451150248757,0.18403615403047457,1374.6432930159021,0.37464329301590205,-0.01195862065493869,65.96732205760203,34.032677942397974,1391.281095865748
2013-12-16,1374.6432930159021,940.5424118622634,439.798864804411,0.004145063435526675,0.08698896067764403,1380.3412766666743,0.3803412766666743,-0.007863126460628256,68.1383964792778,31.86160352072221,1391.281095865748
2013-12-17,1380.3412766666743,966.7292436733732,414.0154881919104,0.00029228655654156555,0.0868948080919242,1380.7447318652835,0.38074473186528346,-0.007573138190243411,70.01505936346351,29.984940636536507,1391.281095865748
2013-12-18,1380.7447318652835,1020.8823023217378,373.8571005283732,0.010135596147393455,0.09459768514106111,1394.739402850111,0.394739402850111,0.0,73.1952004966371,26.804799503362897,1394.739402850111
2013-12-19,1394.739402850111,1018.2507740941597,375.3490505758626,-0.0008170545535316487,0.15771172993648067,1393.5998246700224,0.3935998246700223,-0.0008170545535316487,73.06622432557079,26.933775674429207,1394.739402850111
2013-12-20,1393.5998246700224,1075.7338437188891,321.4908635574,0.00260109289775845,0.1090959818358695,1397.224707276289,0.3972247072762891,0.0,76.99075446610837,23.009245533891633,1397.224707276289
2013-12-23,1397.224707276289,1110.9221376563726,295.53184220683517,0.0066054318527688505,0.03492279391813281,1406.4539798632077,0.40645397986320764,0.0,78.98745025161942,21.012549748380586,1406.4539798632077
2013-12-24,1406.4539798632077,1194.191121995681,216.28965365873646,0.002863083932260091,0.08788170483389493,1410.4807756544174,0.4104807756544173,0.0,84.6655369295349,15.334463070465109,1410.4807756544174
2013-12-25,1410.4807756544174,1166.359102944999,244.08821936690669,-2.371768767717164e-05,0.033453342511676726,1410.4473223119057,0.41044732231190584,-2.371768767717164e-05,82.69426900915275,17.305730990847252,1410.4807756544174
2013-12-26,1410.4473223119057,1199.8207597326937,216.91049868938362,0.0044552788400995524,0.08139705090949366,1416.7312584220772,0.41673125842207726,0.0,84.68936875643067,15.31063124356934,1416.7312584220772
2013-12-27,1416.7312584220772,1220.8930861581828,190.67942410477536,-0.0036413032665523204,0.034399144350287354,1411.572510262958,0.41157251026295816,-0.0036413032665523204,86.49170179226186,13.508298207738134,1416.7312584220772
2013-12-30,1411.572510262958,1192.705746439197,217.12889011763775,-0.001231161483726928,0.03611146127865666,1409.8346365568345,0.4098346365568346,-0.004867981717947001,84.59898171831554,15.40101828168446,1416.7312584220772
2013-12-31,1409.8346365568345,1198.3843447966406,216.83555806245622,0.0038197857838238036,0.06207833090290186,1415.2199028590967,0.4152199028590966,-0.0010667905814852885,84.67831341091274,15.321686589087276,1416.7312584220772
2014-01-01,1415.2199028590967,1224.7095313203722,190.47769393491077,-2.3090124543712065e-05,0.03267760381372318,1415.187225255283,0.41518722525528307,-0.0010898560737016005,86.54045976845566,13.459540231544334,1416.7312584220772
2014-01-02,1415.187225255283,1245.850938451321,163.15473348036286,-0.004368010969350022,0.13610020293894523,1409.005671931684,0.4090056719316839,-0.005453106539766606,88.42057652921403,11.579423470785962,1416.7312584220772
2014-01-03,1409.005671931684,1218.4178856042852,189.58514652578498,-0.0007115938718964543,0.08869392655690256,1408.00303213007,0.40800303213007005,-0.006160820014466495,86.53517483985992,13.464825160140087,1416.7312584220772
2014-01-06,1408.00303213007,1218.7976243835897,189.58514652578498,0.0002697002567744189,0.0,1408.3827709093746,0.4083827709093746,-0.0058927813324320955,86.53880532751957,13.461194672480428,1416.7312584220772
2014-01-07,1408.3827709093746,1170.2493466311507,243.69451220314912,0.003948562876365358,0.06404430039647921,1413.9438588342998,0.41394385883429985,-0.001967486473674507,82.76490889786398,17.23509110213602,1416.7312584220772
2014-01-08,1413.9438588342998,1203.3526004402008,209.35172743347553,-0.0008766479325743592,0.12143683827261194,1412.7043278736764,0.4127043278736764,-0.0028424096132994014,85.18078246786573,14.819217532134275,1416.7312584220772
2014-01-09,1412.7043278736764,1180.845995685272,225.84612595395848,-0.004255813559724153,0.18656650582975084,1406.6921216392307,0.40669212163923074,-0.0070861264076490516,83.94487873502995,16.055121264970047,1416.7312584220772
2014-01-10,1406.6921216392307,1109.5539177668754,297.44366036538145,0.00021714523620874893,0.12582690445584904,1406.9975781322569,0.4069975781322568,-0.006870519890032956,78.8596892426618,21.1403107573382,1416.7312584220772
2014-01-13,1406.9975781322569,1039.7532323620062,351.68952560915665,-0.011055328312464141,0.059868923907451285,1391.4427579711628,0.3914427579711628,-0.01784989234943557,74.72482977870044,25.275170221299557,1416.7312584220772
2014-01-14,1391.4427579711628,857.1135952508969,550.4887114920546,0.01161352034010421,0.2907135381974739,1407.6023067429514,0.4076023067429515,-0.006443672097200204,60.89174414854225,39.10825585145775,1416.7312584220772
2014-01-15,1407.6023067429514,992.2416983576485,422.09217826640844,0.004782295289556426,0.18851375647689128,1414.333876624057,0.41433387662405696,-0.0016921923503617764,70.15611481541254,29.84388518458746,1416.7312584220772
2014-01-16,1414.333876624057,1017.8771312131397,395.92369970417946,-0.00037688817014702725,0.08978575055645464,1413.8008309173192,0.4138008309173191,-0.0020684427532302596,71.99579381720326,28.004206182796732,1416.7312584220772
2014-01-17,1413.8008309173192,1011.0968954294167,395.80301746351273,-0.004881110460171589,0.06121519333662309,1406.8999128929295,0.40689991289292937,-0.0069394569158427455,71.86700959774423,28.132990402255775,1416.7312584220772
2014-01-20,1406.8999128929295,1041.1059355407679,365.59478059855684,-0.00014158558955001954,0.1991967536047558,1406.7007161393246,0.40670071613932457,-0.007080059978294195,74.01047881727622,25.989521182723774,1416.7312584220772
2014-01-21,1406.7007161393246,988.8196119660917,421.953799407554,0.0028952108914099828,0.05641543424324054,1410.7734113736456,0.41077341137364565,-0.004205347353645195,70.09060448646358,29.90939551353643,1416.7312584220772
2014-01-22,1410.7734113736456,981.0052650050874,429.09915647315626,-0.0004742008107102569,0.26666437969234635,1410.1044214782437,0.41010442147824366,-0.004677553985230953,69.56968931256012,30.430310687439878,1416.7312584220772
2014-01-23,1410.1044214782437,1038.9898734931742,367.72439185232764,-0.00240418800274933,0.128935489822909,1406.7142653455019,0.4067142653455018,-0.007070496268806847,73.8593401011675,26.140659898832485,1416.7312584220772
2014-01-24,1406.7142653455019,979.2333353166536,401.71862194261575,-0.01831381732658055,0.1997395846705276,1380.9519572592694,0.38095195725926945,-0.025254825818312177,70.91002189968333,29.08997810031666,1416.7312584220772
2014-01-27,1380.9519572592694,747.9869335300866,627.4166777611626,-0.0040177690026463875,0.28875735668701885,1375.4036112912493,0.37540361129124933,-0.029171126764618527,54.3830863456775,45.6169136543225,1416.7312584220772
2014-01-28,1375.4036112912493,764.2502003473672,622.0814565315482,0.007945337279874343,0.12493905258839624,1386.3316568789155,0.38633165687891546,-0.021457563925722956,55.12751559521792,44.872484404782064,1416.7312584220772
2014-01-29,1386.3316568789155,776.8044086536274,598.542035944689,-0.007923942460731581,0.101179525751731,1375.3464445983163,0.37534644459831634,-0.02921147788455969,56.48063523954511,43.5193647604549,1416.7312584220772
2014-01-30,1375.3464445983163,772.6690537276029,618.7453577736568,0.011682850503631492,0.1605422955855356,1391.4144115012596,0.39141441150125966,-0.017869900710043574,55.531195260076075,44.46880473992393,1416.7312584220772
2014-01-31,1391.4144115012596,887.8330165937389,496.75014414193146,-0.004909573099949882,0.1835742513755688,1384.5831607356704,0.38458316073567045,-0.02269174022616871,64.12276573709063,35.87723426290937,1416.7312584220772
2014-02-03,1384.5831607356704,880.1995264810852,484.4777514752498,-0.0143768054847343,0.12635478223481902,1364.677277956335,0.364677277956335,-0.03674231097556124,64.49873099662238,35.50126900337762,1416.7312584220772
2014-02-04,1364.677277956335,808.4538242838955,561.6374288514294,0.003967220138007654,0.28850913059099126,1370.091253135325,0.37009125313532487,-0.032920855673572724,59.0072976842838,40.992702315716194,1416.7312584220772
2014-02-05,1370.091253135325,804.138569947236,561.6374288514294,-0.0031496108940075596,0.0,1365.7759987986653,0.3657759987986653,-0.03596677868191078,58.87777868805391,41.12222131194609,1416.7312584220772
2014-02-06,1365.7759987986653,823.4746865851027,554.6857327331443,0.009067680593651595,0.1607667788134546,1378.160419318247,0.37816041931824707,-0.02722523334932947,59.75172955500071,40.24827044499929,1416.7312584220772
2014-02-07,1378.160419318247,976.0500714198843,420.82198964228115,0.013577259571258438,0.28258292718322403,1396.8720610621654,0.39687206106216544,-0.014017617838142815,69.87397762667736,30.126022373322648,1416.7312584220772
2014-02-10,1396.8720610621654,961.6852173405256,441.0236778815138,0.004178503044463211,0.0938150854858851,1402.7088952220392,0.40270889522203923,-0.00989768745249242,68.55914442520859,31.440855574791428,1416.7312584220772
2014-02-11,1402.7088952220392,972.8394709599397,441.0236778815138,0.007951937609726567,0.0,1413.8631488414535,0.4138631488414535,-0.002024455635868505,68.80718772231266,31.19281227768734,1416.7312584220772
2014-02-12,1413.8631488414535,975.7342521379713,437.43368004949093,-0.0004917142472813385,0.19062792524482208,1413.1679321874622,0.4131679321874622,-0.00251517442947069,69.04588123703167,30.954118762968342,1416.7312584220772
2014-02-13,1413.1679321874622,987.5734424111355,437.43368004949093,0.008377766013157428,0.0,1425.0071224606263,0.4250071224606262,0.0,69.30305307568192,30.69694692431809,1425.0071224606263
2014-02-14,1425.0071224606263,1040.5963428146972,388.498403374312,0.0028684935422109703,0.13990275131337873,1429.0947461890091,0.4290947461890091,0.0,72.81507021068218,27.18492978931783,1429.0947461890091
2014-02-17,1429.0947461890091,1025.2201440051585,403.7970914308589,-5.423765862855312e-05,0.07751075299166939,1429.0172354360175,0.42901723543601755,-5.423765862855312e-05,71.74302160829757,28.256978391702432,1429.0947461890091
2014-02-18,1429.0172354360175,1026.7234974676805,403.7905135513917,0.001047416046453975,0.06218341965684292,1430.5140110190723,0.4305140110190724,0.0,71.77304727943638,28.226952720563613,1430.5140110190723
2014-02-19,1430.5140110190723,1046.1821638863403,374.5065520206126,-0.006868366920167457,0.1518794367634443,1420.688715906953,0.420688715906953,-0.006868366920167457,73.63908449279604,26.360915507203952,1430.5140110190723
2014-02-20,1420.688715906953,1060.9309538825498,374.5065520206126,0.010381436715215964,0.0,1435.4375059031624,0.43543750590316255,0.0,73.90993683246579,26.090063167534204,1435.4375059031624
2014-02-21,1435.4375059031624,1057.9994024944392,374.5065520206126,-0.002042270301601312,0.0,1432.5059545150518,0.4325059545150518,-0.002042270301601312,73.85654483039166,26.143455169608345,1435.4375059031624
2014-02-24,1432.5059545150518,1036.3585931270109,409.23774661739304,0.009138101791544395,0.04966895833610065,1445.5963397444038,0.4455963397444038,0.0,71.69073168172588,28.309268318274132,1445.5963397444038
2014-02-25,1445.5963397444038,1072.6664097959233,378.5642543796774,0.0038975779588601434,0.04431079147613093,1451.2306641756006,0.45123066417560054,0.0,73.91426023962028,26.085739760379724,1451.2306641756006
2014-02-26,1451.2306641756006,1037.098292232056,414.5851111007487,0.000311969122745559,0.05222152085141504,1451.6834033328048,0.45168340333280477,0.0,71.44107936007703,28.558920639922974,1451.6834033328048
2014-02-27,1451.6834033328048,1026.216019956819,428.8261531173842,0.002313706785988856,0.08030695821725298,1455.0421730742032,0.45504217307420314,0.0,70.52826639303773,29.47173360696228,1455.0421730742032
2014-02-28,1455.0421730742032,1010.5088194755223,442.76164676767524,-0.0012176326320924025,0.07727547229973017,1453.2704662431975,0.45327046624319745,-0.0012176326320924025,69.53343117800749,30.466568821992514,1455.0421730742032
2014-03-03,1453.2704662431975,1035.2467822030446,410.6686453153597,-0.0050610253876598454,0.0382255794570952,1445.9154275184044,0.4459154275184043,-0.006272495550088353,71.59801759497219,28.4019824050278,1455.0421730742032
2014-03-04,1445.9154275184044,1102.4815485142324,361.366791945413,0.012402463242279005,0.11206493418790221,1463.8483404596454,0.4638483404596454,0.0,75.31391866510265,24.68608133489734,1463.8483404596454
2014-03-05,1463.8483404596454,1086.3500187091017,381.78932785171304,0.0029313187593067447,0.08415226819447906,1468.1393465608148,0.4681393465608148,0.0,73.99502106213062,26.004978937869378,1468.1393465608148
2014-03-06,1468.1393465608148,1212.158023033992,255.1926379341806,-0.000537200773543578,0.13594407639578976,1467.3506609681726,0.46735066096817257,-0.000537200773543578,82.60861260213002,17.391387397869977,1468.1393465608148
2014-03-07,1467.3506609681726,1229.0446174502267,233.29625436179222,-0.003414173100823814,0.14589624678077776,1462.340871812019,0.462340871812019,-0.0039495397779366614,84.04638351708587,15.953616482914116,1468.1393465608148
2014-03-10,1462.340871812019,1225.7998389466256,233.29625436179222,-0.002218893396298549,0.0,1459.096093308418,0.45909609330841805,-0.0061596695665033785,84.0109054207111,15.98909457928889,1468.1393465608148
2014-03-11,1459.096093308418,1218.4903301409443,233.29625436179222,-0.005009614403878926,0.0,1451.7865845027366,0.45178658450273645,-0.011138426400998935,83.93040293579372,16.06959706420627,1468.1393465608148
2014-03-12,1451.7865845027366,1169.3174494776674,283.9287120550437,0.001005366109285477,0.11648926070907421,1453.246161532711,0.453246161532711,-0.010144258488127611,80.46244885618074,19.53755114381926,1468.1393465608148
2014-03-13,1453.246161532711,1134.2837790342078,302.56471454342505,-0.011283475841273871,0.19490244255660666,1436.8484935776328,0.4368484935776329,-0.021313271833823033,78.94247612773256,21.057523872267435,1468.1393465608148
2014-03-14,1436.8484935776328,907.5498187748216,522.15410885242,-0.004972386429275999,0.33625244853740643,1429.7039276272417,0.42970392762724163,-0.026179680439469166,63.47816504085605,36.521834959143945,1468.1393465608148
2014-03-17,1429.7039276272417,859.9652887977112,578.4973985801046,0.0061262752247663865,0.1922864118743384,1438.4626873778157,0.4384626873778157,-0.020213789142371374,59.78363542855243,40.21636457144758,1468.1393465608148
2014-03-18,1438.4626873778157,946.9882975802151,500.05705000395324,0.005966550458113007,0.27779777963487917,1447.0453475841682,0.44704534758416825,-0.014367845277125979,65.44289017349769,34.55710982650232,1468.1393465608148
2014-03-19,1447.0453475841682,1001.1887435154007,440.33618966622,-0.003814956049417284,0.06891612026607725,1441.5249331816208,0.44152493318162067,-0.01812798862828624,69.45344617145507,30.54655382854492,1468.1393465608148
2014-03-20,1441.5249331816208,990.7903578364867,458.44282840318914,0.005347290831135387,0.22419579096292283,1449.233186239676,0.4492331862396759,-0.012877633424529855,68.36652425875573,31.63347574124426,1468.1393465608148
2014-03-21,1449.233186239676,971.4400172680432,472.4395308294957,-0.0036941178224244586,0.13650816170294214,1443.8795480975389,0.4438795480975388,-0.016524179751810086,67.27985160175004,32.72014839824997,1468.1393465608148
2014-03-24,1443.8795480975389,1123.0322462200813,313.72329390743545,-0.004933935091336883,0.16356437463826326,1436.7555401275167,0.4367555401275167,-0.02137658561281408,78.1644625584954,21.83553744150459,1468.1393465608148
2014-03-25,1436.7555401275167,963.3925753827085,478.5752161989146,0.003627792834989707,0.3432971769244238,1441.967791581623,0.44196779158162314,-0.017826342601947043,66.81096353241087,33.18903646758913,1468.1393465608148
2014-03-26,1441.967791581623,1023.8372563044435,407.32666904245235,-0.007492446293045796,0.1859677088759367,1431.163925346896,0.43116392534689596,-0.02518522598044637,71.53878309616269,28.46121690383731,1468.1393465608148
2014-03-27,1431.163925346896,1020.7193488033507,407.32666904245235,-0.002178581674588398,0.0,1428.0460178458031,0.4280460178458032,-0.02730893958324332,71.47664263250412,28.523357367495876,1468.1393465608148
2014-03-28,1428.0460178458031,1092.0613601646926,341.3548215363375,0.0037604977627596625,0.1344436007023327,1433.4161817010302,0.43341618170103025,-0.02365113702668986,76.18592381653924,23.81407618346075,1468.1393465608148
2014-03-31,1433.4161817010302,1111.2706102037832,328.384620571241,0.00435257335143957,0.10658773524523443,1439.6552307750242,0.4396552307750241,-0.019401506984004002,77.19005123230383,22.809948767696163,1468.1393465608148
2014-04-01,1439.6552307750242,1120.333968331921,329.7941545319763,0.007274583431503334,0.1268358539667494,1450.1281228638973,0.45012812286389736,-0.012268061433752697,77.25758508285068,22.74241491714931,1468.1393465608148
2014-04-02,1450.1281228638973,1202.3912693556365,250.74876907409885,0.0020769996239295985,0.23494449849862825,1453.1400384297353,0.45314003842973527,-0.01021654256880733,82.74434930957803,17.25565069042198,1468.1393465608148
2014-04-03,1453.1400384297353,1276.0324683994454,174.24375339444327,-0.001970778149462671,0.13305121712481952,1450.2762217938887,0.4502762217938887,-0.01216718617941226,87.98547816091778,12.014521839082223,1468.1393465608148
2014-04-04,1450.2762217938887,1257.5098177191385,174.24375339444327,-0.012771808847142019,0.0,1431.7535711135818,0.4317535711135818,-0.024783598050463262,87.83004583261344,12.169954167386562,1468.1393465608148
2014-04-07,1431.7535711135818,1174.8977110527414,248.75162292923324,-0.005660357546937167,0.24899813399839565,1423.6493339819747,0.4236493339819747,-0.030303671571135338,82.52718439916168,17.472815600838317,1468.1393465608148
2014-04-08,1423.6493339819747,1108.4679409768735,323.27598123880773,0.00568580200228519,0.2806855752774909,1431.7439222156813,0.43174392221568136,-0.02479017024534591,77.42082391811202,22.579176081887965,1468.1393465608148
2014-04-09,1431.7439222156813,1144.3785928329087,298.0737209817292,0.007479264575738442,0.2062628132045279,1442.4523138146378,0.4424523138146379,-0.017496317911750103,79.33562738074453,20.664372619255484,1468.1393465608148
2014-04-10,1442.4523138146378,1158.457130301232,259.4543977325723,-0.01701323887507533,0.18701875406250856,1417.9115280338042,0.41791152803380416,-0.03421188775075856,81.70165115362637,18.29834884637363,1468.1393465608148
2014-04-11,1417.9115280338042,1038.7637767605922,369.6275345469679,-0.006714252996761871,0.26242928793762366,1408.39131130756,0.4083913113075601,-0.04069643347766505,73.7553383367721,26.2446616632279,1468.1393465608148
2014-04-14,1408.39131130756,1008.3497949281568,407.316002806529,0.005165103170348351,0.37621888776473505,1415.6657977346858,0.4156657977346858,-0.035741531584894015,71.22795482815886,28.77204517184114,1468.1393465608148
2014-04-15,1415.6657977346858,1052.2371463783197,368.8631553872798,0.003838832611206433,0.4409657608991001,1421.1003017655994,0.4211003017655994,-0.032039904730710056,74.0438338568363,25.956166143163706,1468.1393465608148
2014-04-16,1421.1003017655994,1139.6591286949003,290.54005212664697,0.006402700108249393,0.1395550526801821,1430.1991808215473,0.4301991808215473,-0.025842346523948234,79.68534341071623,20.314656589283768,1468.1393465608148
2014-04-17,1430.1991808215473,1163.0685366435584,267.9580982944845,0.0005785586564384104,0.20424810955563885,1431.026634938043,0.43102663493804294,-0.02527873918079382,81.27511453998298,18.724885460017024,1468.1393465608148
2014-04-18,1431.026634938043,1087.5802425529125,343.3136630256422,-9.275114539986085e-05,0.13272935948816766,1430.8939055785547,0.4308939055785548,-0.02536914569418036,76.00704974092193,23.99295025907807,1468.1393465608148
2014-04-21,1430.8939055785547,1034.8710115528513,400.592956931459,0.003193851681063453,0.05733663053635319,1435.4639684843103,0.43546396848431024,-0.022256319301739436,72.09313742967437,27.906862570325643,1468.1393465608148
2014-04-22,1435.4639684843103,1041.9202706669048,400.592956931459,0.004910787918624537,0.0,1442.5132275983638,0.44251322759836365,-0.017454827447054955,72.22951240465191,27.770487595348094,1468.1393465608148
2014-04-23,1442.5132275983638,1037.792399917921,400.592956931459,-0.0028615825976557874,0.0,1438.38535684938,0.43838535684938007,-0.02026646161424317,72.14981680507981,27.850183194920202,1468.1393465608148
2014-04-24,1438.38535684938,1039.8891804178886,400.592956931459,0.0014577320952156025,0.0,1440.4821373493476,0.4404821373493475,-0.01883827259057902,72.1903558159634,27.809644184036603,1468.1393465608148
2014-04-25,1440.4821373493476,1071.9843111228445,360.0211876068684,-0.005884584334542864,0.09934673046854794,1432.0054987297128,0.43200549872971283,-0.024612001521345572,74.85895215303071,25.141047846969293,1468.1393465608148
2014-04-28,1432.0054987297128,1140.2663093234285,298.2066552584318,0.0045163694258747444,0.12782364359159876,1438.4729645818602,0.43847296458186014,-0.020206788986651403,79.26922072219025,20.730779277809745,1468.1393465608148
2014-04-29,1438.4729645818602,1130.0885685960714,312.6138110989887,0.0029402117504719882,0.0977029405462088,1442.70237969506,0.44270237969506,-0.017325989474597292,78.33137204881682,21.668627951183183,1468.1393465608148
2014-04-30,1442.70237969506,1132.8195187315869,312.6138110989887,0.0018929407575336565,0.0,1445.4333298305755,0.4454333298305755,-0.01546584578870469,78.37231198095928,21.62768801904072,1468.1393465608148
2014-05-01,1445.4333298305755,1253.5443747584393,188.39858955069647,-0.002414753727762009,0.1361926011177012,1441.9429643091357,0.4419429643091357,-0.017843253307695428,86.9343937857513,13.06560621424871,1468.1393465608148
2014-05-02,1441.9429643091357,1219.8459373274811,219.3903717802984,-0.0018770889475874242,0.03573148413536195,1439.2363091077796,0.43923630910777955,-0.019686848881710017,84.75647324960109,15.243526750398917,1468.1393465608148
2014-05-05,1439.2363091077796,1191.838757478061,250.264353492051,0.0019918910078844387,0.037613309302047086,1442.103110970112,0.4421031109701121,-0.01773417193108673,82.64587659590468,17.354123404095322,1468.1393465608148
2014-05-06,1442.103110970112,1189.36474256441,240.1629329404762,-0.008720205489860078,0.18758555454264053,1429.5276755048862,0.42952767550488624,-0.026299731797515102,83.1998402650264,16.800159734973615,1468.1393465608148
2014-05-07,1429.5276755048862,1112.2302380122983,321.46571953787617,0.0029158456437829994,0.17800745072319044,1433.6959575501744,0.4336959575501744,-0.0234605721121266,77.57783176795866,22.422168232041344,1468.1393465608148
2014-05-08,1433.6959575501744,1142.4063575117912,286.6248662042176,-0.003253642314885563,0.11432530581713758,1429.0312237160088,0.42903122371600877,-0.026637882116856693,79.94271493530512,20.057285064694884,1468.1393465608148
2014-05-09,1429.0312237160088,1109.7382580679127,321.4867471765003,0.001535152970765452,0.04527815960163756,1431.225005244413,0.4312250052444131,-0.02514362236995782,77.53765159227362,22.462348407726385,1468.1393465608148
2014-05-12,1431.225005244413,1100.0323205668235,340.6804237086336,0.006629103737203046,0.08743468289333202,1440.7127442754572,0.44071274427545726,-0.01868119831377435,76.3533414233825,23.64665857661749,1468.1393465608148
2014-05-13,1440.7127442754572,1181.5793880830436,261.77189184362686,0.0018314099474008305,0.1758798428198139,1443.3512799266705,0.44335127992667056,-0.016884001298794638,81.86360482827672,18.136395171723283,1468.1393465608148
2014-05-14,1443.3512799266705,1207.9146581597115,229.5866219654271,-0.004053067249040754,0.037445295633988865,1437.5012801251387,0.4375012801251388,-0.020868636555138487,84.02877095556805,15.97122904443194,1468.1393465608148
2014-05-15,1437.5012801251387,1165.5254637890882,261.19825166903155,-0.007497429613475326,0.1656174446300818,1426.7237154581198,0.4267237154581198,-0.028209605034912433,81.69244340449188,18.307556595508125,1468.1393465608148
2014-05-16,1426.7237154581198,1055.582533218576,373.4088186359312,0.0015894012076886899,0.25691636500496234,1428.9913518545072,0.4289913518545072,-0.026665040207534574,73.86906378745182,26.13093621254818,1468.1393465608148
2014-05-19,1428.9913518545072,1012.1400905323293,422.023288844251,0.0036193553693386615,0.17870147639876446,1434.1633793765802,0.4341633793765802,-0.02314219509464477,70.57355564135926,29.426444358640737,1468.1393465608148
2014-05-20,1434.1633793765802,1021.54664904031,405.20136165891483,-0.00517051877351582,0.10568033881430539,1426.7480106992248,0.42674801069922474,-0.028193056713963327,71.5996546958329,28.4003453041671,1468.1393465608148
2014-05-21,1426.7480106992248,885.7976420033682,551.0327439982516,0.007066682572386407,0.2108055900852671,1436.83038600162,0.43683038600161983,-0.021325605524119773,61.649422968311974,38.35057703168802,1468.1393465608148
2014-05-22,1436.83038600162,1078.1256227517968,359.00687904236185,0.0002102654533771009,0.20071745804301924,1437.1325017941585,0.4371325017941585,-0.02111982410885671,75.01922205543559,24.98077794456441,1468.1393465608148
2014-05-23,1437.1325017941585,1018.8758205652516,424.53844913195195,0.004371042958949634,0.06888094359495915,1443.4142696972035,0.44341426969720343,-0.016841096808372424,70.58789995051035,29.412100049489652,1468.1393465608148
2014-05-26,1443.4142696972035,1016.9509627412117,426.3930581803437,-4.866847801276997e-05,0.07024877564811818,1443.3440209215555,0.44334402092155556,-0.01688894565583543,70.45797453693004,29.542025463069958,1468.1393465608148
2014-05-27,1443.3440209215555,1088.9406047352165,360.70475222350063,0.004365789406976184,0.1312530068881233,1449.6453569587172,0.4496453569587173,-0.012596889828898505,75.11772444949976,24.88227555050023,1468.1393465608148
2014-05-28,1449.6453569587172,1039.1890555868197,409.5093510050391,-0.0006532289861882479,0.17303248329412907,1448.6984065918587,0.44869840659185867,-0.013241890161514669,71.73260154482865,28.267398455171357,1468.1393465608148
2014-05-29,1448.6984065918587,1046.0621768300086,409.5093510050391,0.004744342377899224,0.0,1455.5715278350476,0.4555715278350476,-0.008560371844272052,71.86607850085355,28.133921499146464,1468.1393465608148
2014-05-30,1455.5715278350476,1047.5083054358834,409.5093510050391,0.0009935125675519796,0.0,1457.0176564409226,0.4570176564409225,-0.007575364113730276,71.89400216292825,28.105997837071744,1468.1393465608148
2014-06-02,1457.0176564409226,1062.4567081114524,394.44775239744223,-7.769015806202706e-05,0.16119622197443065,1456.9044605088945,0.45690446050889455,-0.007652465740556891,72.92562669073975,27.074373309260253,1468.1393465608148
2014-06-03,1456.9044605088945,1061.3354268384048,394.51238276206936,-0.0007252712425983576,0.06590862575629111,1455.8478096004742,0.4558478096004741,-0.008372186869818665,72.90153681171284,27.098463188287152,1468.1393465608148
2014-06-04,1455.8478096004742,1140.2510817572045,316.29236721327266,0.00047782423781916883,0.19628704770000757,1456.5434489704771,0.45654344897047716,-0.0078983630658096,78.28472831093117,21.715271689068825,1468.1393465608148
2014-06-05,1456.5434489704771,1163.1695267286466,303.27979880649724,0.00680094821178745,0.1667530623521167,1466.4493255351438,0.46644932553514384,-0.0011511312121904593,79.31876720691847,20.68123279308154,1468.1393465608148
2014-06-06,1466.4493255351438,1258.7258476420625,213.70057115679262,0.004075894856803375,0.15662215041587285,1472.4264187988551,0.47242641879885516,0.0,85.48650252206689,14.513497477933107,1472.4264187988551
2014-06-09,1472.4264187988551,1303.8436624901483,169.66573034232255,0.0007355029900233401,0.22962567292991096,1473.509392832471,0.47350939283247095,0.0,88.4856023879033,11.514397612096696,1473.509392832471
2014-06-10,1473.509392832471,1308.313409388611,169.66573034232255,0.0030334023795197673,0.0,1477.9791397309336,0.47797913973093364,0.0,88.5204245593608,11.479575440639184,1477.9791397309336
2014-06-11,1477.9791397309336,1273.5139973904943,198.91935137958635,-0.003752279590267249,0.03937896880838605,1472.4333487700806,0.4724333487700805,-0.003752279590267249,86.49043424982578,13.509565750174236,1477.9791397309336
2014-06-12,1472.4333487700806,1338.4997731983487,122.51467934781971,-0.0077551192612217434,0.18809971635374798,1461.0144525461685,0.4610144525461686,-0.011478299475764953,91.61441016998097,8.38558983001903,1477.9791397309336
2014-06-13,1461.0144525461685,1214.693485703454,253.86975438466584,0.005166812367116247,0.21971562336354047,1468.5632400881198,0.46856324008811967,-0.006370793328333457,82.71305263167062,17.286947368329376,1477.9791397309336
2014-06-16,1468.5632400881198,1272.4917700742692,200.1396499109732,0.0027701768545416172,0.11897373740689912,1472.6314199852425,0.4726314199852424,-0.0036182646980150723,86.40938613730114,13.590613862698845,1477.9791397309336
2014-06-17,1472.6314199852425,1311.9521727471983,167.2420926152468,0.004456543088879883,0.10238692853062908,1479.194265362445,0.479194265362445,0.0,88.69370328620984,11.306296713790172,1479.194265362445
2014-06-18,1479.194265362445,1319.0906528431033,167.2420926152468,0.0048259246693034275,0.0,1486.33274545835,0.4863327454583499,0.0,88.74800456854139,11.251995431458607,1486.33274545835
2014-06-19,1486.33274545835,1276.3686067795336,207.80792663314682,-0.0014506926879315207,0.2786577310222584,1484.1765334126803,0.4841765334126804,-0.0014506926879315207,85.99843603810942,14.001563961890584,1486.33274545835
2014-06-20,1484.1765334126803,1329.3050022142356,154.43024189902044,-0.0002973293873670402,0.17148033146720998,1483.7352441132562,0.4837352441132561,-0.001747590741730476,89.59179257136844,10.408207428631554,1486.33274545835
2014-06-23,1483.7352441132562,1318.7908851767227,168.32984028639126,0.0022817287405483277,0.2764374537512943,1487.120725463114,0.487120725463114,0.0,88.68082211456164,11.319177885438357,1487.120725463114
2014-06-24,1487.120725463114,1284.7156161505313,193.81731126472238,-0.005774782034045023,0.15495727394472034,1478.5329274152537,0.47853292741525366,-0.005774782034045023,86.891241468423,13.108758531577008,1487.120725463114
2014-06-25,1478.5329274152537,1261.4583616155708,224.8270584975219,0.005243368310634544,0.1670826308861486,1486.2854201130926,0.4862854201130926,-0.0005616930325285097,84.87322451966092,15.126775480339075,1487.120725463114
2014-06-26,1486.2854201130926,1270.2294689727473,212.12973770915053,-0.0026416281678226516,0.1967508784341194,1482.3592066818978,0.4823592066818978,-0.0032018374162147145,85.68972103705012,14.31027896294989,1487.120725463114
2014-06-27,1482.3592066818978,1263.7918243238003,222.22668096277778,0.002468564021585129,0.12720003950687425,1486.0185052865781,0.4860185052865782,-0.0007411773352783424,85.04549706667875,14.95450293332124,1487.120725463114
2014-06-30,1486.0185052865781,1225.6798506653886,260.01130854659215,-0.00022028398262396998,0.04192987855909338,1485.6911592119807,0.4856911592119806,-0.0009612980484070555,82.49896642822432,17.50103357177569,1487.120725463114
2014-07-01,1485.6911592119807,1199.7869811945102,297.0225550885127,0.007483639518282903,0.11567675388344302,1496.809536283023,0.49680953628302293,0.0,80.15628923462774,19.84371076537225,1496.809536283023
2014-07-02,1496.809536283023,1277.8162214681504,213.63852727846262,-0.003577467544539692,0.1914064762549402,1491.454748746613,0.491454748746613,-0.003577467544539692,85.67582908847889,14.324170911521112,1496.809536283023
2014-07-03,1491.454748746613,1280.5273524148784,217.19833470470692,0.004204578367692502,0.30548282084075506,1497.7256871195852,0.4977256871195852,0.0,85.49812314947866,14.501876850521347,1497.7256871195852
2014-07-04,1497.7256871195852,1317.998604665235,179.5876453788472,-9.309920815425698e-05,0.13943707550302734,1497.5862500440821,0.4975862500440822,-9.309920815425698e-05,88.0081934931253,11.991806506874712,1497.7256871195852
2014-07-07,1497.5862500440821,1342.006626192197,149.72855615226374,-0.0039069988118874965,0.030068852144304138,1491.7351823444608,0.4917351823444607,-0.003999734281546097,89.96279246314045,10.037207536859547,1497.7256871195852
2014-07-08,1491.7351823444608,1249.5276187420143,229.305766390419,-0.008648852265956908,0.1919539702671081,1478.8333851324332,0.47883338513243334,-0.012613993436598858,84.49414459426178,15.505855405738226,1497.7256871195852
2014-07-09,1478.8333851324332,1116.7703120893234,369.42105577566446,0.004975531933839594,0.28729050744387163,1486.1913678649878,0.48619136786498784,-0.007701222829916365,75.14310311825037,24.856896881749638,1497.7256871195852
2014-07-10,1486.1913678649878,1173.2031244340292,309.5562251758747,-0.002309270750249448,0.06697646266454746,1482.759349609904,0.48275934960990385,-0.009992709371543507,79.12296251867741,20.877037481322592,1497.7256871195852
2014-07-11,1482.759349609904,1147.7482473353516,336.729264930617,0.0011587602914233663,0.2614963443610081,1484.4775122659685,0.4844775122659686,-0.008845528234943667,77.31664763202649,22.683352367973523,1497.7256871195852
2014-07-14,1484.4775122659685,1184.9349057959757,309.05787492723675,0.006409843449039165,0.2082734615066543,1493.9927807232125,0.4939927807232125,-0.002492383237114537,79.31329529064874,20.686704709351268,1497.7256871195852
2014-07-15,1493.9927807232125,1222.8501180282142,268.7819103754296,-0.0015801631373519864,0.1367901547486428,1491.6320284036437,0.49163202840364373,-0.004068608002351093,81.98068255056967,18.019317449430346,1497.7256871195852
2014-07-16,1491.6320284036437,1280.9744235999885,220.65985474490367,0.006705574666395986,0.3226679815620657,1501.6342783448922,0.5016342783448922,0.0,85.30535311246918,14.694646887530824,1501.6342783448922
2014-07-17,1501.6342783448922,1314.956724904654,173.10447950553734,-0.009038867939043849,0.16101414964227578,1488.0612044101913,0.4880612044101913,-0.009038867939043849,88.3671129256979,11.632887074302104,1501.6342783448922
2014-07-18,1488.0612044101913,1151.481267264805,343.22113560349754,0.004462987435213339,0.1776038757772492,1494.7024028683024,0.49470240286830247,-0.004616220857871056,77.03749355424442,22.962506445755583,1501.6342783448922
2014-07-21,1494.7024028683024,1264.6352819873516,229.7258891504861,-0.00022829409373381626,0.22832667540645685,1494.3611711378378,0.49436117113783773,-0.004843461095647594,84.62715081284078,15.372849187159222,1501.6342783448922
2014-07-22,1494.3611711378378,1280.3561261357954,217.63852731401093,0.0024314619398213555,0.289143476923883,1497.9946534498063,0.4979946534498063,-0.002423775847137377,85.47134151561889,14.528658484381127,1501.6342783448922
2014-07-23,1497.9946534498063,1290.3081255814448,209.5491226289109,0.0012433921284431548,0.17012885406190117,1499.8572482103557,0.4998572482103556,-0.0011833974225037291,86.02872887543485,13.97127112456515,1501.6342783448922
2014-07-24,1499.8572482103557,1252.6646470439418,249.84167235699684,0.0017662155473421315,0.13453567806241334,1502.5063194009388,0.5025063194009387,0.0,83.37167244284132,16.628327557158677,1502.5063194009388
2014-07-25,1502.5063194009388,1242.5499349449203,249.84167235699684,-0.0067318932162989675,0.0,1492.3916073019172,0.4923916073019172,-0.0067318932162989675,83.2589736410617,16.741026358938292,1502.5063194009388
2014-07-28,1492.3916073019172,1256.3543491528785,237.17711257730824,0.0007637770292276969,0.24882494799678925,1493.5314617301867,0.4935314617301867,-0.005973257852473046,84.11971099004842,15.880289009951593,1502.5063194009388
2014-07-29,1493.5314617301867,1274.9706596422823,213.20266151831217,-0.0035875645789109623,0.1589758717145975,1488.1733211605945,0.48817332116059453,-0.009539392983091699,85.67353288177213,14.326467118227868,1502.5063194009388
2014-07-30,1488.1733211605945,1171.982023900288,318.7831924822308,0.0017416622009476246,0.11109062361106571,1490.7652163825187,0.4907652163825187,-0.007814345182322602,78.61613693564784,21.38386306435215,1502.5063194009388
2014-07-31,1490.7652163825187,1251.987128316087,212.85268007191823,-0.01739067138782857,0.11377941129878966,1464.8398083880052,0.4648398083880052,-0.025069119860974376,85.46921794089187,14.530782059108136,1502.5063194009388
2014-08-01,1464.8398083880052,1059.0042805930948,402.5557831440156,-0.002238978373003131,0.2751641626857339,1461.5600637371103,0.46156006373711045,-0.02725196901677862,72.45711667061376,27.542883329386246,1502.5063194009388
2014-08-04,1461.5600637371103,982.1598410511192,486.9667165416133,0.005176998224948104,0.21997137075677456,1469.1265575927325,0.4691265575927326,-0.022216054187056633,66.85331743375855,33.146682566241445,1502.5063194009388
2014-08-05,1469.1265575927325,1055.2584617996702,403.7914652475451,-0.006858926137737531,0.21833809045628014,1459.0499270472153,0.45904992704721526,-0.028922602050053148,72.32504126402809,27.67495873597191,1502.5063194009388
2014-08-06,1459.0499270472153,917.8124444288359,546.9236026159069,0.003897138742219086,0.22012002679882528,1464.736047044743,0.46473604704474303,-0.025138178700809144,62.66060334082839,37.339396659171605,1502.5063194009388
2014-08-07,1464.736047044743,930.1328583390555,532.4537623449834,-0.0014674496234600154,0.17752748946863214,1462.5866206840387,0.4625866206840388,-0.026568739313400203,63.59506132389209,36.40493867610791,1502.5063194009388
2014-08-08,1462.5866206840387,885.5462952722646,584.8385647129202,0.005331813644992245,0.19608356069518063,1470.384859985185,0.470384859985185,-0.021378585235209524,60.225476973503866,39.77452302649612,1502.5063194009388
2014-08-11,1470.384859985185,987.2454823482472,489.95550829209276,0.004635609928154372,0.1727783696355703,1477.20099064034,0.47720099064034005,-0.016842078089021384,66.8321703413084,33.167829658691595,1502.5063194009388
2014-08-12,1477.20099064034,938.3614124487102,537.0496426086082,-0.0012117075430918556,0.11435398787895526,1475.4110550573184,0.4754110550573185,-0.018033377959051355,63.599998741520594,36.400001258479406,1502.5063194009388
2014-08-13,1475.4110550573184,911.7401731882602,570.0089555490479,0.004295801945000122,0.03622481400686401,1481.7491287373082,0.48174912873730813,-0.013815043834162766,61.53134532059495,38.468654679405034,1502.5063194009388
2014-08-14,1481.7491287373082,944.3189147217663,538.7142443489544,0.0008665639199711972,0.10362064643044559,1483.0331590707206,0.48303315907072064,-0.012960451532731176,63.6748348441166,36.32516515588341,1502.5063194009388
2014-08-15,1483.0331590707206,911.7005274130188,572.952348969215,0.001092165270618839,0.0377352171997157,1484.652876382234,0.484652876382234,-0.01188244121716786,61.408329308237256,38.59167069176274,1502.5063194009388
2014-08-18,1484.652876382234,952.6464319830345,539.7685352615226,0.005228219327091166,0.10523796838062711,1492.4149672445571,0.49241496724455724,-0.006716345898901244,63.832543420675,36.167456579325005,1502.5063194009388
2014-08-19,1492.4149672445571,1010.0338281151938,486.5223890194581,0.0027748648874386106,0.13466551681047123,1496.556217134652,0.4965562171346518,-0.003960117963869303,67.49053704437729,32.5094629556227,1502.5063194009388
2014-08-20,1496.556217134652,1040.884563988281,455.4358366467809,-0.00015757276398320474,0.03779465506978636,1496.3204006350618,0.4963204006350619,-0.0041170667211192224,69.56294678242128,30.437053217578725,1502.5063194009388
2014-08-21,1496.3204006350618,1077.2823599632,422.8369159517521,0.002538811392451823,0.036240749461180985,1500.1192759149521,0.5001192759149522,-0.0015887077845625486,71.81311361432539,28.186886385674605,1502.5063194009388
2014-08-22,1500.1192759149521,1093.0829544035416,406.17678771402456,-0.000572976970022343,0.10551617960826512,1499.2597421175662,0.4992597421175662,-0.002160774461612225,72.90817752897591,27.091822471024084,1502.5063194009388
2014-08-25,1499.2597421175662,1084.165016904099,419.6626510758389,0.0030467875138966427,0.13007671707951118,1503.8276679799378,0.5038276679799378,0.0,72.09370062730902,27.906299372690984,1503.8276679799378
2014-08-26,1503.8276679799378,1085.2279861200477,419.6626510758389,0.0007068424385199279,0.0,1504.8906371958865,0.5048906371958866,0.0,72.11341205113679,27.886587948863212,1504.8906371958865
2014-08-27,1504.8906371958865,1110.6494903605947,392.4336303353403,-0.0012010949203057342,0.14653588967364442,1503.083120695935,0.503083120695935,-0.0012010949203057342,73.89142190927927,26.10857809072073,1504.8906371958865
2014-08-28,1503.083120695935,1140.4002311043919,360.5407098695294,-0.0014251904585435016,0.19923909749509172,1500.9409409739212,0.5009409409739212,-0.002624573589829038,75.97902089101628,24.020979108983727,1504.8906371958865
2014-08-29,1500.9409409739212,1163.0532683573956,343.88921000750025,0.003998516681862574,0.07642229902348088,1506.9424783648958,0.5069424783648957,0.0,77.17967241983673,22.820327580163273,1506.9424783648958
2014-09-01,1506.9424783648958,1244.8655256057834,261.932930909699,-9.55722275276516e-05,0.14402184941337312,1506.7984565154825,0.5067984565154824,-9.55722275276516e-05,82.61659150385468,17.383408496145325,1506.9424783648958
2014-09-02,1506.7984565154825,1283.1704124356818,229.2625480948975,0.0037393879657448004,0.03286920093683408,1512.4329605305793,0.5124329605305793,0.0,84.84147369980157,15.158526300198425,1512.4329605305793
2014-09-03,1512.4329605305793,1257.4778322356449,251.98633243641424,-0.0019629272410717213,0.0858276520156398,1509.464164672059,0.509464164672059,-0.0019629272410717213,83.30623950313124,16.693760496868762,1512.4329605305793
2014-09-04,1509.464164672059,1260.8524238269079,251.98633243641424,0.0022356221964343614,0.0,1512.838756263322,0.5128387562633221,0.0,83.343477195229,16.656522804771004,1512.838756263322
2014-09-05,1512.838756263322,1327.4206438845538,189.02961062291394,0.002387232763038094,0.07523391000147975,1516.4502545074677,0.5164502545074676,0.0,87.53473052867736,12.465269471322646,1516.4502545074677
2014-09-08,1516.4502545074677,1303.8695766623855,212.1616052861726,-0.00027635100964507053,0.1414303448726927,1516.031181948558,0.5160311819485579,-0.00027635100964507053,86.0054590029289,13.994540997071105,1516.4502545074677
2014-09-09,1516.031181948558,1325.3939330131368,181.82509645289733,-0.00581264593199049,0.0986453809297519,1507.219029466034,0.5072190294660341,-0.006087390611063448,87.93638529648123,12.063614703518766,1516.4502545074677
2014-09-10,1507.219029466034,1252.0709279642465,261.86561731117024,0.004456894239029507,0.25943129161839196,1513.9365452754168,0.5139365452754168,-0.0016576272281791926,82.70299913636528,17.297000863634704,1516.4502545074677
2014-09-11,1513.9365452754168,1317.400677300471,197.33374605776498,0.0005270221432391864,0.1362381085937097,1514.734423358236,0.514734423358236,-0.001131478691194454,86.97238651114385,13.027613488856153,1516.4502545074677
2014-09-12,1514.734423358236,1312.6289865516433,197.50261934062678,-0.0030386960215516012,0.07143588001282064,1510.13160589227,0.51013160589227,-0.004166736492948742,86.9214962080122,13.0785037919878,1516.4502545074677
2014-09-15,1510.13160589227,1171.5929515483313,328.1535344405876,-0.0068769634797593016,0.13594510121027964,1499.7464859889187,0.4997464859889187,-0.011015045478016128,78.11939967812586,21.880600321874148,1516.4502545074677
2014-09-16,1499.7464859889187,1114.7567834406123,391.0438715253927,0.0040367949074366916,0.1943422108469479,1505.800654966005,0.505800654966005,-0.007022716050070321,74.0308340127385,25.969165987261505,1516.4502545074677
2014-09-17,1505.800654966005,1236.5740003312387,270.6506318073508,0.0009456611457090425,0.39348608653003764,1507.2246321385896,0.5072246321385896,-0.006083696014066997,82.04311248394828,17.95688751605172,1516.4502545074677
2014-09-18,1507.2246321385896,1274.4124366448732,241.12189263403616,0.005513243987081751,0.034048508138081135,1515.5343292789094,0.5155343292789094,-0.0006039929274539446,84.08997487052888,15.910025129471125,1516.4502545074677
2014-09-19,1515.5343292789094,1309.9267382231744,203.87907498529094,-0.0011405324426180252,0.13516164840833061,1513.8058132084655,0.5138058132084655,-0.001743836496543083,86.5320192850115,13.467980714988498,1516.4502545074677
2014-09-22,1513.8058132084655,1242.8944300417938,261.9410804601543,-0.005925662742373161,0.06377182592613775,1504.8355105019482,0.5048355105019482,-0.007659165851959915,82.59337458266238,17.406625417337608,1516.4502545074677
2014-09-23,1504.8355105019482,1229.5543679975488,270.711356879831,-0.0030367343092827515,0.15903501051971544,1500.2657248773799,0.5002657248773799,-0.010672641309519504,81.95577274139507,18.044227258604927,1516.4502545074677
2014-09-24,1500.2657248773799,1183.6918822997832,325.85885125890815,0.006188909422742528,0.28587154052248903,1509.5507335586913,0.5095507335586913,-0.0045497838971430005,78.41352105532009,21.586478944679918,1516.4502545074677
2014-09-25,1509.5507335586913,1245.9224785856723,241.26671915514876,-0.014813371502363504,0.26139821424188575,1487.189197740821,0.48718919774082114,-0.019295757760382504,83.77699895066105,16.22300104933894,1516.4502545074677
2014-09-26,1487.189197740821,1033.423421912143,459.8492601021674,0.004090592026038564,0.47120586522959707,1493.2726820143105,0.4932726820143105,-0.015284096807174907,69.20527204168324,30.794727958316763,1516.4502545074677
2014-09-29,1493.2726820143105,1050.7078650327192,440.88288521711405,-0.001126339338243576,0.31131628711416726,1491.5907502498333,0.49159075024983334,-0.016393221065935104,70.44210114984499,29.557898850155016,1516.4502545074677
2014-09-30,1491.5907502498333,1065.2995746340557,426.08670973063874,-0.00013707907822879672,0.08207605502810032,1491.3862843646943,0.49138628436469434,-0.016528052976530927,71.4301576863338,28.56984231366621,1516.4502545074677
2014-10-01,1491.3862843646943,993.21151394772,484.55023823937137,-0.009135481746371799,0.15030417915427433,1477.7617521870914,0.4777617521870914,-0.025512542996632637,67.2105305525579,32.7894694474421,1516.4502545074677
2014-10-02,1477.7617521870914,888.9627385221568,590.9191003356492,0.0014346606735333722,0.18560053918723288,1479.881838857806,0.4798818388578061,-0.02411448416521833,60.069845793112165,39.93015420688783,1516.4502545074677
2014-10-03,1479.881838857806,936.7568723532975,554.8401628756943,0.007916305250578404,0.11552669598285795,1491.597035228992,0.491597035228992,-0.016389076532251856,62.80227502661169,37.197724973388304,1516.4502545074677
2014-10-06,1491.597035228992,1194.744133783417,298.0570651781828,0.0008072982877864732,0.26234186761544676,1492.8011989615998,0.4928011989615997,-0.015595009117888248,80.03370673968423,19.966293260315766,1516.4502545074677
2014-10-07,1492.8011989615998,958.0256385091448,522.2537735265638,-0.008388114194041063,0.2266461099960694,1480.2794120357084,0.48027941203570834,-0.023852310594591364,64.71924359142776,35.28075640857225,1516.4502545074677
2014-10-08,1480.2794120357084,884.7115207430693,609.2150215180446,0.00921929340801797,0.3117952025412608,1493.9265422611138,0.4939265422611139,-0.014852918636404144,59.220550389581085,40.77944961041892,1516.4502545074677
2014-10-09,1493.9265422611138,954.9199462311972,522.5557888748812,-0.011011791202354848,0.3185009165086579,1477.4757351060784,0.47747573510607855,-0.025701152599989396,64.63185306814103,35.36814693185896,1516.4502545074677
2014-10-10,1477.4757351060784,892.7095051675707,574.2883743009818,-0.007091727727612129,0.28552268471543496,1466.9978794685526,0.46699787946855253,-0.03261061475107663,60.852814967324385,39.14718503267561,1516.4502545074677
2014-10-13,1466.9978794685526,858.237439674104,595.7564987649832,-0.008864321626815275,0.21138976911634588,1453.9939384390873,0.4539939384390872,-0.041185865400290234,59.02620478565761,40.973795214342395,1516.4502545074677
2014-10-14,1453.9939384390873,873.5276261132517,581.493235231974,0.0007062772952415308,0.10434014366083293,1455.0208613452257,0.4550208613452258,-0.040508676746665695,60.03540219386545,39.96459780613454,1516.4502545074677
2014-10-15,1455.0208613452257,816.9325513420048,623.4387503246871,-0.010068281539956425,0.14161882326670408,1440.371301666692,0.44037130166669214,-0.05016910552432563,56.71680284081684,43.28319715918315,1516.4502545074677
2014-10-16,1440.371301666692,768.3742479872501,647.6913085980303,-0.016874638541664155,0.4757771519810098,1416.0655565852803,0.4160655565852802,-0.06619715854430819,54.26120594586865,45.73879405413136,1516.4502545074677
2014-10-17,1416.0655565852803,791.4332492168932,637.0969992515945,0.008802340982902557,0.13250121178159277,1428.5302484684876,0.42853024846848764,-0.057977507523011895,55.40192446504935,44.59807553495067,1516.4502545074677
2014-10-20,1428.5302484684876,783.20717401463,654.4872961420156,0.00641514010500166,0.2557344060412104,1437.6944701566456,0.43769447015664564,-0.05193430125170928,54.476607531869746,45.523392468130254,1516.4502545074677
2014-10-21,1437.6944701566456,891.8940518669834,552.7509698543822,0.004834512275728953,0.20844174432767082,1444.6450217213655,0.44464502172136555,-0.04735086599291316,61.737938279415374,38.26206172058464,1516.4502545074677
2014-10-22,1444.6450217213655,845.1043734578614,594.4149474933099,-0.0035480693825301612,0.4388849801935118,1439.5193209511713,0.4395193209511712,-0.05073093121757766,58.707400530022305,41.292599469977695,1516.4502545074677
2014-10-23,1439.5193209511713,871.8077594735017,575.6220611588435,0.005495236893344968,0.185667221625114,1447.4298206323451,0.44742982063234504,-0.045514472809093154,60.23143554501531,39.7685644549847,1516.4502545074677
2014-10-24,1447.4298206323451,859.3035089010363,595.8098500635543,0.0053084012936037706,0.19066431447004517,1455.1133589645906,0.4551133589645906,-0.040447680601826796,59.0540595072598,40.9459404927402,1516.4502545074677
2014-10-27,1455.1133589645906,846.5544965791702,606.2059058880209,-0.0016170262494695775,0.09132701389194682,1452.760402467191,0.45276040246719096,-0.04199930189003309,58.272134561314125,41.72786543868588,1516.4502545074677
2014-10-28,1452.760402467191,916.6249443795465,544.5670925820062,0.00580387136106042,0.21805834319040243,1461.1920369615527,0.46119203696155275,-0.036439189074396916,62.73131259910261,37.2686874008974,1516.4502545074677
2014-10-29,1461.1920369615527,841.3674926622153,614.9373662128897,-0.0033446514645741887,0.3013861919746823,1456.304858875105,0.4563048588751051,-0.039661964151865514,57.77413208056681,42.225867919433185,1516.4502545074677
2014-10-30,1456.304858875105,930.2193911617533,525.659094983917,-0.0002927771110811106,0.22877072098210907,1455.8784861456702,0.45587848614567017,-0.039943129147662515,63.894026872011814,36.10597312798819,1516.4502545074677
2014-10-31,1455.8784861456702,930.8985896985884,536.2889419965906,0.007767849897589052,0.0873423728668916,1467.187531695179,0.467187531695179,-0.03248555148173249,63.44782582926084,36.55217417073916,1516.4502545074677
2014-11-03,1467.187531695179,883.5031835011356,586.7510672308052,0.0020902024932141217,0.12394544726623997,1470.2542507319408,0.47025425073194094,-0.03046325036921893,60.091863911381225,39.908136088618775,1516.4502545074677
2014-11-04,1470.2542507319408,854.491500442093,618.943948685914,0.002163706307587443,0.1104726749031504,1473.435449128007,0.47343544912800684,-0.02836545758860498,57.993141195821586,42.00685880417842,1516.4502545074677
2014-11-05,1473.435449128007,893.03325430285,581.573190682256,0.0007947384853488337,0.04606555248354151,1474.606444985106,0.47460644498510596,-0.027593262224056447,60.560786055147744,39.439213944852256,1516.4502545074677
2014-11-06,1474.606444985106,859.0584732710545,620.8421472039303,0.003590229452667515,0.044777000324829015,1479.9006204749849,0.47990062047498494,-0.02410209891412085,58.04838928950063,41.95161071049936,1516.4502545074677
2014-11-07,1479.9006204749849,850.2988143983976,628.8756530543469,-0.000490676882078267,0.08211064752168733,1479.1744674527445,0.4791744674527445,-0.02458094945345246,57.484687108119125,42.515312891880875,1516.4502545074677
2014-11-10,1479.1744674527445,918.0614497920943,563.3561091403159,0.001516448214204491,0.13892607977730892,1481.4175589324102,0.4814175589324101,-0.023101776976150012,61.97182180382006,38.02817819617994,1516.4502545074677
2014-11-11,1481.4175589324102,918.9461254723582,563.3561091403159,0.0005971818512138238,0.0,1482.302234612674,0.48230223461267396,-0.022518391086877143,61.994517987924304,38.00548201207569,1516.4502545074677
2014-11-12,1482.302234612674,1058.1784857028865,423.36781688127166,-0.0005099715907217472,0.1471072937781741,1481.5463025841582,0.4815463025841582,-0.02301687893787585,71.42392268518233,28.576077314817677,1516.4502545074677
2014-11-13,1481.5463025841582,1151.8732956617,336.54208117048796,0.00463642225426808,0.17298759863896174,1488.415376832188,0.48841537683218794,-0.0184871726533391,77.38923647196158,22.61076352803842,1516.4502545074677
2014-11-14,1488.415376832188,1243.354355886163,247.91464289993897,0.0019172214949749744,0.15458657209237942,1491.268998786102,0.4912689987861021,-0.01660539516315651,83.37559198898774,16.624408011012253,1516.4502545074677
2014-11-17,1491.268998786102,1278.0710774410961,212.99758638791005,-0.00013433857825706497,0.04084201010444419,1491.0686638290063,0.49106866382900627,-0.016737502996235887,85.71510544384049,14.284894556159507,1516.4502545074677
2014-11-18,1491.0686638290063,1329.5011837805475,169.28364466966306,0.005174922395183135,0.1559762199965864,1498.7848284502106,0.49878482845021055,-0.011649195880147456,88.7052736686221,11.294726331377902,1516.4502545074677
2014-11-19,1498.7848284502106,1358.8082707087026,136.2125129989783,-0.002511397681027927,0.04065322376829343,1495.020783707681,0.495020783707681,-0.014131337797656185,90.88892178066122,9.11107821933877,1516.4502545074677
2014-11-20,1495.020783707681,1357.4404568193013,142.18946967538236,0.003082995793256993,0.19346210630183291,1499.6299264946836,0.4996299264946835,-0.011091908859382382,90.51836275315313,9.481637246846878,1516.4502545074677
2014-11-21,1499.6299264946836,1243.3619051794192,260.49098496938296,0.0028160038550240074,0.31421963838821704,1503.852890148802,0.5038528901488022,-0.008307139862465895,82.67842641552473,17.32157358447528,1516.4502545074677
2014-11-24,1503.852890148802,1247.8090883369155,260.49098496938296,0.002957192945286291,0.0,1508.3000733062984,0.5083000733062983,-0.005374512732576497,82.72949862036613,17.27050137963387,1516.4502545074677
2014-11-25,1508.3000733062984,1311.8976171452755,196.5304108589631,8.483371459333533e-05,0.20438131142385987,1508.4280280042385,0.5084280280042386,-0.005290134957862347,86.97117746353553,13.02882253646449,1516.4502545074677
2014-11-26,1508.4280280042385,1253.8510032039896,262.264026040597,0.005096034479363576,0.0712831775314952,1516.1150292445866,0.5161150292445866,-0.00022105918864445684,82.70157468386343,17.298425316136576,1516.4502545074677
2014-11-27,1516.1150292445866,1252.442850245528,263.5987385064647,-4.843992123104712e-05,0.07344049259386823,1516.0415887519928,0.5160415887519927,-0.0002694884017857557,82.61269740472888,17.387302595271116,1516.4502545074677
2014-11-28,1516.0415887519928,1288.1479692885985,230.66896599603186,0.0018306532968677125,0.033014901010551545,1518.8169352846303,0.5188169352846304,0.0,84.812589283329,15.18741071667099,1518.8169352846303
2014-12-01,1518.8169352846303,1330.1897582459953,172.40939524067568,-0.01067790424322601,0.18343831439592695,1502.599153486671,0.502599153486671,-0.01067790424322601,88.5259222434265,11.474077756573491,1518.8169352846303
2014-12-02,1502.599153486671,1284.05678502676,225.05597350380467,0.004334891996164991,0.33389951919586686,1509.1127585305646,0.5091127585305646,-0.0063892998087008435,85.08686827862066,14.913131721379354,1518.8169352846303
2014-12-03,1509.1127585305646,1358.4845767879917,150.75656656363557,8.5073047283446e-05,0.15470928942083612,1509.2411433516272,0.5092411433516273,-0.006304770318622088,90.011101457992,9.988898542008002,1518.8169352846303
2014-12-04,1509.2411433516272,1356.214623569309,150.8395911069721,-0.0014490253495802463,0.08452322819048011,1507.0542146762812,0.5070542146762811,-0.007744659896187445,89.9910972254324,10.00890277456759,1518.8169352846303
2014-12-05,1507.0542146762812,1400.9995460120558,112.98590846743362,0.004599197385010578,0.04315763328730043,1513.9854544794894,0.5139854544794893,-0.003181081730719293,92.53718665967776,7.46281334032224,1518.8169352846303
2014-12-08,1513.9854544794894,1392.6776339722758,112.98590846743362,-0.005496692200811837,0.0,1505.6635424397093,0.5056635424397093,-0.008660288504391711,92.49593914691218,7.504060853087825,1518.8169352846303
2014-12-09,1505.6635424397093,1305.5455530796892,197.9166473832804,-0.0014620410966269537,0.19697662194448323,1503.4622004629696,0.5034622004629696,-0.010109667903316577,86.83594124798516,13.164058752014837,1518.8169352846303
2014-12-10,1503.4622004629696,1206.024102459032,276.8686909866643,-0.013681359605142718,0.08487225651438333,1482.8927934456965,0.4828927934456966,-0.023652713506385536,81.32914987446101,18.67085012553898,1518.8169352846303
2014-12-11,1482.8927934456965,1118.0728252523134,370.52299782957266,0.003845881281099084,0.20020053185157755,1488.595823081886,0.4885958230818861,-0.01989779775340783,75.10922763020606,24.890772369793936,1518.8169352846303
2014-12-12,1488.595823081886,1101.4623538871845,370.52299782957266,-0.011158483120515372,0.0,1471.9853517167571,0.47198535171675715,-0.030834251633556353,74.82835020080624,25.171649799193762,1518.8169352846303
2014-12-15,1471.9853517167571,902.4191460121845,562.5470728470502,-0.004768480100251105,0.2708557505333018,1464.9662188592347,0.4649662188592347,-0.03545569921848668,61.5999969415606,38.4000030584394,1518.8169352846303
2014-12-16,1464.9662188592347,894.6394263497162,559.9598948445943,-0.007076543835254356,0.17424766040731055,1454.5993211943105,0.45459932119431046,-0.042281339244011784,61.50418285739095,38.49581714260905,1518.8169352846303
2014-12-17,1454.5993211943105,783.9054267242074,684.3872171689351,0.009413810730771521,0.13011045191697101,1468.2926438931424,0.4682926438931425,-0.03326555703832701,53.388909219466015,46.61109078053398,1518.8169352846303
2014-12-18,1468.2926438931424,920.5580238621054,570.8069377528682,0.01571370517845505,0.19575709446500758,1491.3649616149737,0.4913649616149738,-0.0180745770157692,61.72587177220852,38.27412822779148,1518.8169352846303
2014-12-19,1491.3649616149737,1122.0341607237372,372.63551542141704,0.0022158992702911995,0.2057249823264859,1494.6696761451542,0.4946696761451541,-0.015898729187498017,75.06903890748174,24.93096109251826,1518.8169352846303
2014-12-22,1494.6696761451542,1150.2826261196276,353.8665532279197,0.006342206143394424,0.13415954330109203,1504.1491793475473,0.5041491793475472,-0.009657356062028777,76.47397225709913,23.526027742900872,1518.8169352846303
2014-12-23,1504.1491793475473,1243.5614414185823,263.0296079360549,0.0016234227566105375,0.1964984497658039,1506.591049354637,0.5065910493546371,-0.008049611277018087,82.54140643881257,17.458593561187435,1518.8169352846303
2014-12-24,1506.591049354637,1205.0185579758845,301.20104156288215,-0.0002465498623727136,0.11716830804519732,1506.2195995387667,0.5062195995387666,-0.008294176508838347,80.00284675255084,19.997153247449155,1518.8169352846303
2014-12-25,1506.2195995387667,1167.3201896425444,338.85944209082874,-2.653517814132922e-05,0.03996780539360693,1506.179631733373,0.5061796317333731,-0.008320491599528412,77.50205653087637,22.49794346912363,1518.8169352846303
2014-12-26,1506.179631733373,1131.8454717207742,376.5072224675007,0.0014427644678749463,0.03768546584251453,1508.3526941882749,0.5083526941882748,-0.006889731641288588,75.03851559928964,24.96148440071036,1518.8169352846303
2014-12-29,1508.3526941882749,1242.0656219003722,263.7716492832774,-0.00166766235398208,0.19007219967056638,1505.8372711836496,0.5058372711836496,-0.008545904249183445,82.483389518182,17.516610481818002,1518.8169352846303
2014-12-30,1505.8372711836496,1237.4222518473016,263.3661143487289,-0.0033528888441248794,0.1554081084097682,1500.7883661960304,0.5007883661960304,-0.011870139626288356,82.45148214892755,17.548517851072447,1518.8169352846303
2014-12-31,1500.7883661960304,1326.4082639314515,157.72617987006458,-0.0110967827107602,0.25154288741247827,1484.1344438015162,0.48413444380151627,-0.02283520197686928,89.37251402466887,10.627485975331115,1518.8169352846303
2015-01-01,1484.1344438015162,1210.7412567854474,273.27397145292656,-8.032666018908952e-05,0.11921556314230362,1484.015228238374,0.48401522823837406,-0.022913694361548775,81.58550085922492,18.41449914077507,1518.8169352846303
2015-01-02,1484.015228238374,1288.3573628184897,195.10887104973256,-0.0003699385017789103,0.1562905605797909,1483.4662338682224,0.4834662338682223,-0.023275156205565417,86.8477713482581,13.152228651741883,1518.8169352846303
2015-01-05,1483.4662338682224,1268.6518068962882,195.10887104973256,-0.013283454299339414,0.0,1463.7606779460207,0.4637606779460206,-0.03624943603113817,86.67071236511742,13.329287634882595,1518.8169352846303
2015-01-06,1463.7606779460207,1257.1139900648732,195.10887104973256,-0.007882310957830319,0.0,1452.2228611146056,0.4522228611146055,-0.04384601766212515,86.56481203580675,13.435187964193265,1518.8169352846303
2015-01-07,1452.2228611146056,1004.6603583584597,458.3284941372006,0.007413456756073522,0.26819884635919006,1462.9888524956602,0.46298885249566024,-0.036757611461915696,68.67177126091191,31.3282287390881,1518.8169352846303
2015-01-08,1462.9888524956602,862.0359905963628,615.8360540423528,0.01017314118126511,0.15925227160952443,1477.8720446387156,0.4778720446387157,-0.02695841065153881,58.3295417031248,41.670458296875196,1518.8169352846303
2015-01-09,1477.8720446387156,928.4717064539047,544.3954709413786,-0.003386536244181948,0.08370339920084925,1472.8671773952833,0.4728671773952833,-0.0302536512609638,63.038386672169324,36.961613327830676,1518.8169352846303
2015-01-12,1472.8671773952833,887.1143629521189,581.348744076848,-0.002990134096208741,0.04619436865855392,1468.463107028967,0.4684631070289671,-0.03315332288300221,60.41107595457076,39.58892404542924,1518.8169352846303
2015-01-13,1468.463107028967,848.0284591802035,618.1785907756898,-0.0015363389534778227,0.12166481545429313,1466.2070499558934,0.46620704995589346,-0.03463872709509763,57.83824727931257,42.16175272068743,1518.8169352846303
2015-01-14,1466.2070499558934,840.4416966873002,617.2696955922959,-0.0057943096621673185,0.08064123123827474,1457.711392279596,0.4577113922795961,-0.040232329246172704,57.65487607070162,42.34512392929838,1518.8169352846303
2015-01-15,1457.711392279596,808.8889100140593,642.917020234995,-0.004051187403637413,0.19094694717974742,1451.8059302490542,0.45180593024905424,-0.044120527944349064,55.716049449894186,44.28395055010582,1518.8169352846303
2015-01-16,1451.8059302490542,822.6611360383413,635.0728398027383,0.0040832217781396896,0.09225468122296003,1457.7339758410794,0.45773397584107944,-0.040217460066774735,56.434243124757,43.565756875243004,1518.8169352846303
2015-01-19,1457.7339758410794,814.6160453229562,643.0241363700054,-6.434243124764372e-05,0.09379414811780148,1457.6401816929615,0.4576401816929616,-0.040279214808863095,55.8859487789935,44.11405122100651,1518.8169352846303
2015-01-20,1457.6401816929615,816.6715296690705,642.9907603097212,0.0013872479033074647,0.08579043717364496,1459.6622899787917,0.45966228997879166,-0.03894784416184616,55.94934768650744,44.05065231349256,1518.8169352846303
2015-01-21,1459.6622899787917,1021.3893481374344,437.52514826964017,-0.0005123058784564094,0.3735387239973237,1458.9144964070745,0.4589144964070744,-0.03944019683078526,70.01022682637328,29.989773173626723,1518.8169352846303
2015-01-22,1458.9144964070745,1004.383727293479,471.7223606479181,0.011783823916110991,0.279388189664834,1476.1060879413972,0.4761060879413972,-0.028121129249344956,68.0427874052203,31.957212594779698,1518.8169352846303
2015-01-23,1476.1060879413972,979.7135000545802,491.85574354560254,-0.0030735218682971244,0.1796191015298511,1471.5692436001827,0.4715692436001828,-0.031108220211933046,66.57610603886492,33.42389396113507,1518.8169352846303
2015-01-26,1471.5692436001827,1168.4144262321383,302.7004798319325,-0.0003087435661540683,0.26965855634044017,1471.114906064071,0.4711149060640709,-0.03140735931524219,79.42373647468506,20.576263525314936,1518.8169352846303
2015-01-27,1471.114906064071,1101.8212638268446,346.09444857769313,-0.015769803952025763,0.050235202088313294,1447.9157124045378,0.44791571240453787,-0.046681875368215775,76.09705830162325,23.902941698376758,1518.8169352846303
2015-01-28,1447.9157124045378,946.1449621147428,497.4808778908159,-0.0029627915231714708,0.240148248243957,1443.6258400055588,0.4436258400055588,-0.04950635822676053,65.53948647186168,34.460513528138314,1518.8169352846303
2015-01-29,1443.6258400055588,831.1772834771302,625.3653870096086,0.008947491879980785,0.2058103261335054,1456.5426704867389,0.4565426704867388,-0.04100182408502118,57.06508297483467,42.93491702516533,1518.8169352846303
2015-01-30,1456.5426704867389,816.0908563653308,625.3653870096086,-0.01035769663154329,0.0,1441.4562433749393,0.4414562433749394,-0.05093483626135198,56.61572178247912,43.38427821752089,1518.8169352846303
2015-02-02,1441.4562433749393,825.9246472841903,624.5234383024726,0.0062380264770789395,0.10760049333429456,1450.448085586663,0.45044808558666305,-0.04501454264147697,56.94272380318448,43.05727619681552,1518.8169352846303
2015-02-03,1450.448085586663,827.4174341582213,634.4703368396742,0.007887000937786492,0.1007006044908589,1461.8877709978956,0.4618877709978957,-0.037482571443717805,56.59924452295131,43.4007554770487,1518.8169352846303
2015-02-04,1461.8877709978956,862.5379038228989,601.8237894771382,0.0016922792236320205,0.12999858081868587,1464.3616933000371,0.4643616933000372,-0.03585372319698821,58.90197126634145,41.09802873365855,1518.8169352846303
2015-02-05,1464.3616933000371,1000.162876651966,473.6324198807443,0.006442126474514698,0.13165736338549155,1473.7952965327104,0.47379529653271035,-0.029642570941890822,67.8630796966835,32.13692030331651,1518.8169352846303
2015-02-06,1473.7952965327104,1079.3234169637608,390.0292572244711,-0.003014409365351023,0.09302715183462794,1469.352674188232,0.4693526741882319,-0.03256762546378156,73.45570848469383,26.544291515306167,1518.8169352846303
2015-02-09,1469.352674188232,1056.613441819273,407.9721349362157,-0.0032443520990471653,0.18138567162650793,1464.5855767554888,0.4645855767554887,-0.03570631671879432,72.14419277294806,27.855807227051933,1518.8169352846303
2015-02-10,1464.5855767554888,1030.611564808565,447.4690740482085,0.00921425303885659,0.04318551596881463,1478.0806388567735,0.47808063885677354,-0.026821070717270246,69.72634223838389,30.2736577616161,1518.8169352846303
2015-02-11,1478.0806388567735,1051.652221959415,427.73434344667555,0.0008835286215014282,0.131104643443094,1479.3865654060905,0.4793865654060905,-0.025961239279406856,71.08704692547599,28.91295307452402,1518.8169352846303
2015-02-12,1479.3865654060905,1026.4939734532752,467.12995848813244,0.009623831166405639,0.04474637694881708,1493.6239319414076,0.4936239319414075,-0.016587254696696863,68.72506201203149,31.274937987968528,1518.8169352846303
2015-02-13,1493.6239319414076,1064.3814996255849,432.3180733580296,0.0020591803441507572,0.046749046062067694,1496.6995729836144,0.49669957298361433,-0.014562230501381057,71.11524041553511,28.884759584464888,1518.8169352846303
2015-02-16,1496.6995729836144,1142.2180951717057,354.39631645962004,-5.689942980269258e-05,0.08516135228863166,1496.6144116313258,0.4966144116313258,-0.01461830134857145,76.32013204568008,23.679867954319928,1518.8169352846303
2015-02-17,1496.6144116313258,1142.7587531866452,354.39631645962004,0.00036125404829578933,0.0,1497.1550696462652,0.4971550696462652,-0.014262328220817189,76.32868340462863,23.671316595371362,1518.8169352846303
2015-02-18,1497.1550696462652,1142.5470384604896,354.39631645962004,-0.00014141135440670638,0.0,1496.9433549201096,0.49694335492010966,-0.014401722720073229,76.32533553826198,23.674664461738022,1518.8169352846303
2015-02-19,1496.9433549201096,1143.7969625072762,354.39631645962004,0.0008349841980850314,0.0,1498.1932789668963,0.49819327896689636,-0.013578763732884691,76.34508701681003,23.65491298318998,1518.8169352846303
2015-02-20,1498.1932789668963,1174.5892192504991,332.8334986761749,0.006160379364498425,0.09834109424657601,1507.422717926674,0.5074227179266741,-0.00750203470428179,77.92036071116416,22.079639288835835,1518.8169352846303
2015-02-23,1507.422717926674,1127.0844233841483,376.6609150290702,-0.0024395144571744964,0.19476445259816078,1503.7453384132186,0.5037453384132187,-0.009923247839336957,74.95181495115854,25.04818504884146,1518.8169352846303
2015-02-24,1503.7453384132186,1130.4561504872593,375.7177462873391,0.0016150064105551198,0.21858831596558845,1506.1738967745982,0.5061738967745983,-0.008324267537656027,75.0548228798865,24.945177120113506,1518.8169352846303
2015-02-25,1506.1738967745982,1130.3639592143306,376.31672238122695,0.00033647165313688276,0.22675181242250028,1506.6806815955576,0.5066806815955576,-0.007990596764578695,75.02345872101367,24.976541278986325,1518.8169352846303
2015-02-26,1506.6806815955576,1131.339388992334,376.31672238122695,0.000647403122584933,0.0,1507.656111373561,0.5076561113735611,-0.007348366779290405,75.03961815016417,24.960381849835827,1518.8169352846303
2015-02-27,1507.656111373561,1123.5325157100926,376.8277345893281,-0.004839207707315496,0.08629325406227693,1500.3602502994208,0.5003602502994209,-0.012152014213451356,74.88418301443762,25.115816985562372,1518.8169352846303
2015-03-02,1500.3602502994208,1278.5453257961408,236.60940129263273,0.00986061633291091,0.2895855967495558,1515.1547270887736,0.5151547270887735,-0.0024112242303713227,84.38381261910753,15.616187380892466,1518.8169352846303
2015-03-03,1515.1547270887736,1257.377498584267,252.30076348414,-0.0036144592512272755,0.2250243639891041,1509.6782620684069,0.5096782620684068,-0.006016968209872409,83.28777926904351,16.712220730956492,1518.8169352846303
2015-03-04,1509.6782620684069,1279.8281337095784,226.28609467053084,-0.002360790227855847,0.1656446397301782,1506.1142283801094,0.5061142283801094,-0.008363553637977028,84.97550249466063,15.02449750533937,1518.8169352846303
2015-03-05,1506.1142283801094,1207.6970350863405,301.1404427468793,0.0018081294245784196,0.08240292914246405,1508.8374778332197,0.5088374778332196,-0.006570546600825455,80.04155867208874,19.958441327911263,1518.8169352846303
2015-03-06,1508.8374778332197,1188.0597512832765,301.6884630190183,-0.01265163664832758,0.07903254762561868,1489.7482143022949,0.48974821430229487,-0.019139055080978462,79.7490300627539,20.250969937246097,1518.8169352846303
2015-03-09,1489.7482143022949,1056.0394051756643,437.77341197433157,0.0027283824264254797,0.38782752634344975,1493.812817149996,0.4938128171499958,-0.016462891316094352,70.69422574579677,29.305774254203236,1518.8169352846303
2015-03-10,1493.812817149996,1165.3646028966898,307.41394382910926,-0.014080927799459908,0.13575381941951076,1472.778546725799,0.472778546725799,-0.030312006331561947,79.12694040033817,20.87305959966182,1518.8169352846303
2015-03-11,1472.778546725799,1008.3492812943946,459.9845363922646,-0.003017920819814446,0.2587594595476426,1468.3338176866591,0.46833381768665916,-0.03323844791637809,68.67302715148492,31.326972848515076,1518.8169352846303
2015-03-12,1468.3338176866591,929.6102961455465,550.3459438937285,0.00791538151108373,0.27923773876868857,1479.9562400392751,0.4799562400392752,-0.025586161401388696,62.81336373303014,37.186636266969856,1518.8169352846303
2015-03-13,1479.9562400392751,995.1659013942694,478.62827167082713,-0.004163681876171554,0.18110010658535997,1473.7941730650966,0.4737941730650965,-0.029643310641052523,67.52407626395966,32.475923736040336,1518.8169352846303
2015-03-16,1473.7941730650966,941.6434303063738,540.1097373418667,0.00540034336449513,0.2814594486689231,1481.7531676482404,0.4817531676482403,-0.024403051332479442,63.549277360472935,36.45072263952707,1518.8169352846303
2015-03-17,1481.7531676482404,1087.4577302087464,391.8784708153432,-0.001631153337088409,0.3503088562497988,1479.3362010240896,0.4793362010240896,-0.02599439955095173,73.50984377019502,26.490156229804978,1518.8169352846303
2015-03-18,1479.3362010240896,977.1781013664365,508.2233268612337,0.004099965375944814,0.2984922407971015,1485.4014282276703,0.4854014282276702,-0.022001010313134173,65.78545589069292,34.214544109307084,1518.8169352846303
2015-03-19,1485.4014282276703,1090.4371267157044,392.97283714148557,-0.0013406910298022767,0.22165856583886384,1483.40996385719,0.48340996385719004,-0.023312204785763013,73.50881774316316,26.491182256836833,1518.8169352846303
2015-03-20,1483.40996385719,1055.4839033511314,436.24545991108965,0.005608294138323533,0.05158828220150148,1491.729363262221,0.49172936326222105,-0.01783465234889081,70.75572348076084,29.244276519239165,1518.8169352846303
2015-03-23,1491.729363262221,991.3064297427868,497.0992495727161,-0.0022280743602511865,0.1438715146908851,1488.4056793155028,0.4884056793155027,-0.020022989777519373,66.6018978238967,33.3981021761033,1518.8169352846303
2015-03-24,1488.4056793155028,1014.1365601110198,469.82138351923504,-0.002988254981191374,0.20146258039754128,1483.9579436302547,0.4839579436302548,-0.022951410959769714,68.33997988043411,31.6600201195659,1518.8169352846303
2015-03-25,1483.9579436302547,897.1698706268958,567.1264092738178,-0.013249475036632097,0.2692750553973166,1464.2962799007137,0.46429627990071376,-0.035896791849834964,61.26969541216947,38.730304587830524,1518.8169352846303
2015-03-26,1464.2962799007137,776.2441968987505,686.1822645516121,-0.0012769399717915686,0.20661665184737238,1462.4264614503627,0.4624264614503626,-0.03712789377325443,53.07919525258793,46.92080474741207,1518.8169352846303
2015-03-27,1462.4264614503627,961.6548635025378,502.5233434178558,0.001197834910819262,0.1857527057063415,1464.1782069203937,0.4641782069203937,-0.03597453194976208,65.67881279459736,34.32118720540263,1518.8169352846303
2015-03-30,1464.1782069203937,953.5794514703458,522.6814139192544,0.008252177509607828,0.23937426660050543,1476.2608653896002,0.4762608653896001,-0.028019222663628662,64.59423763283777,35.40576236716222,1518.8169352846303
2015-03-31,1476.2608653896002,1232.7165549080187,230.21284900986913,-0.009030559425006524,0.45291120725600015,1462.9294039178878,0.46292940391788795,-0.03679675283332873,84.26357086040287,15.736429139597133,1518.8169352846303
2015-04-01,1462.9294039178878,1198.1561131496708,260.9181494062786,-0.002635220367855018,0.3192441504871398,1459.0742625559494,0.4590742625559494,-0.03933500564864645,82.1175552127681,17.882444787231893,1518.8169352846303
2015-04-02,1459.0742625559494,940.1965992027169,520.8300947427041,0.0013381302374912973,0.2678561701349839,1461.026693945421,0.46102669394542084,-0.038049510771605455,64.35177420775034,35.64822579224967,1518.8169352846303
2015-04-03,1461.026693945421,1095.7700204590656,365.09774254216217,-0.0001087803151385014,0.1589309441931634,1460.8677630012278,0.4608677630012279,-0.038154152048971324,75.0081594112187,24.991840588781294,1518.8169352846303
2015-04-06,1460.8677630012278,894.3008814307491,573.7035208718455,0.004885205548450955,0.20881459292260604,1468.0044023025946,0.46800440230259466,-0.033455337375806415,60.9194958835287,39.08050411647131,1518.8169352846303
2015-04-07,1468.0044023025946,1053.9038536966382,412.5395746795752,-0.0010633305485546751,0.3366634680294573,1466.4434283762134,0.46644342837621333,-0.03448309384211723,71.86801981605396,28.13198018394603,1518.8169352846303
2015-04-08,1466.4434283762134,934.230050602456,537.4763962900208,0.003588967985005187,0.21952744792404183,1471.7064468924768,0.47170644689247676,-0.03101788457693544,63.47937474725971,36.520625252740295,1518.8169352846303
2015-04-09,1471.7064468924768,935.0847168514946,539.5236223281603,0.0019717874398834656,0.10207486574795607,1474.6083391796549,0.47460833917965495,-0.029107257812272525,63.41241209660426,36.58758790339574,1518.8169352846303
2015-04-10,1474.6083391796549,983.4923892360204,506.65945516179573,0.0105407685587946,0.23716143121060154,1490.1518443978161,0.4901518443978161,-0.018873302121458213,65.99947467994166,34.00052532005834,1518.8169352846303
2015-04-13,1490.1518443978161,1067.1452272441759,418.9049020651939,-0.0027525484089870877,0.20030417169194956,1486.0501293093698,0.48605012930936975,-0.021573900852718597,71.81084986279186,28.189150137208134,1518.8169352846303
2015-04-14,1486.0501293093698,1116.651213316852,371.4570777357337,0.001384988098734219,0.05545459160863583,1488.1082910525856,0.4881082910525856,-0.020218792349908754,75.03830332986114,24.96169667013887,1518.8169352846303
2015-04-15,1488.1082910525856,1120.2418592186611,371.83819809871676,0.002669003518542823,0.1888746644296378,1492.0800573173779,0.4920800573173778,-0.01760375285928839,75.07920595311438,24.92079404688563,1518.8169352846303
2015-04-16,1492.0800573173779,1051.5198900344205,447.4369399250431,0.004608849644736734,0.1870772701702997,1498.9568299594637,0.4989568299594638,-0.01307603626466336,70.15011166551453,29.849888334485463,1518.8169352846303
2015-04-17,1498.9568299594637,987.937741490315,499.5857246859179,-0.007627547074547825,0.06655196723666995,1487.523466176233,0.4875234661762329,-0.020603845257053943,66.41493488703526,33.58506511296475,1518.8169352846303
2015-04-20,1487.523466176233,996.5453058002626,499.5857246859179,0.005786506569925853,0.0,1496.1310304861804,0.49613103048618035,-0.014936562973073886,66.60815700590254,33.39184299409747,1518.8169352846303
2015-04-21,1496.1310304861804,1043.7663298231046,448.78376999534174,-0.0023934605958746413,0.05553915051252637,1492.5500998184464,0.49255009981844644,-0.017294273494034673,69.93174500139514,30.068254998604854,1518.8169352846303
2015-04-22,1492.5500998184464,1148.5319616927266,348.15614084243276,0.0027724380690579142,0.10554911520481318,1496.6881025351593,0.49668810253515927,-0.01456978272718823,76.73823021291412,23.26176978708589,1518.8169352846303
2015-04-23,1496.6881025351593,1148.3769344943241,348.15614084243276,-0.00010358016352229882,0.0,1496.5330753367568,0.49653307533675695,-0.014671853750233166,76.73582050539785,23.264179494602153,1518.8169352846303
2015-04-24,1496.5330753367568,1199.7858198029887,307.80988427918004,0.007392171230777844,0.2998665254463494,1507.5957040821688,0.5075957040821688,-0.0073881393746498825,79.58273007506504,20.417269924934956,1518.8169352846303
2015-04-27,1507.5957040821688,1129.8751654667224,376.74608166190734,-0.000646364904662855,0.15284435863481596,1506.6212471286296,0.5066212471286295,-0.008029728845310169,74.99397526883928,25.006024731160732,1518.8169352846303
2015-04-28,1506.6212471286296,1151.2839912663717,356.6926710275827,0.0008996389556485962,0.1386769765663082,1507.9766622939544,0.5079766622939543,-0.007137313746534146,76.34627378881468,23.653726211185326,1518.8169352846303
2015-04-29,1507.9766622939544,1229.110292296182,277.62009527460964,-0.0008264549142735778,0.1650793584871957,1506.7303875707917,0.5067303875707916,-0.007957869992787248,81.57466673767698,18.425333262323022,1518.8169352846303
2015-04-30,1506.7303875707917,1212.0437586730015,277.62009527460964,-0.011326866282093007,0.0,1489.6638539476112,0.48966385394761125,-0.019194598545581587,81.3635744373527,18.636425562647304,1518.8169352846303
2015-05-01,1489.6638539476112,1106.0001334342148,394.00235829930284,0.0069402488074803426,0.3204265691824451,1500.0024917335177,0.5000024917335177,-0.012387565027767278,73.73321974659099,26.266780253409017,1518.8169352846303
2015-05-04,1500.0024917335177,1281.3926600617413,220.40932068360163,0.001199657348399219,0.17928104191584313,1501.801980745343,0.5018019807453429,-0.011202768512782457,85.32367625629227,14.676323743707723,1518.8169352846303
2015-05-05,1501.801980745343,1255.0013952217487,236.8727846023446,-0.006610592507224178,0.2538439363938751,1491.8741798240933,0.4918741798240933,-0.017739304082415863,84.12246905229807,15.87753094770192,1518.8169352846303
2015-05-06,1491.8741798240933,1052.2283309706258,431.660339955086,-0.005352669150238354,0.19797525715158737,1483.8886709257117,0.48388867092571175,-0.02299702060694553,70.91019370841357,29.089806291586434,1518.8169352846303
2015-05-07,1483.8886709257117,1038.127357440088,453.28073579800656,0.005067376319877193,0.1296914292944005,1491.4080932380946,0.49140809323809465,-0.018046178844719818,69.60719618908203,30.39280381091796,1518.8169352846303
2015-05-08,1491.4080932380946,1252.0552043235316,248.35539489230192,0.006036245893096259,0.2126206473804827,1500.4105992158336,0.5004105992158336,-0.01211886412456109,83.44750463492453,16.55249536507547,1518.8169352846303
2015-05-11,1500.4105992158336,1300.279861024715,197.16763094262544,-0.0019748642471878464,0.2548163226158822,1497.4474919673405,0.4974474919673406,-0.014069795260272855,86.83308550047471,13.166914499525282,1518.8169352846303
2015-05-12,1497.4474919673405,1260.0955620582836,236.39125959955894,-0.0006415385612191793,0.04781807949483049,1496.4868216578425,0.4964868216578424,-0.014702307505284118,84.20358561275674,15.796414387243269,1518.8169352846303
2015-05-13,1496.4868216578425,1248.430625895137,249.2752197698174,0.0008145905393015518,0.1392505064897468,1497.7058456649543,0.49770584566495435,-0.013899693326582363,83.35619637919329,16.643803620806707,1518.8169352846303
2015-05-14,1497.7058456649543,1233.7336255273717,275.78773751039347,0.007889077422653212,0.10544458578240887,1509.5213630377652,0.5095213630377653,-0.0061202716607338115,81.7301202710111,18.26987972898889,1518.8169352846303
2015-05-15,1509.5213630377652,1248.6234285815478,263.95560435391235,0.0020255890195164383,0.2106341776964261,1512.5790329354602,0.5125790329354603,-0.004107079796289659,82.5493016492729,17.450698350727105,1518.8169352846303
2015-05-18,1512.5790329354602,1236.5378134779633,278.49825836083687,0.0016244036508767934,0.13472139043208625,1515.0360718388001,0.5150360718388001,-0.002489347700828537,81.61771435429762,18.382285645702375,1518.8169352846303
2015-05-19,1515.0360718388001,1213.7767625321774,302.60868189967107,0.0008906537726265373,0.3985324680890192,1516.3854444318486,0.5163854444318485,-0.001600911075123168,80.04407896350844,19.955921036491546,1518.8169352846303
2015-05-20,1516.3854444318486,1212.476861487693,302.60868189967107,-0.0008572365616260624,0.0,1515.085543387364,0.515085543387364,-0.00245677527724375,80.02695734109433,19.973042658905676,1518.8169352846303
2015-05-21,1515.085543387364,1265.1396079604622,252.35496039309322,0.0015900257095751158,0.15929683813424306,1517.4945683535555,0.5174945683535555,-0.0008706559035220884,83.3702890503989,16.629710949601105,1518.8169352846303
2015-05-22,1517.4945683535555,1190.0772585005893,325.1002186423019,-0.001526918948499545,0.07718886203143058,1515.1774771428913,0.5151774771428914,-0.0023962454310247905,78.54375322055802,21.456246779441983,1518.8169352846303
2015-05-25,1515.1774771428913,1136.3831078571684,378.63721936072284,-0.00010371717331514319,0.15714992500011737,1515.0203272178912,0.5150203272178913,-0.0024997140725373512,75.00777959487623,24.992220405123778,1518.8169352846303
2015-05-26,1515.0203272178912,1199.9960971128035,302.928212279766,-0.007984063057117075,0.07585316381214453,1502.9243093925695,0.5029243093925695,-0.010463819254874496,79.84408061093913,20.155919389060863,1518.8169352846303
2015-05-27,1502.9243093925695,1242.6469753368292,276.6828589537084,0.010915735939222682,0.17161909229131003,1519.3298342905375,0.5193298342905375,0.0,81.78915119619779,18.210848803802204,1519.3298342905375
2015-05-28,1519.3298342905375,1301.8816800071913,216.76017003029398,-0.00045282086715126013,0.2869491540686192,1518.6418500374853,0.5186418500374852,-0.00045282086715126013,85.72670903116864,14.273290968831368,1519.3298342905375
2015-05-29,1518.6418500374853,1186.2995603566633,325.3111156189293,-0.004629909324386894,0.11213796053196234,1511.6106759755926,0.5116106759755925,-0.005080633671983081,78.47917318995027,21.52082681004973,1519.3298342905375
2015-06-01,1511.6106759755926,1173.0425284646842,339.98878962502414,0.0009398201115500271,0.12361246948415024,1513.0313180897083,0.5130313180897084,-0.004145588442137305,77.5292959530884,22.470704046911607,1519.3298342905375
2015-06-02,1513.0313180897083,1207.19161245539,302.4886668561931,-0.00221478480852344,0.11759676174840414,1509.680279311583,0.5096802793115831,-0.0063511916643567146,79.96339549496345,20.036604505036557,1519.3298342905375
2015-06-03,1509.680279311583,1138.0513816070613,377.1911733498248,0.003684406374997229,0.2288964780709886,1515.2425549568861,0.5152425549568862,-0.0026901856604164553,75.106878293782,24.893121706217997,1519.3298342905375
2015-06-04,1515.2425549568861,1128.793604461045,378.72916554091705,-0.005094751945600939,0.0814731983044806,1507.5227700019623,0.5075227700019622,-0.00777123177738992,74.87738340825032,25.122616591749665,1519.3298342905375
2015-06-05,1507.5227700019623,1020.3965766663481,489.75384838024576,0.0017430284284383202,0.19105187039182617,1510.150425046594,0.5101504250465938,-0.00604174882686348,67.56920103736454,32.43079896263546,1519.3298342905375
2015-06-08,1510.150425046594,988.1927599201472,516.4366798522024,-0.003655917438869727,0.19372871636921224,1504.6294397723495,0.5046294397723496,-0.00967557813083586,65.67681940808367,34.32318059191632,1519.3298342905375
2015-06-09,1504.6294397723495,953.7726837871929,554.290895366903,0.0022823821540178812,0.04626665448888641,1508.0635791540958,0.5080635791540957,-0.007415279343673586,63.24485896822625,36.75514103177376,1519.3298342905375
2015-06-10,1508.0635791540958,1004.664039606392,515.8709936816413,0.008269846382029211,0.04549392370733933,1520.5350332880332,0.5205350332880332,0.0,66.07306096945939,33.9269390305406,1520.5350332880332
2015-06-11,1520.5350332880332,951.3236301479589,570.0702810875467,0.0005648524556616241,0.13035639546577288,1521.3939112355056,0.5213939112355055,0.0,62.529738230344336,37.470261769655664,1521.3939112355056
2015-06-12,1521.3939112355056,1058.8067753040398,456.3007641769609,-0.004131981670282725,0.11740919369071035,1515.1075394810007,0.5151075394810007,-0.004131981670282725,69.883275458238,30.116724541762004,1521.3939112355056
2015-06-15,1515.1075394810007,1030.19106805451,478.329977038304,-0.004347212469448247,0.12503542938035953,1508.521045092814,0.5085210450928139,-0.008461231537490344,68.29146145529087,31.708538544709135,1521.3939112355056
2015-06-16,1508.521045092814,1098.5794343742955,418.8221156396872,0.005886894949233001,0.21150799720563726,1517.4015500139826,0.5174015500139826,-0.002624146969459673,72.39872889046227,27.601271109537734,1521.3939112355056
2015-06-17,1517.4015500139826,1101.708299213195,418.8221156396872,0.0020619886930197673,0.0,1520.5304148528821,0.5205304148528822,-0.0005675692378196429,72.45552528587795,27.544474714122046,1521.3939112355056
2015-06-18,1520.5304148528821,1127.831149794013,400.0028072980516,0.004803285858566264,0.13677555797005872,1527.8339570920648,0.5278339570920647,0.0,73.81896079470708,26.181039205292915,1527.8339570920648
2015-06-19,1527.8339570920648,1176.387297649239,343.5223950281501,-0.005186600532009367,0.2402453175645005,1519.909692677389,0.5199096926773892,-0.005186600532009367,77.39849961591993,22.601500384080055,1527.8339570920648
2015-06-22,1519.909692677389,1209.8513561534787,319.8831103084676,0.006464051010327099,0.09787762361428,1529.7344664619463,0.5297344664619463,0.0,79.08897803366418,20.91102196633582,1529.7344664619463
2015-06-23,1529.7344664619463,1220.2520086793254,319.8831103084676,0.006798992082529098,0.0,1540.135118987793,0.540135118987793,0.0,79.23019179520423,20.769808204795762,1540.135118987793
2015-06-24,1540.135118987793,1247.0918461922495,283.6514273860066,-0.0060980658734082205,0.05767348016594877,1530.743273578256,0.530743273578256,-0.0060980658734082205,81.46969303853645,18.53030696146355,1540.135118987793
2015-06-25,1530.743273578256,1228.5806762212983,297.50240966623306,-0.003044395341245676,0.14211575176128977,1526.0830858875313,0.5260830858875314,-0.009123896291318268,80.50549066316313,19.494509336836874,1540.135118987793
2015-06-26,1526.0830858875313,1140.5658153375907,381.42995972409295,-0.0026783016361593415,0.09081174778991988,1521.9957750616836,0.5219957750616837,-0.011777761381112417,74.9388292678648,25.061170732135203,1540.135118987793
2015-06-29,1521.9957750616836,1159.190636815542,338.17307988640533,-0.016184051732166083,0.04820346063541976,1497.3637167019472,0.4973637167019471,-0.027771201213797392,77.41543513347203,22.584564866527966,1540.135118987793
2015-06-30,1497.3637167019472,1023.2990164401838,480.7900722047948,0.004491475162657466,0.5054081636882424,1504.0890886449786,0.5040890886449785,-0.023404459711628856,68.0344684477477,31.96553155225231,1540.135118987793
2015-07-01,1504.0890886449786,974.8267365034027,537.1142858252202,0.005220391360406751,0.060388690843665604,1511.941022328623,0.5119410223286229,-0.018306248790495583,64.47518270269688,35.524817297303116,1540.135118987793
2015-07-02,1511.941022328623,960.6858543456526,554.2603146966445,0.001987608424729448,0.11806015718384973,1514.9461690422972,0.5149461690422972,-0.016355026020087426,63.41386076793534,36.58613923206466,1540.135118987793
2015-07-03,1514.9461690422972,946.8413556514358,567.996284756602,-7.16386076794473e-05,0.10852863425936043,1514.8376404080377,0.5148376404080377,-0.01642549297647422,62.50447773375858,37.49552226624143,1540.135118987793
2015-07-06,1514.8376404080377,992.7792015270818,520.6780391666434,-0.000911252584099187,0.04739972361952217,1513.4572406937252,0.5134572406937252,-0.017321777787653425,65.5967790059282,34.403220994071795,1540.135118987793
2015-07-07,1513.4572406937252,956.4081023484567,554.7846791149475,-0.0014962161925916595,0.14964247275181894,1511.1927814634041,0.5111927814634041,-0.01879207685583484,63.28829214114518,36.71170785885484,1540.135118987793
2015-07-08,1511.1927814634041,959.6125226228024,533.1168996054241,-0.0122177391671352,0.24525855813038427,1492.7294222282267,0.4927294222282266,-0.030780219329536673,64.2857646089919,35.7142353910081,1540.135118987793
2015-07-09,1492.7294222282267,857.1853323446835,639.3675735116967,0.0025614043450996604,0.37360744325752976,1496.5529058563802,0.49655290585638023,-0.028297655571970726,57.27731568929545,42.722684310704544,1540.135118987793
2015-07-10,1496.5529058563802,934.7755088604686,575.4272206089553,0.009120842677615038,0.17005087426786475,1510.202729469424,0.510202729469424,-0.019434911358973017,61.89735262820516,38.10264737179484,1540.135118987793
2015-07-13,1510.202729469424,950.8774726959589,577.0129758118392,0.011712148768654673,0.41747957352892673,1527.890448507798,0.527890448507798,-0.007950387163460304,62.234663069242025,37.765336930757975,1540.135118987793
2015-07-14,1527.890448507798,981.8925948135025,551.6001745415525,0.0036667032330284233,0.13804297515226915,1533.4927693550549,0.5334927693550549,-0.004312835640747914,64.02981575364451,35.970184246355494,1540.135118987793
2015-07-15,1533.4927693550549,1048.1691082167386,484.0967430109318,-0.0008000808037070817,0.16413152224362337,1532.2658512276703,0.5322658512276703,-0.005109465827449311,68.40647837820914,31.59352162179086,1540.135118987793
2015-07-16,1532.2658512276703,1115.3103061975512,443.4273677909455,0.017276259690586215,0.12327335390661619,1558.7376739884967,0.5587376739884966,0.0,71.55214920440693,28.447850795593073,1558.7376739884967
2015-07-17,1558.7376739884967,1085.9279951829244,492.1730385564839,0.012422462146157276,0.05991112409410238,1578.1010337394082,0.5781010337394081,0.0,68.81232392388405,31.18767607611595,1578.1010337394082
2015-07-20,1578.1010337394082,1166.5973945934188,415.18226143959174,0.002331043586534909,0.10748428130519497,1581.7796560330105,0.5817796560330104,0.0,73.75220626614714,26.247793733852852,1581.7796560330105
2015-07-21,1581.7796560330105,1158.8631239409744,415.18226143959174,-0.0048896005350336225,0.0,1574.0453853805661,0.574045385380566,-0.0048896005350336225,73.62323441905008,26.37676558094992,1581.7796560330105
2015-07-22,1574.0453853805661,1115.6680023598096,455.59350428199747,-0.0017686140213079016,0.051212538692814086,1571.261506641807,0.571261506641807,-0.0066495667402767245,71.00460347585815,28.995396524141853,1581.7796560330105
2015-07-23,1571.261506641807,1145.3482779699339,415.71876831976465,-0.0064880736332023625,0.20339520306672837,1561.0670462896985,0.5610670462896985,-0.013094497494839263,73.36957632230892,26.630423677691077,1581.7796560330105
2015-07-24,1561.0670462896985,1238.566946784266,321.29633889834383,-0.0007711139697361702,0.09981769071157348,1559.8632856826098,0.5598632856826098,-0.013855514114630485,79.40227570919835,20.59772429080166,1581.7796560330105
2015-07-27,1559.8632856826098,1225.303351675826,321.0366539898621,-0.008669529016450794,0.11166953302815213,1546.340005665688,0.546340005665688,-0.022404922349426704,79.23893498107758,20.761065018922416,1581.7796560330105
2015-07-28,1546.340005665688,1191.0932289501432,363.78877260035404,0.005524008855434026,0.05593461510202378,1554.882001550497,0.5548820015504972,-0.017004678483456326,76.60344822066297,23.39655177933703,1581.7796560330105
2015-07-29,1554.882001550497,1244.842576799109,320.07175983146425,0.006452152041166004,0.051005193638090626,1564.9143366305734,0.5649143366305733,-0.01066224321327669,79.54701082740331,20.452989172596673,1581.7796560330105
2015-07-30,1564.9143366305734,1293.0532502990602,276.1091800509668,0.0027145854696430938,0.052173472075584475,1569.162430350027,0.5691624303500271,-0.007976601314134024,82.40404086214477,17.59595913785523,1581.7796560330105
2015-07-31,1569.162430350027,1244.1887973965795,323.0071748129515,-0.001253189665047949,0.05567849440709299,1567.195972209531,0.567195972209531,-0.009219794784852908,79.38948411425817,20.610515885741833,1581.7796560330105
2015-08-03,1567.195972209531,1233.9388086982278,329.68161333442646,-0.0022814952566753144,0.2543808149484546,1563.6204220326542,0.5636204220326542,-0.011480255123459071,78.91549581414067,21.08450418585934,1581.7796560330105
2015-08-04,1563.6204220326542,1203.6506645173897,367.6454010719334,0.004908891856689079,0.26528646516168725,1571.296065589323,0.5712960655893231,-0.006627718597658316,76.6024106390131,23.397589360986913,1581.7796560330105
2015-08-05,1571.296065589323,1298.0051304810147,277.18357782384805,0.0024773451679711567,0.10396316250308532,1575.1887083048628,0.5751887083048628,-0.004166792576329681,82.4031510407322,17.596848959267795,1581.7796560330105
2015-08-06,1575.1887083048628,1188.6886317738192,370.53837624605825,-0.010133198772204532,0.09426100214485113,1559.2270080198775,0.5592270080198776,-0.014257768411115701,76.23576462309877,23.764235376901226,1581.7796560330105
2015-08-07,1559.2270080198775,1047.3299668900036,504.3182871807565,-0.004860584065140117,0.13750953155697718,1551.64825407076,0.5516482540707599,-0.019049051394312344,67.49789871140744,32.50210128859256,1581.7796560330105
2015-08-10,1551.64825407076,1042.8936737831912,517.0361030463694,0.0053372423402493485,0.1799816438840413,1559.9297768295605,0.5599297768295606,-0.013813478457706196,66.85516805139741,33.1448319486026,1581.7796560330105
2015-08-11,1559.9297768295605,1117.5621651572737,433.22085927088,-0.005863566769009787,0.09296762622016357,1550.7830244281538,0.5507830244281537,-0.019596048973467006,72.0643795781406,27.935620421859387,1581.7796560330105
2015-08-12,1550.7830244281538,1046.1272450499564,501.54588183212866,-0.002005372445455844,0.1780378358035906,1547.673126882085,0.5476731268820849,-0.021562124042271646,67.59355233863018,32.406447661369825,1581.7796560330105
2015-08-13,1547.673126882085,1078.4029562537203,472.68208533217427,0.0022045447740526303,0.2180367706850715,1551.0850415858945,0.5510850415858946,-0.0194051139360939,69.5257144089995,30.474285591000495,1581.7796560330105
2015-08-14,1551.0850415858945,1254.253561228157,301.42160243980175,0.0029592974975576336,0.17826675745548562,1555.6751636679587,0.5556751636679587,-0.016503241943647162,80.62438679491983,19.37561320508018,1581.7796560330105
2015-08-17,1555.6751636679587,1345.58019239712,215.97649209616878,0.003780686972891356,0.08950285771454078,1561.556684493289,0.5615566844932889,-0.01278494856258261,86.1691545211981,13.830845478801892,1581.7796560330105
2015-08-18,1561.556684493289,1297.3082583276,260.1223071650404,-0.0026423113817269916,0.1371402505078737,1557.4305654926404,0.5574305654926404,-0.015393478129207883,83.29798368360906,16.702016316390935,1581.7796560330105
2015-08-19,1557.4305654926404,1158.7337693167915,389.22274550412425,-0.006083128764541645,0.1348958690357874,1547.9565148209158,0.5479565148209158,-0.021382966384155377,74.85570545570825,25.14429454429175,1581.7796560330105
2015-08-20,1547.9565148209158,1073.638877090081,435.0021912250676,-0.025398288730556384,0.3605785683149412,1508.6410683151485,0.5086410683151485,-0.046238164360571155,71.16595853307386,28.834041466926152,1581.7796560330105
2015-08-21,1508.6410683151485,841.2100342301522,628.0875351666621,-0.02607876700736589,0.5129099646497504,1469.2975693968142,0.4692975693968142,-0.07111109705272933,57.252530171644636,42.74746982835538,1581.7796560330105
2015-08-24,1469.2975693968142,786.5837071544483,642.2965561069481,-0.027507910567095006,0.5211305041581117,1428.8802632613965,0.4288802632613966,-0.09666288992176997,55.04895878112862,44.95104121887137,1581.7796560330105
2015-08-25,1428.8802632613965,724.5011560141978,713.633832879439,0.006476907736913118,0.8062987512592922,1438.1349888936368,0.4381349888936368,-0.09081205880446341,50.377826950136274,49.622173049863726,1581.7796560330105
2015-08-26,1438.1349888936368,776.4102209610503,713.633832879439,0.03609470970926476,0.0,1490.0440538404891,0.4900440538404891,-0.05799518399584658,52.10652792176881,47.893472078231206,1581.7796560330105
2015-08-27,1490.0440538404891,899.6468010278179,620.1994492170629,0.02000088274408962,0.6522398831410097,1519.8462502448808,0.5198462502448808,-0.039154256126579745,59.19327700962285,40.80672299037716,1581.7796560330105
2015-08-28,1519.8462502448808,854.1628988413855,664.3795129596756,-0.0008578752249510657,0.5532215224598316,1518.542411801061,0.5185424118010611,-0.03997854188524841,56.24886682146132,43.75113317853869,1581.7796560330105
2015-08-31,1518.542411801061,750.9762867685264,759.0212213224823,-0.005627043172220403,0.2499845780481018,1509.9975080910087,0.5099975080910086,-0.045380624076318044,49.733610998996724,50.266389001003276,1581.7796560330105
2015-09-01,1509.9975080910087,719.9828864923688,759.0212213224823,-0.020525464519037917,0.0,1479.004107814851,0.47900410781485103,-0.06497463020602567,48.680249276393475,51.319750723606525,1581.7796560330105
2015-09-02,1479.004107814851,757.7304914045138,739.2746658622004,0.012171061159836016,0.22738804522509015,1497.0051572667144,0.49700515726671446,-0.05359437924426491,50.6164249151957,49.383575084804285,1581.7796560330105
2015-09-03,1497.0051572667144,746.431243298686,739.2746658622004,-0.0075479019233697375,0.0,1485.7059091608864,0.4857059091608864,-0.06073775604945508,50.240847713950586,49.759152286049414,1581.7796560330105
2015-09-04,1485.7059091608864,736.0856730702773,739.2746658622004,-0.006963403836935611,0.0,1475.3603389324776,0.47536033893247764,-0.06727821836286918,49.89192495189919,50.10807504810082,1581.7796560330105
2015-09-07,1475.3603389324776,736.0856730702773,739.2746658622004,0.0,0.0,1475.3603389324776,0.47536033893247764,-0.06727821836286918,49.89192495189919,50.10807504810082,1581.7796560330105
2015-09-08,1475.3603389324776,749.4686063376798,739.2746658622004,0.009070959083179675,0.0,1488.7432721998803,0.48874327219988034,-0.0588175372456482,50.342367306231914,49.65763269376808,1581.7796560330105
2015-09-09,1488.7432721998803,746.5358945748056,744.1538615193881,0.0013074678023143882,0.21777458055200827,1490.6897560941939,0.49068975609419385,-0.057586971479493876,50.07989700894097,49.920102991059025,1581.7796560330105
2015-09-10,1490.6897560941939,1004.0336791235087,496.43995048683973,0.00656331974923452,0.45663487789160884,1500.4736296103483,0.5004736296103482,-0.05140161343746941,66.91445016492838,33.08554983507162,1581.7796560330105
2015-09-11,1500.4736296103483,1129.703759550355,374.98804208547733,0.002811227030080632,0.13036531710973218,1504.6918016358322,0.5046918016358322,-0.04873488801247394,75.07874757622741,24.921252423772593,1581.7796560330105
2015-09-14,1504.6918016358322,1124.7505204428214,374.98804208547733,-0.0032918628932174787,0.0,1499.7385625282986,0.4997385625282986,-0.051866322336238,74.99643928250318,25.003560717496832,1581.7796560330105
2015-09-15,1499.7385625282986,1138.1878999790615,374.98804208547733,0.008959814645018715,0.0,1513.175942064539,0.513175942064539,-0.04337122032567087,75.21847713400378,24.781522865996212,1581.7796560330105
2015-09-16,1513.175942064539,987.0686785748868,540.0383793798171,0.009206540695563703,0.38159992894679196,1527.107057954704,0.5271070579547041,-0.034563978535051665,64.63650818934036,35.36349181065964,1581.7796560330105
2015-09-17,1527.107057954704,850.1420092165866,678.2362149872785,0.0008324015284584263,0.4780329925899855,1528.378224203865,0.528378224203865,-0.03376034811515549,55.62379754915882,44.37620245084118,1581.7796560330105
2015-09-18,1528.378224203865,853.5175076480217,668.3227976621764,-0.004277683880946848,0.34267542701456266,1521.8403053101981,0.5218403053101981,-0.037893615899154964,56.08456450192706,43.91543549807294,1581.7796560330105
2015-09-21,1521.8403053101981,893.8449196667614,633.6894573646628,0.0037415697963560923,0.4106698479197286,1527.5343770314241,0.527534377031424,-0.034293827711521896,58.51553543455038,41.48446456544962,1581.7796560330105
2015-09-22,1527.5343770314241,963.1002216777063,545.2389325760079,-0.012566147817251405,0.3090592209293867,1508.3391542537142,0.5083391542537143,-0.04642903422053091,63.85170198371085,36.14829801628915,1581.7796560330105
2015-09-23,1508.3391542537142,1006.6097949391383,502.5198930497525,0.0005241087410261525,0.25982503481891395,1509.1296879888907,0.5091296879888907,-0.045929259342177065,66.70134468566285,33.298655314337154,1581.7796560330105
2015-09-24,1509.1296879888907,980.8078669769924,538.7228436165163,0.0068920667901501975,0.252044950944693,1519.5307105935087,0.5195307105935087,-0.039353740075035226,64.54676171657641,35.45323828342359,1581.7796560330105
2015-09-25,1519.5307105935087,970.5331338946871,538.7228436165163,-0.006761780469900502,0.0,1509.2559775112036,0.5092559775112036,-0.04584941919387875,64.30540268557476,35.69459731442523,1581.7796560330105
2015-09-28,1509.2559775112036,1048.5721954915211,431.08777840440644,-0.01960966466674563,0.12821517022323303,1479.6599738959276,0.4796599738959275,-0.06455999212506736,70.86575388875612,29.13424611124388,1581.7796560330105
2015-09-29,1479.6599738959276,947.3879062031031,528.3400644979608,-0.0026573694390819025,0.1099261791562295,1475.727970701064,0.475727970701064,-0.0670458018140887,64.19800430786943,35.801995692130575,1581.7796560330105
2015-09-30,1475.727970701064,868.2230292676115,632.3406657814262,0.016829473209873047,0.1141788047441439,1500.5636950490377,0.5005636950490377,-0.05134467412968036,57.859791765736304,42.140208234263696,1581.7796560330105
2015-10-01,1500.5636950490377,866.9896785291687,632.3406657814262,-0.0008219249489456182,0.0,1499.330344310595,0.499330344310595,-0.052124397609963236,57.825127185551494,42.1748728144485,1581.7796560330105
2015-10-02,1499.330344310595,859.7058381732337,655.745992982992,0.01075245819362336,0.21103265289328346,1515.4518311562256,0.5154518311562255,-0.04193240482250882,56.72934107825219,43.27065892174782,1581.7796560330105
2015-10-05,1515.4518311562256,1007.7670638353245,530.0049799665877,0.014728421046980689,0.403160938091242,1537.7720438019123,0.5377720438019122,-0.027821581889266533,65.53422972521795,34.46577027478204,1581.7796560330105
2015-10-06,1537.7720438019123,1043.9317385763006,489.06716471140135,-0.0031039324283783642,0.2239401346614762,1532.998903287702,0.532998903287702,-0.030839158007409884,68.09735716949716,31.90264283050285,1581.7796560330105
2015-10-07,1532.998903287702,1119.7685314336916,417.73859401996015,0.0029407862955943553,0.35201596759499737,1537.5071254536517,0.5375071254536516,-0.027989063085051336,72.83013606218549,27.169863937814505,1581.7796560330105
2015-10-08,1537.5071254536517,1129.236583738197,419.1743780899598,0.007091893230275481,0.14574703376326725,1548.4109618281568,0.5484109618281567,-0.021095665301790523,72.92873866024206,27.071261339757935,1581.7796560330105
2015-10-09,1548.4109618281568,1056.3899190211891,492.5995871384708,0.00037363745527874137,0.07662798866993656,1548.9895061596599,0.5489895061596599,-0.02072990997721258,68.1986491722755,31.801350827724512,1581.7796560330105
2015-10-12,1548.9895061596599,1201.0296276048498,351.8943712937909,0.002540038343278095,0.14869828794992457,1552.9239988986408,0.5529239988986407,-0.018242526400129355,77.33988453115798,22.660115468842015,1581.7796560330105
2015-10-13,1552.9239988986408,1288.0527652575267,258.5525738888057,-0.004068878938563447,0.26809259430114185,1546.6053391463324,0.5466053391463324,-0.02223717870723707,83.28257588768464,16.717424112315356,1581.7796560330105
2015-10-14,1546.6053391463324,1290.4385213918904,258.5525738888057,0.0015425759073615097,0.0,1548.991095280696,0.548991095280696,-0.02072890533599714,83.30832406483572,16.691675935164287,1581.7796560330105
2015-10-15,1548.991095280696,1275.5839395948126,281.41168932040625,0.005167578857560917,0.22305527608395664,1556.9956289152187,0.5569956289152187,-0.01566844473139095,81.92598077385293,18.07401922614708,1581.7796560330105
2015-10-16,1556.9956289152187,1390.2248116313483,179.22651050315795,0.007999825425306861,0.4268312947519212,1569.4513221345062,0.5694513221345061,-0.007793964128621322,88.58030778174096,11.419692218259048,1581.7796560330105
2015-10-19,1569.4513221345062,1417.8971808054014,156.56442055284438,0.0031923763120766946,0.3807116606063443,1574.4616013582458,0.5744616013582458,-0.004626469083006013,90.05600260954091,9.94399739045909,1581.7796560330105
2015-10-20,1574.4616013582458,1445.205873318388,120.76718839467449,-0.0053913919766988005,0.34524247903673433,1565.9730617130626,0.5659730617130627,-0.00999291795141033,92.28804177112958,7.711958228870413,1581.7796560330105
2015-10-21,1565.9730617130626,1437.8626886462287,120.76718839467449,-0.004689215192582252,0.0,1558.6298770409032,0.5586298770409033,-0.014635274201316495,92.25170836427478,7.748291635725215,1581.7796560330105
2015-10-22,1558.6298770409032,1527.4394069757275,64.7696257625268,0.021544021574321448,0.17328578084407886,1592.2090327382543,0.5922090327382543,0.0,95.9320902952587,4.067909704741286,1592.2090327382543
2015-10-23,1592.2090327382543,1525.6946815141273,92.78753094404912,0.016501086967668943,0.8718239229070346,1618.4822124581765,0.6184822124581766,0.0,94.26700335475903,5.732996645240973,1618.4822124581765
2015-10-26,1618.4822124581765,1494.5004458517708,127.4843743062706,0.0021641311056148638,0.2905372035855191,1621.9848201580414,0.6219848201580414,0.0,92.14022395759235,7.859776042407653,1621.9848201580414
2015-10-27,1621.9848201580414,1489.7386442799086,135.00632959474996,0.0017017136549701828,0.15907208508683737,1624.7449738746586,0.6247449738746587,0.0,91.69061411079244,8.309385889207562,1624.7449738746586
2015-10-28,1624.7449738746586,1547.9996542666509,90.21099499633043,0.008287870161068911,0.052614663373002725,1638.2106492629812,0.6382106492629811,0.0,94.49332141523341,5.506678584766598,1638.2106492629812
2015-10-29,1638.2106492629812,1589.3871011487665,42.90812734823353,-0.003610903621364181,0.2026792113189027,1632.2952284970002,0.6322952284970003,-0.003610903621364181,97.37130106128271,2.628698938717285,1638.2106492629812
2015-10-30,1632.2952284970002,1579.0763601419608,42.90812734823353,-0.006316713316805944,0.0,1621.9844874901944,0.6219844874901943,-0.009904807895179335,97.35459076956843,2.6454092304315533,1638.2106492629812
2015-11-02,1621.9844874901944,1597.4618379903538,42.90812734823353,0.011335174898523315,0.0,1640.3699653385875,0.6403699653385875,0.0,97.38424085694736,2.6157591430526406,1640.3699653385875
2015-11-03,1640.3699653385875,1601.1075382764263,42.90812734823353,0.0022224866116224984,0.0,1644.01566562466,0.6440156656246601,0.0,97.3900414548708,2.609958545129201,1644.01566562466
2015-11-04,1644.01566562466,1602.2159785913489,38.83384919006345,-0.0018040204270929339,0.3093809438570507,1641.0498277814122,0.6410498277814123,-0.0018040204270929339,97.63359719292838,2.366402807071627,1644.01566562466
2015-11-05,1641.0498277814122,1644.5333904302458,0.0,0.002122764702119584,0.05076134519739702,1644.5333904302458,0.6445333904302459,0.0,100.0,0.0,1644.5333904302458
2015-11-06,1644.5333904302458,1614.8021675389343,42.94425915227228,0.008034519905675941,0.3329353327341955,1657.7464266912066,0.6577464266912065,0.0,97.40947961275434,2.590520387245669,1657.7464266912066
2015-11-09,1657.7464266912066,1556.5874679114531,82.61437794516426,-0.01118662090655409,0.2729433893957976,1639.2018458566174,0.6392018458566173,-0.01118662090655409,94.9600851076402,5.039914892359792,1657.7464266912066
2015-11-10,1639.2018458566174,1522.383770454436,122.89035899147747,0.0037044148069043104,0.0497794477686137,1645.2741294459136,0.6452741294459137,-0.007523645983775196,92.53070617278448,7.469293827215518,1657.7464266912066
2015-11-11,1645.2741294459136,1563.8859834899763,82.2118449165123,0.0005006454218376977,0.051861555783249004,1646.0978284064886,0.6460978284064887,-0.007026767240854825,95.00565255006151,4.994347449938489,1657.7464266912066
2015-11-12,1646.0978284064886,1379.7492375444035,246.74305650667588,-0.011910309349225212,0.1716177542973538,1626.4922940510794,0.6264922940510793,-0.01885338561851657,84.82974328196067,15.17025671803933,1657.7464266912066
2015-11-13,1626.4922940510794,1347.096965407383,253.52038536742518,-0.015908432748749646,0.6190355780559331,1600.6173507748083,0.6006173507748083,-0.034461890550067764,84.16108726769056,15.83891273230944,1657.7464266912066
2015-11-16,1600.6173507748083,1301.3559815142385,319.90599443468085,0.012897914148011447,0.21747572028090548,1621.2619759489194,0.6212619759489193,-0.02200846290774916,80.26808750341283,19.731912496587167,1657.7464266912066
2015-11-17,1621.2619759489194,1373.6251449201966,253.0988485029097,0.0033689912890173535,0.22333523910903524,1626.7239934231063,0.6267239934231064,-0.01871361793855275,84.44119288052578,15.558807119474224,1657.7464266912066
2015-11-18,1626.7239934231063,1399.3421670480298,254.06397348517066,0.016402381238594055,0.11165048718975427,1653.4061405332004,0.6534061405332003,-0.0026181845957401473,84.6339040809877,15.366095919012288,1657.7464266912066
2015-11-19,1653.4061405332004,1500.0612164553468,154.89550993201613,0.0009378130491655146,0.1113157429714374,1654.9567263873628,0.6549567263873628,-0.001682826914253699,90.64050996244836,9.359490037551648,1657.7464266912066
2015-11-20,1654.9567263873628,1666.730101039349,0.0,0.007114007553349344,0.1596812877415451,1666.730101039349,0.6667301010393489,0.0,100.0,0.0,1666.730101039349
2015-11-23,1666.730101039349,1612.9268102756785,52.021706728586715,-0.0010689097376791468,0.06360892889295498,1664.948517004265,0.664948517004265,-0.0010689097376791468,96.8754765569455,3.1245234430545126,1666.730101039349
2015-11-24,1664.948517004265,1607.2496963799576,52.021706728586715,-0.003409783448400927,0.0,1659.2714031085443,0.6592714031085443,-0.0044750484353486275,96.86478615667532,3.135213843324679,1666.730101039349
2015-11-25,1659.2714031085443,1560.1710925557954,97.46101348921837,-0.0009879619816621776,0.1431866936371244,1657.6321060450139,0.6576321060450139,-0.0054585892392905455,94.12046779657561,5.879532203424381,1666.730101039349
2015-11-26,1657.6321060450139,1413.862678685453,243.620547175612,-8.981497366389313e-05,0.1488801839489566,1657.483225861065,0.657483225861065,-0.005547913949905725,85.30177902409535,14.698220975904643,1666.730101039349
2015-11-27,1657.483225861065,1267.9003083651285,389.84967763781185,0.00016094289083179447,0.14637550596816798,1657.7499860029402,0.6577499860029401,-0.005387863956383132,76.48320428716805,23.516795712831957,1666.730101039349
2015-11-30,1657.7499860029402,1404.7968720873234,243.5430454226818,-0.005676409936593574,0.24371722480949493,1648.3399175100053,0.6483399175100053,-0.011033690168477661,85.22495009460307,14.775049905396925,1666.730101039349
2015-12-01,1648.3399175100053,1377.8564521351932,290.8251983982392,0.012340739193015038,0.05831645646767254,1668.6816505334323,0.6686816505334323,0.0,82.57155891267396,17.42844108732605,1668.6816505334323
2015-12-02,1668.6816505334323,1439.6449768277616,219.22665688491298,-0.005878902556171628,0.33671818527562436,1658.8716337126746,0.6588716337126745,-0.005878902556171628,86.78459186174233,13.215408138257684,1668.6816505334323
2015-12-03,1658.8716337126746,1486.6799534484182,155.11303221792454,-0.01029534033812407,0.40618344263876077,1641.7929856663427,0.6417929856663427,-0.016113717591665244,90.55221738842002,9.447782611579981,1668.6816505334323
2015-12-04,1641.7929856663427,1575.1955478964273,102.5503505472282,0.021898566439983114,0.06171105691824525,1677.7458984436555,0.6777458984436555,0.0,93.88761130977235,6.112388690227646,1677.7458984436555
2015-12-07,1677.7458984436555,1617.656829763725,49.108092650247286,-0.0065450769630071015,0.23737495103681414,1666.7649224139723,0.6667649224139722,-0.0065450769630071015,97.05368813622954,2.9463118637704553,1677.7458984436555
2015-12-08,1666.7649224139723,1613.0477536275619,49.108092650247286,-0.002765282658749424,0.0,1662.1558462778091,0.6621558462778092,-0.009292260633930516,97.04551815882857,2.9544818411714364,1677.7458984436555
2015-12-09,1662.1558462778091,1302.154428259751,341.91073206965945,-0.010883868675076735,0.297824516948337,1644.0651603294104,0.6440651603294105,-0.020074993564572985,79.20333449550424,20.796665504495763,1677.7458984436555
2015-12-10,1644.0651603294104,1260.2747856930175,386.69029525183913,0.001763872068711203,0.14856600213994842,1646.9650809448567,0.6469650809448566,-0.01834653121628982,76.52103862274987,23.478961377250123,1677.7458984436555
2015-12-11,1646.9650809448567,1095.4655937825514,532.5978171846252,-0.011476667111142591,0.24382665047552124,1628.0634109671767,0.6280634109671765,-0.029612641296018816,67.28642056587789,32.71357943412211,1677.7458984436555
2015-12-14,1628.0634109671767,938.5004709478973,697.3236746930603,0.004766850370508946,0.41778715001549027,1635.8241456409576,0.6358241456409575,-0.024986949955643656,57.371721370463625,42.628278629536375,1677.7458984436555
2015-12-15,1635.8241456409576,1102.6751431948735,545.015789708605,0.007254317216274453,0.2589255050475918,1647.6909329034784,0.6476909329034783,-0.017913896000614438,66.92245014978596,33.07754985021405,1677.7458984436555
2015-12-16,1647.6909329034784,1180.9608411904967,484.3175704558485,0.010674015612791576,0.29740980988044097,1665.2784116463451,0.665278411646345,-0.0074310935934194244,70.91672076760803,29.08327923239198,1677.7458984436555
2015-12-17,1665.2784116463451,1461.8205800771866,184.6337867106095,-0.01130384248477645,0.39714791676231337,1646.454366787796,0.646454366787796,-0.018650936166726306,88.78597606863366,11.214023931366336,1677.7458984436555
2015-12-18,1646.454366787796,1206.0384285975736,411.18373517376233,-0.017754639063268796,0.4298565231866688,1617.222163771336,0.617222163771336,-0.036074434590162796,74.57469082572499,25.425309174275014,1677.7458984436555
2015-12-21,1617.222163771336,1065.106107384898,559.3538938760645,0.004475475078048685,0.4537781986286014,1624.4600012609626,0.6244600012609627,-0.03176040974507699,65.5667795180014,34.4332204819986,1677.7458984436555
2015-12-22,1624.4600012609626,992.1508963932272,637.9858551029546,0.00349454602194732,0.19485967813795393,1630.1367514961817,0.6301367514961818,-0.02837685193665973,60.863046948828405,39.13695305117161,1677.7458984436555
2015-12-23,1630.1367514961817,1204.3112375717903,434.3975797376491,0.0052584949117857605,0.30555399466601085,1638.7088173094394,0.6387088173094393,-0.023267576556395442,73.49147236231529,26.508527637684715,1677.7458984436555
2015-12-24,1638.7088173094394,1317.0299001737415,318.11697798192534,-0.0021736254276222278,0.5208476060211904,1635.1468781556669,0.6351468781556668,-0.02539062698797545,80.54505180961239,19.454948190387604,1677.7458984436555
2015-12-25,1635.1468781556669,1058.036215277196,576.7651588565249,-0.00021129846288525655,0.34550402194593643,1634.8013741337209,0.6348013741337208,-0.02559656045040648,64.71955749595868,35.28044250404132,1677.7458984436555
2015-12-28,1634.8013741337209,1058.5779585720406,576.892352258116,0.0004091853034990933,0.0963680243737165,1635.4703108301567,0.6354703108301567,-0.025197848883263818,64.72621065402964,35.27378934597035,1677.7458984436555
2015-12-29,1635.4703108301567,1241.1590211107643,408.5152150198729,0.008684917852939122,0.3523626876661608,1649.6742361306374,0.6496742361306374,-0.016731772277946533,75.23661301894013,24.76338698105986,1677.7458984436555
2015-12-30,1649.6742361306374,1445.4235779992691,193.74504301667548,-0.006368296773145987,0.33427888104642994,1639.1686210159446,0.6391686210159446,-0.022993516159685923,88.18028599787411,11.81971400212589,1677.7458984436555
2015-12-31,1639.1686210159446,1306.576117512042,318.4201198285844,-0.008646080393202249,0.30711203562708556,1624.9962373406263,0.6249962373406264,-0.031440792763649084,80.40487033067276,19.595129669327243,1677.7458984436555
2016-01-01,1624.9962373406263,1371.0905752561534,253.66115257021036,-0.00015046774179772182,0.24450951426248657,1624.7517278263638,0.6247517278263637,-0.031586529680359354,84.38769762629734,15.612302373702661,1677.7458984436555
2016-01-04,1624.7517278263638,1236.0731064438364,355.31268717412536,-0.020536020142006506,0.10175328789180674,1591.3857936179618,0.5913857936179618,-0.05147388821263388,77.67274983859609,22.327250161403917,1677.7458984436555
2016-01-05,1591.3857936179618,862.8642640997216,728.8129233448692,0.00018310696739765042,0.572232063363307,1591.6771874445908,0.5916771874445907,-0.051300206472807086,54.21100904794864,45.78899095205136,1677.7458984436555
2016-01-06,1591.6771874445908,793.4321476736537,795.7674308472461,-0.0015566026473424754,0.07116287504935173,1589.1995785208999,0.5891995785208999,-0.052776955082944776,49.92652643490612,50.073473565093884,1677.7458984436555
2016-01-07,1589.1995785208999,770.1513354823011,795.7674308472461,-0.014649394894139411,0.0,1565.9187663295472,0.5659187663295473,-0.06665319952076387,49.18207457769383,50.817925422306175,1677.7458984436555
2016-01-08,1565.9187663295472,760.9464225877069,795.7674308472461,-0.005878282508977262,0.0,1556.713853434953,0.5567138534349532,-0.07213967569283086,48.88158609937513,51.11841390062487,1677.7458984436555
2016-01-11,1556.713853434953,784.7625180663518,778.2113472125285,0.004021298988323485,0.14557950494797922,1562.9738652788803,0.5629738652788803,-0.06840847190938881,50.20957390905107,49.79042609094893,1677.7458984436555
2016-01-12,1562.9738652788803,789.8050348589763,781.3397992235498,0.005227834569190293,0.14713341589037537,1571.1448340825261,0.571144834082526,-0.06353826551447206,50.26939704894775,49.730602951052255,1677.7458984436555
2016-01-13,1571.1448340825261,761.9542261503037,785.4372556872719,-0.015118499408631081,0.13516135399125723,1547.3914818375756,0.5473914818375756,-0.07769616169349713,49.241205932286725,50.758794067713275,1677.7458984436555
2016-01-14,1547.3914818375756,784.6889358642964,773.4248973512244,0.006929307485402436,0.27084356756328215,1558.1138332155208,0.5581138332155209,-0.0713052348029044,50.36146391466873,49.63853608533127,1677.7458984436555
2016-01-15,1558.1138332155208,752.059479329731,778.9096378763933,-0.017421523017594365,0.14727873136703773,1530.9691172061243,0.5309691172061244,-0.08748451203110508,49.12309927597816,50.87690072402184,1677.7458984436555
2016-01-18,1530.9691172061243,765.484558603062,765.2034400737913,-0.0001836212932786463,0.28111852927096603,1530.6879986768533,0.5306879986768533,-0.08765206930514269,50.0091827508125,49.990817249187494,1677.7458984436555
2016-01-19,1530.6879986768533,768.5029040910781,765.1740322180017,0.0019526759436345742,0.16996712042493395,1533.6769363090798,0.5336769363090799,-0.08587054944865002,50.10852585033611,49.89147414966389,1677.7458984436555
2016-01-20,1533.6769363090798,762.9652570936131,766.5300683313416,-0.002726526548797459,0.3083998231983542,1529.4953254249547,0.5294953254249546,-0.08836294766461594,49.883464461169964,50.11653553883004,1677.7458984436555
2016-01-21,1529.4953254249547,764.006298367387,766.5300683313416,0.0006806436453048459,0.0,1530.5363666987287,0.5305363666987286,-0.08774244769811945,49.91755276062475,50.08244723937524,1677.7458984436555
2016-01-22,1530.5363666987287,781.9922597912172,765.1214289853725,0.01083105402690765,0.14675436399197414,1547.1136887765897,0.5471136887765897,-0.07786173686268316,50.545235651660015,49.454764348339985,1677.7458984436555
2016-01-25,1547.1136887765897,776.2550630103196,765.1214289853725,-0.003708322680173848,0.0,1541.376491995692,0.541376491995692,-0.08128132309813141,50.361158811061536,49.63884118893848,1677.7458984436555
2016-01-26,1541.376491995692,780.2892278653172,765.1214289853725,0.0026172482037627454,0.0,1545.4106568506897,0.5454106568506898,-0.07887680829124677,50.490736841133675,49.50926315886632,1677.7458984436555
2016-01-27,1545.4106568506897,763.5915839160799,772.5432034602197,-0.006002203642941573,0.16212496512504132,1536.1347873762998,0.5361347873762998,-0.08440557726811904,49.7086317028394,50.2913682971606,1677.7458984436555
2016-01-28,1536.1347873762998,795.8507678343924,767.9091781467271,0.017983551203864856,0.1582155414228348,1563.7599459811195,0.5637599459811196,-0.06793993808494714,50.89341045470168,49.10658954529832,1677.7458984436555
2016-01-29,1563.7599459811195,794.9221523815658,781.7096262011178,0.008231335400708417,0.17034678944194462,1576.6317785826836,0.5766317785826836,-0.0602678391017194,50.4190111591029,49.58098884089709,1677.7458984436555
2016-02-01,1576.6317785826836,861.7254979084248,716.4292069410501,0.0009659365537844078,0.22160150562422623,1578.154704849475,0.5781547048494748,-0.05936011745674086,54.60336019405756,45.396639805942435,1677.7458984436555
2016-02-02,1578.154704849475,848.2874448987546,716.4292069410501,-0.008515041629554188,0.0,1564.7166518398049,0.5647166518398048,-0.06736970521501562,54.21348612231692,45.78651387768306,1677.7458984436555
2016-02-03,1564.7166518398049,841.4471169902621,716.4292069410501,-0.0043716080483005015,0.0,1557.876323931312,0.557876323931312,-0.07144679931778664,54.01244656359269,45.98755343640732,1677.7458984436555
2016-02-04,1557.876323931312,862.2477134182204,692.0966260466905,-0.0022671789872819037,0.2928512561150305,1554.344339464911,0.554344339464911,-0.07355199562294668,55.47340389936072,44.52659610063929,1677.7458984436555
2016-02-05,1554.344339464911,837.623068568563,699.2921599985508,-0.011213159436600173,0.16279276065901047,1536.915228567114,0.5369152285671139,-0.08394040480574672,54.50027776414773,45.49972223585226,1677.7458984436555
2016-02-08,1536.915228567114,918.3305787245697,614.671721269131,-0.0025459625232949756,0.09437015771444615,1533.0022999937007,0.5330022999937007,-0.08627265820421604,59.90405746477636,40.09594253522364,1677.7458984436555
2016-02-09,1533.0022999937007,934.5523308707645,596.0024016151904,-0.0015965843676528646,0.1651594934709944,1530.554732485955,0.530554732485955,-0.08773150099442417,61.05971325526187,38.940286744738124,1677.7458984436555
2016-02-10,1530.554732485955,848.3173718902539,679.9910221942735,-0.0014676629027040589,0.2555255772620975,1528.3083940845272,0.5283083940845272,-0.08907040362772012,55.50694972125733,44.49305027874267,1677.7458984436555
2016-02-11,1528.3083940845272,911.1682781078583,611.1020441309258,-0.003950820311603431,0.22131350288499585,1522.270322238784,0.5222703222387841,-0.09266932277950846,59.85587873563839,40.14412126436162,1677.7458984436555
2016-02-12,1522.270322238784,963.6389504814113,570.50768508212,0.0078017111358255065,0.34368575742395124,1534.1466355635312,0.5341466355635311,-0.08559059093116117,62.812701741997564,37.187298258002436,1677.7458984436555
2016-02-15,1534.1466355635312,976.2751317222471,557.3262685186836,-0.0003553997446927859,0.5452353226004482,1533.6014002409306,0.5336014002409306,-0.08591557180168885,63.658988024454935,36.34101197554508,1677.7458984436555
2016-02-16,1533.6014002409306,1053.890769140019,487.89407533920024,0.005336095961442799,0.07000655564146079,1541.7848444792194,0.5417848444792193,-0.08103792957596201,68.35524249143855,31.64475750856145,1677.7458984436555
2016-02-17,1541.7848444792194,1069.7077897673948,487.89407533920024,0.01025890265040097,0.0,1557.6018651065951,0.557601865106595,-0.07161038715607104,68.67658634282573,31.32341365717426,1677.7458984436555
2016-02-18,1557.6018651065951,1102.170028231991,453.9661333478967,-0.0009410001101964882,0.3344106415269655,1556.1361615798876,0.5561361615798877,-0.07248400188406245,70.82735145188056,29.17264854811944,1677.7458984436555
2016-02-19,1556.1361615798876,1013.9728634422355,544.2506808998976,0.0013413882498085616,0.3969756530630048,1558.2235443421332,0.5582235443421333,-0.07123984282268014,65.07236186514722,34.927638134852785,1677.7458984436555
2016-02-22,1558.2235443421332,1101.1346540924794,467.38545749877363,0.006607888378086901,0.08160580386622573,1568.520111591253,0.568520111591253,-0.0651026993740379,70.20213805071239,29.79786194928762,1677.7458984436555
2016-02-23,1568.520111591253,1015.631453541447,542.511739405476,-0.006615738343197175,0.43752999149618005,1558.143192946923,0.5581431929469229,-0.07128773529274057,65.18216413862315,34.81783586137684,1677.7458984436555
2016-02-24,1558.143192946923,1109.701517198603,454.25503398974735,0.003730952500220708,0.2033972864384619,1563.9565511883502,0.5639565511883502,-0.06782275394674542,70.95475359308492,29.045246406915084,1677.7458984436555
2016-02-25,1563.9565511883502,1120.2105143109634,454.25503398974735,0.006719494287980909,0.0,1574.4655483007107,0.5744655483007106,-0.061558994266504685,71.14862027435179,28.851379725648226,1677.7458984436555
2016-02-26,1574.4655483007107,1167.9854810742274,393.5451230754163,-0.008215450738205954,0.0712639997614095,1561.5306041496438,0.5615306041496437,-0.06926871011982072,74.79747614106304,25.202523858936953,1677.7458984436555
2016-02-29,1561.5306041496438,1033.3384760625283,520.3751979272347,-0.005005941054954555,0.13500345598005517,1553.713673989763,0.553713673989763,-0.07392789609496275,66.50765152945011,33.49234847054988,1677.7458984436555
2016-03-01,1553.713673989763,1057.6999011784897,517.7703966151006,0.014002981481110899,0.1341613814871546,1575.4702977935904,0.5754702977935904,-0.060960125573807145,67.13550250104835,32.86449749895165,1677.7458984436555
2016-03-02,1575.4702977935904,1156.632333191462,423.9050826050431,0.003216257399464295,0.2599975701541895,1580.5374157965052,0.5805374157965053,-0.057939931629291896,73.17968696163905,26.820313038360936,1677.7458984436555
2016-03-03,1580.5374157965052,1239.4284419456026,338.4433848077524,-0.0016865080298064106,0.2432042914988212,1577.871826753355,0.5778718267533549,-0.05952872349915905,78.55064149892726,21.449358501072734,1677.7458984436555
2016-03-04,1577.871826753355,1211.1486255480154,367.929983290781,0.0007648162955824489,0.2401096183351446,1579.0786088387963,0.5790786088387962,-0.05880943574136399,76.69970442058329,23.300295579416716,1677.7458984436555
2016-03-07,1579.0786088387963,1267.1351074288846,315.756970111232,0.002414996112273693,0.05875165652720568,1582.8920775401166,0.5828920775401165,-0.056536464187770696,80.05189522447215,19.948104775527852,1677.7458984436555
2016-03-08,1582.8920775401166,1338.9667498579329,232.3256121864174,-0.007328178377007721,0.4526345106587591,1571.2923620443503,0.5712923620443502,-0.06345033327040517,85.21436126093383,14.785638739066176,1677.7458984436555
2016-03-09,1571.2923620443503,1387.6563847101188,196.19156873765726,0.007990614418242448,0.21997651788657846,1583.847953447776,0.5838479534477761,-0.055966726000035494,87.61297962278636,12.387020377213641,1677.7458984436555
2016-03-10,1583.847953447776,1302.6311932720891,279.32610148223995,-0.0011937122432310598,0.17647853795593715,1581.957294754329,0.581957294754329,-0.057093630077226676,82.34300619817819,17.656993801821816,1677.7458984436555
2016-03-11,1581.957294754329,1364.7662861115537,232.5866476441104,0.009732019348680288,0.05413099623225023,1597.352933755664,0.597352933755664,-0.04791724704114442,85.4392449702861,14.560755029713901,1677.7458984436555
2016-03-14,1597.352933755664,1386.7716893492204,209.78895788253737,-0.0004959996674269718,0.3890597168921158,1596.5606472317577,0.5965606472317577,-0.048389479769974986,86.85994432806008,13.140055671939926,1677.7458984436555
2016-03-15,1596.5606472317577,1431.7793250251102,168.01271748146718,0.0020239727694795207,0.04629801661262483,1599.7920425065774,0.5997920425065775,-0.04646344598987917,89.49784015563532,10.502159844364673,1677.7458984436555
2016-03-16,1599.7920425065774,1528.731205515418,84.11026385667927,0.008156951978004479,0.08931732787752757,1612.8414693720972,0.6128414693720972,-0.0386854941095468,94.78496396242684,5.215036037573155,1677.7458984436555
2016-03-17,1612.8414693720972,1536.5962125779336,84.78851298765274,0.0052970216575687346,0.097880137194503,1621.3847255655862,0.6213847255655862,-0.033593390352110064,94.77061109243668,5.22938890756332,1677.7458984436555
2016-03-18,1621.3847255655862,1625.2782154730373,0.0,0.002401336244297614,0.10056055932272531,1625.2782154730373,0.6252782154730374,-0.03127272313363383,100.0,0.0,1677.7458984436555
2016-03-21,1625.2782154730373,1630.1723346553606,0.0,0.003011250095971363,0.18280025598680608,1630.1723346553606,0.6301723346553607,-0.02835564302819993,100.0,0.0,1677.7458984436555
2016-03-22,1630.1723346553606,1625.263597989209,0.0,-0.0030111765252042177,0.16301723346553604,1625.263597989209,0.6252635979892092,-0.03128143570676056,100.0,0.0,1677.7458984436555
2016-03-23,1625.263597989209,1571.798357594661,40.58553388601202,-0.007924687739558678,0.04605606371812006,1612.383891480673,0.612383891480673,-0.0389582278362981,97.48288642050736,2.5171135794926482,1677.7458984436555
2016-03-24,1612.383891480673,1534.0611892702764,84.51452158691512,0.0038401644975705196,0.3477884910151389,1618.5757108571916,0.6185757108571917,-0.03526766934215286,94.7784634960229,5.221536503977102,1677.7458984436555
2016-03-25,1618.5757108571916,1578.111318085762,40.271574449819916,-0.00011912839190431068,0.1928183216097134,1618.3828925355817,0.6183828925355817,-0.03538259635332219,97.51161640205397,2.4883835979460285,1677.7458984436555
2016-03-28,1618.3828925355817,1539.5155827564636,80.87849705660219,0.0012427141233142258,0.04064757017695929,1620.3940798130657,0.6203940798130656,-0.03418385268221591,95.0087143575634,4.991285642436599,1677.7458984436555
2016-03-29,1620.3940798130657,1595.9874387708262,40.46188884112984,0.009908236520305369,0.04796315419685673,1636.449327611956,0.636449327611956,-0.02461431785946122,97.52745849453369,2.4725415054663022,1677.7458984436555
2016-03-30,1636.449327611956,1601.9380456999572,40.46188884112984,0.0036362915910232996,0.0,1642.399934541087,0.6423999345410871,-0.02106753110548909,97.53641680140255,2.463583198597456,1677.7458984436555
2016-03-31,1642.399934541087,1639.6243377253713,0.0,-0.0016899640321108578,0.05598717053903242,1639.6243377253713,0.6396243377253714,-0.022721891767786273,100.0,0.0,1677.7458984436555
2016-04-01,1639.6243377253713,1652.2835819235029,0.0,0.007720819889569075,0.0,1652.2835819235029,0.6522835819235029,-0.015176503512106643,100.0,0.0,1677.7458984436555
2016-04-04,1652.2835819235029,1605.9855718018982,39.14338485747344,-0.004330143652339746,0.1967004264194646,1645.1289566593716,0.6451289566593716,-0.019440930724098693,97.62064945127715,2.3793505487228614,1677.7458984436555
2016-04-05,1645.1289566593716,1595.912582808556,39.14338485747344,-0.006122917569815756,0.0,1635.0559676660293,0.6350559676660295,-0.025444813077610262,97.60599113231892,2.3940088676810802,1677.7458984436555
2016-04-06,1635.0559676660293,1532.763334242465,116.69606328067971,0.008809135676056012,0.09364869546538762,1649.4593975231446,0.6494593975231446,-0.016859824212206775,92.92519334177534,7.074806658224654,1677.7458984436555
2016-04-07,1649.4593975231446,1480.1912691031305,149.6967432841465,-0.011865333069280948,0.25411103613929076,1629.888012387277,0.629888012387277,-0.0285251098517203,90.81551970770755,9.184480292292445,1677.7458984436555
2016-04-08,1629.888012387277,1279.6233092461075,348.9667335890278,-0.0007963550515599493,0.29498335110300217,1628.5900428351354,0.6285900428351354,-0.029298748787953577,78.57246302565328,21.427536974346726,1677.7458984436555
2016-04-11,1628.5900428351354,1158.6532158167508,465.18931766696363,-0.002915104001959934,0.12212314307504456,1623.8425334837145,0.6238425334837145,-0.0321284438900693,71.35255986496618,28.64744013503382,1677.7458984436555
2016-04-12,1623.8425334837145,1118.269255300016,512.5434328430767,0.004292383353467599,0.2489461517805314,1630.8126881430928,0.6308126881430929,-0.027973968134328175,68.57128739740928,31.428712602590718,1677.7458984436555
2016-04-13,1630.8126881430928,1500.9380771497508,147.68117547103247,0.010918828757682686,0.5745234510668656,1648.6192526207833,0.6486192526207832,-0.017360582344377207,91.04212963446436,8.957870365535651,1677.7458984436555
2016-04-14,1648.6192526207833,1541.5461869395617,107.27925096405852,0.0001250654343076807,0.2393959459925569,1648.8254379036202,0.6488254379036202,-0.0172376881188403,93.49359559248083,6.506404407519177,1677.7458984436555
2016-04-15,1648.8254379036202,1476.7082573128444,171.5507742629844,-0.0003435210997907445,0.2018755186428704,1648.2590315758287,0.6482590315758288,-0.01757528770905059,89.59200156185571,10.407998438144286,1677.7458984436555
2016-04-18,1648.2590315758287,1546.204259993874,107.29527710352258,0.0031794186600377916,0.19987712968386406,1653.4995370973966,0.6534995370973966,-0.014451748246710583,93.51101861861589,6.4889813813841135,1677.7458984436555
2016-04-19,1653.4995370973966,1462.592143989366,179.5051887469683,-0.006895801362652998,0.22302180709655683,1642.0973327363342,0.6420973327363342,-0.021247893224111136,89.06854148238295,10.931458517617044,1677.7458984436555
2016-04-20,1642.0973327363342,1454.7757400223747,186.42283216647618,-0.0005473247715381824,0.17913746265272493,1641.198572188851,0.6411985721888509,-0.02178358849734474,88.6410556695863,11.358944330413706,1677.7458984436555
2016-04-21,1641.198572188851,1376.51241268488,261.0202283218193,-0.002233691427882656,0.07954452640687965,1637.5326410066994,0.6375326410066993,-0.02396862211033246,84.06015112093564,15.939848879064353,1677.7458984436555
2016-04-22,1637.5326410066994,1255.6195425124658,372.0503256218962,-0.0060229473448992765,0.11618369780816368,1627.669868134362,0.6276698681343622,-0.029847207706331425,77.14215069617644,22.857849303823564,1677.7458984436555
2016-04-25,1627.669868134362,1239.054027178147,387.358256938821,-0.0007726284316091903,0.182187855074885,1626.4122841169678,0.6264122841169679,-0.030596775336662607,76.18326787607053,23.816732123929473,1677.7458984436555
2016-04-26,1626.4122841169678,1271.7705576733708,353.2626976100135,-0.0008478962235164422,0.3051902415012984,1625.0332552833843,0.6250332552833844,-0.03141872866991935,78.26120195008507,21.738798049914934,1677.7458984436555
2016-04-27,1625.0332552833843,1276.4186054721893,353.2626976100135,0.00286027857196558,0.0,1629.6813030822027,0.6296813030822026,-0.028648316414326747,78.32320362626173,21.67679637373827,1677.7458984436555
2016-04-28,1629.6813030822027,1412.1932135204625,203.46604275400094,-0.008604164986871665,0.2441201312744626,1615.6592562744634,0.6156592562744634,-0.03700598656017351,87.40662414034183,12.593375859658165,1677.7458984436555
2016-04-29,1615.6592562744634,1428.0633217976801,183.32596823678932,-0.0026428631058259544,0.2716745216723808,1611.3892900344695,0.6113892900344695,-0.039551047909424875,88.62311116435012,11.376888835649874,1677.7458984436555
2016-05-02,1611.3892900344695,1281.756641329747,338.79780051639943,0.005687732857825312,0.44205001717308506,1620.5544418461463,0.6205544418461464,-0.03408827084635535,79.09371066050464,20.90628933949536,1677.7458984436555
2016-05-03,1620.5544418461463,1276.6830499858265,331.12832814081213,-0.007863397483265477,0.3487167822631403,1607.8113781266386,0.6078113781266385,-0.041683618706438774,79.40502644491605,20.594973555083957,1677.7458984436555
2016-05-04,1607.8113781266386,1117.5510243387166,482.01587565226845,-0.005127764517539157,0.3275377857231313,1599.5668999909851,0.5995668999909851,-0.04659763944301243,69.86585083406108,30.13414916593892,1677.7458984436555
2016-05-05,1599.5668999909851,1110.1551974503707,488.5280433608272,-0.0005524365250320074,0.2285094141960074,1598.683240811198,0.598683240811198,-0.04712433373003577,69.44184871088407,30.55815128911592,1677.7458984436555
2016-05-06,1598.683240811198,1158.222740650874,449.41595908510044,0.005601771943410272,0.21370239304904312,1607.6386997359743,0.6076386997359744,-0.04178654155716632,72.04496513060373,27.955034869396272,1677.7458984436555
2016-05-09,1607.6386997359743,1123.6171498695126,481.85682459502243,-0.0013465247333216412,0.4347853257696855,1605.4739744645349,0.6054739744645348,-0.04307679967876121,69.9866312217404,30.013368778259615,1677.7458984436555
2016-05-10,1605.4739744645349,1130.364158404311,490.26177178381727,0.009437683802159924,0.29972041367956603,1620.6259301881282,0.6206259301881283,-0.03404566109117835,69.74861609631867,30.251383903681333,1677.7458984436555
2016-05-11,1620.6259301881282,1110.7320622593838,501.3022605315867,-0.0053014130140200955,0.320051193310247,1612.0343227909705,0.6120343227909704,-0.03916658399441875,68.90250700967304,31.09749299032696,1677.7458984436555
2016-05-12,1612.0343227909705,1090.8892107372228,523.7856588877494,0.001638021471794815,0.1254960193159861,1614.6748696249722,0.6146748696249722,-0.037592718228183775,67.5609208552676,32.439079144732396,1677.7458984436555
2016-05-13,1614.6748696249722,1125.391943390202,484.3569076119675,-0.003050780510349349,0.04555327552427562,1609.7488510021694,0.6097488510021694,-0.040528811606431514,69.91102634982936,30.088973650170647,1677.7458984436555
2016-05-16,1609.7488510021694,1154.9595981109326,465.80700289571837,0.006844390662321231,0.17292765754130124,1620.766601006651,0.620766601006651,-0.033961815963824304,71.26008133395594,28.739918666044062,1677.7458984436555
2016-05-17,1620.766601006651,1124.2739889507363,486.1285189945387,-0.0063945623354645376,0.1014613074566095,1610.402507945275,0.6104025079452748,-0.040139207350082695,69.81322889177602,30.186771108223986,1677.7458984436555
2016-05-18,1610.402507945275,1060.6770168622477,550.7609110515285,0.0006429572503723335,0.16626271922353794,1611.437927913776,0.611437927913776,-0.03952205789410024,65.82177311883413,34.17822688116587,1677.7458984436555
2016-05-19,1611.437927913776,1181.9238912067856,426.2669213886558,-0.0020150421323013035,0.29017717675541893,1608.1908125954415,0.6081908125954414,-0.041457461414589725,73.49400841926784,26.505991580732157,1677.7458984436555
2016-05-20,1608.1908125954415,1094.6813812438818,520.1024092431976,0.004099624149075609,0.194618361209906,1614.7837904870794,0.6147837904870794,-0.03752779727548872,67.79120447534866,32.208795524651336,1677.7458984436555
2016-05-23,1614.7837904870794,1028.665403194304,582.9636446168745,-0.0019536625859671863,0.15272417012641884,1611.6290478111785,0.6116290478111786,-0.039408143207985025,63.82767824837718,36.17232175162281,1677.7458984436555
2016-05-24,1611.6290478111785,1103.2904560280706,521.2591789652932,0.008017097482657887,0.15021885597040177,1624.5496349933637,0.6245496349933637,-0.03170698465103616,67.91361939720466,32.086380602795344,1677.7458984436555
2016-05-25,1624.5496349933637,1146.5668952835401,487.02179736848603,0.005564039081329408,0.3430931295230571,1633.588692652026,0.6335886926520262,-0.02631936447145622,70.1869999737916,29.813000026208403,1677.7458984436555
2016-05-26,1633.588692652026,1144.7392159751769,489.9893603803464,0.0006977788892787995,0.0872474152613489,1634.7285763555233,0.6347285763555233,-0.025639950679084866,70.02625588935794,29.97374411064206,1677.7458984436555
2016-05-27,1634.7285763555233,1092.7299236248516,544.7767610688479,0.001699430950408809,0.13276438299318644,1637.5066846936995,0.6375066846936994,-0.023984093054427058,66.73132597496846,33.268674025031544,1677.7458984436555
2016-05-30,1637.5066846936995,1208.63588632154,428.7505342373805,-7.344344661486257e-05,0.12026413477892477,1637.3864205589207,0.6373864205589206,-0.02405577502658407,73.81494503349876,26.185054966501237,1677.7458984436555
2016-05-31,1637.3864205589207,1132.5412306584126,506.732023005635,0.001152344420007445,0.07805954831657104,1639.2732536640476,0.6392732536640475,-0.02293115114469757,69.08800763551746,30.91199236448255,1677.7458984436555
2016-06-01,1639.2732536640476,1170.1894276785133,468.3176289481324,-0.0004674004383889985,0.04615781302408601,1638.5070566266456,0.6385070566266455,-0.02338783355298879,71.41802795086501,28.581972049134997,1677.7458984436555
2016-06-02,1638.5070566266456,1133.1866643758938,507.0366607475005,0.001047458715424776,0.12028535122317988,1640.2233251233943,0.6402233251233942,-0.022364872627653964,69.087339938337,30.912660061663004,1677.7458984436555
2016-06-03,1640.2233251233943,1168.4188539001982,468.5896294194007,-0.0019600024914616654,0.04560633014044123,1637.0084833195988,0.6370084833195988,-0.02428103991304431,71.37524733719317,28.62475266280684,1677.7458984436555
2016-06-06,1637.0084833195988,1174.053845966203,467.632240628988,0.0028574093068269857,0.08446889089744847,1641.686086595191,0.641686086595191,-0.021493011475644197,71.51512433178723,28.484875668212766,1677.7458984436555
2016-06-07,1641.686086595191,1232.502198727936,410.26213295951544,0.0006567912715254032,0.1593886892821577,1642.7643316874514,0.6427643316874514,-0.020850336626454857,75.02611147284327,24.973888527156735,1677.7458984436555
2016-06-08,1642.7643316874514,1255.100595177108,392.71386883154855,0.0030741672580738566,0.12108005023357084,1647.8144640086566,0.6478144640086567,-0.017840266790557835,76.16759183699668,23.832408163003326,1677.7458984436555
2016-06-09,1647.8144640086566,1255.2648717999627,392.71386883154855,9.969364054196461e-05,0.0,1647.9787406315113,0.6479787406315114,-0.017742351711160453,76.16996753968688,23.83003246031312,1677.7458984436555
2016-06-10,1647.9787406315113,1279.0879953368599,358.21275741665534,-0.006479445161959085,0.04349054671672926,1637.300752753515,0.637300752753515,-0.02410683627816279,78.12174966546407,21.878250334535938,1677.7458984436555
2016-06-13,1637.300752753515,1318.288502368054,311.68151874388343,-0.004477327472823256,0.18529130440529126,1629.9700211119375,0.6299700211119375,-0.028476229550635113,80.87808274343232,19.12191725656768,1677.7458984436555
2016-06-14,1629.9700211119375,1265.4069090934115,366.5784717897924,0.001236439778132592,0.1647829603936119,1631.985380883204,0.6319853808832041,-0.027274998915450044,77.53788262543098,22.46211737456901,1677.7458984436555
2016-06-15,1631.985380883204,1178.774187104292,448.6296086075539,-0.002807369002826965,0.16637113532701972,1627.4037957118458,0.6274037957118457,-0.030005796931769635,72.43280310702987,27.56719689297013,1677.7458984436555
2016-06-16,1627.4037957118458,1161.4047311470144,470.8793511482269,0.00299881725497686,0.21122129467594475,1632.2840822952412,0.6322840822952411,-0.02709696157838115,71.15212013302866,28.847879866971343,1677.7458984436555
2016-06-17,1632.2840822952412,1197.566077653256,429.50214657326234,-0.0031954352341589942,0.04629613601192585,1627.0682242265182,0.6270682242265182,-0.030205810226773933,73.60269593013282,26.39730406986718,1677.7458984436555
2016-06-20,1627.0682242265182,1162.8689599124882,470.8609502678374,0.00409428802960865,0.13248306089163242,1633.7299101803255,0.6337299101803255,-0.026235193484401287,71.17877641011877,28.821223589881228,1677.7458984436555
2016-06-21,1633.7299101803255,1170.101256517201,466.48978581001546,0.0017512883427439618,0.2901885272204603,1636.5910423272164,0.6365910423272165,-0.0245298505301762,71.49625204188631,28.50374795811369,1677.7458984436555
2016-06-22,1636.5910423272164,1240.5569528039293,389.5822879722203,-0.003942219763034105,0.08224591521221664,1630.1392407761496,0.6301392407761495,-0.028375368231665976,76.10128765523548,23.89871234476452,1677.7458984436555
2016-06-23,1630.1392407761496,1238.1409058683041,407.4097585451174,0.009454053526086748,0.1250516489197128,1645.5506644134216,0.6455506644134217,-0.019189576955663812,75.24173716703253,24.75826283296747,1677.7458984436555
2016-06-24,1645.5506644134216,1322.8976996375136,274.01724858228397,-0.029555891073679397,0.24119548661988532,1596.9149482197977,0.5969149482197977,-0.04817830298309167,82.84083639596761,17.159163604032372,1677.7458984436555
2016-06-27,1596.9149482197977,963.7588209488011,620.5324551361889,-0.007905037240011015,0.4900247270657629,1584.29127608499,0.5842912760849899,-0.05570248894386087,60.83217369790654,39.16782630209347,1677.7458984436555
2016-06-28,1584.29127608499,954.7905992352398,643.3148045520071,0.008719436830071814,0.30352635752002516,1598.1054037872468,0.5981054037872469,-0.047468746447412835,59.74515804605524,40.25484195394477,1677.7458984436555
2016-06-29,1598.1054037872468,1002.5365374052951,610.8918598675199,0.009588224562194103,0.14844158054508774,1613.428397272815,0.613428397272815,-0.038335662885842337,62.1370331091164,37.862966890883605,1677.7458984436555
2016-06-30,1613.428397272815,1135.0283344605712,492.76970827169777,0.008906280243823117,0.22230200610687398,1627.7980427322689,0.6277980427322689,-0.029770810799013336,69.72783506702214,30.27216493297785,1677.7458984436555
2016-07-01,1627.7980427322689,1241.89259082842,385.3119008536385,-0.0003646343309359201,0.2192145303201161,1627.2044916820585,0.6272044916820585,-0.030124589670272095,76.32062209616092,23.67937790383909,1677.7458984436555
2016-07-04,1627.2044916820585,1370.277466679628,256.7125339941737,-0.00013181564416331337,0.2144910082566117,1626.990000673802,0.6269900006738018,-0.030252434422242902,84.22162804394256,15.77837195605743,1677.7458984436555
2016-07-05,1626.990000673802,1409.45554250458,214.03464680626556,-0.00215109580360473,0.04298486134003948,1623.4901893108456,0.6234901893108455,-0.03233845434111304,86.81638803760676,13.183611962393254,1677.7458984436555
2016-07-06,1623.4901893108456,1406.9241247236243,225.33652677244348,0.00540222678459501,0.1482217429517828,1632.2606514960678,0.6322606514960678,-0.02711092722073205,86.1948196468555,13.805180353144495,1677.7458984436555
2016-07-07,1632.2606514960678,1452.683929835283,181.1317217622513,0.0009526665364636422,0.23057284842303918,1633.8156515975343,0.6338156515975342,-0.026184088357404267,88.91357653569165,11.086423464308343,1677.7458984436555
2016-07-08,1633.8156515975343,1564.0643025964414,90.67096733820743,0.01280414856881773,0.09656886165545403,1654.7352699346488,0.6547352699346489,-0.01371520474605381,94.5205152155977,5.479484784402302,1677.7458984436555
2016-07-11,1654.7352699346488,1506.3438865282453,157.226501208832,0.005339293821166491,0.36733402303947754,1663.5703877370772,0.6635703877370773,-0.008449140432843838,90.54885189302365,9.451148106976355,1677.7458984436555
2016-07-12,1663.5703877370772,1483.1263949101944,188.93465709146392,0.005103880381118753,0.10743242411297575,1672.0610520016585,0.6720610520016586,-0.003388383453817756,88.70049291170999,11.29950708829001,1677.7458984436555
2016-07-13,1672.0610520016585,1513.9435007020859,159.1393065366708,0.0006110753168222516,0.10460317777301717,1673.0828072387567,0.6730828072387567,-0.002779378694487966,90.48825880894006,9.51174119105994,1677.7458984436555
2016-07-14,1673.0828072387567,1520.4772970866727,159.1393065366708,0.0039052438745517115,0.0,1679.6166036233435,0.6796166036233435,0.0,90.5252599793686,9.474740020631401,1679.6166036233435
2016-07-15,1679.6166036233435,1525.9425926648614,152.5502417922429,-0.0006690629062696685,0.14217671897005044,1678.4928344571044,0.6784928344571044,-0.0006690629062696685,90.91147494582042,9.088525054179579,1679.6166036233435
2016-07-18,1678.4928344571044,1528.4282233830852,152.5502417922429,0.0014808706163034202,0.0,1680.978465175328,0.6809784651753279,0.0,90.92491397405668,9.075086025943332,1680.978465175328
2016-07-19,1680.978465175328,1498.9978253332843,182.6117997335406,0.0003754717294555121,0.10325082899530727,1681.609625066825,0.6816096250668249,0.0,89.14065446513581,10.859345534864184,1681.609625066825
2016-07-20,1681.609625066825,1508.425879729401,182.6117997335406,0.005606565433248001,0.0,1691.0376794629417,0.6910376794629416,0.0,89.20119865149684,10.798801348503154,1691.0376794629417
2016-07-21,1691.0376794629417,1499.3046297076726,182.6117997335406,-0.005393877459090812,0.0,1681.9164294412133,0.6819164294412132,-0.005393877459090812,89.14263535708429,10.857364642915709,1691.0376794629417
2016-07-22,1681.9164294412133,1505.1926099519383,182.6117997335406,0.003500756720844933,0.0,1687.804409685479,0.687804409685479,-0.0019120033910122736,89.18051175328009,10.819488246719901,1691.0376794629417
2016-07-25,1687.804409685479,1576.7674097057707,109.98231029959086,-0.0006248885676948257,0.09189033207095366,1686.7497200053615,0.6867497200053614,-0.0025356971696467445,93.47963073625165,6.520369263748345,1691.0376794629417
2016-07-26,1686.7497200053615,1580.3864507177534,109.85330504840277,0.0020690892782739834,0.15211147368602823,1690.2397557661561,0.6902397557661561,-0.00047185447519948465,93.50072646950561,6.4992735304943885,1691.0376794629417
2016-07-27,1690.2397557661561,1430.3030627813048,257.05593114463625,-0.0017043510131551365,0.15446647195281277,1687.358993925941,0.687358993925941,-0.002175401282701772,84.76578297386796,15.234217026132054,1691.0376794629417
2016-07-28,1687.358993925941,1477.5312693476617,210.6880737574184,0.0005098791556723548,0.23180048332432077,1688.21934310508,0.68821934310508,-0.0016666313187987392,87.52010071334051,12.47989928665949,1691.0376794629417
2016-07-29,1688.21934310508,1423.5760202176457,269.9881391019491,0.0031659489250279726,0.12695579486359765,1693.5641593195949,0.6935641593195949,0.0,84.05799168480164,15.942008315198366,1693.5641593195949
2016-08-01,1693.5641593195949,1517.6877355814488,176.25270328654886,0.0002221820450865053,0.16022997590886312,1693.9404388679977,0.6939404388679977,0.0,89.59510622437631,10.404893775623687,1693.9404388679977
2016-08-02,1693.9404388679977,1499.5221826231593,183.92625859105254,-0.006193840948030771,0.1977021554687852,1683.448441214212,0.6834484412142119,-0.006193840948030771,89.07443470865118,10.92556529134881,1693.9404388679977
2016-08-03,1683.448441214212,1427.5069596423568,256.0961856469981,9.18971269658897e-05,0.0807510595124878,1683.6031452893549,0.683603145289355,-0.006102513017252842,84.7888033255614,15.211196674438604,1693.9404388679977
2016-08-04,1683.6031452893549,1373.6450117824465,315.54586020660554,0.0033189096345724867,0.1297295351484791,1689.190871989052,0.689190871989052,-0.0028038570719284284,81.31970368540739,18.6802963145926,1693.9404388679977
2016-08-05,1689.190871989052,1406.9539000429338,293.61445588866263,0.0067354637839991405,0.15786967465080495,1700.5683559315964,0.7005683559315965,0.0,82.73433379701952,17.265666202980494,1700.5683559315964
2016-08-08,1700.5683559315964,1429.2572893961355,271.84663943089265,0.00031493758752110246,0.2442975181626334,1701.103928827028,0.701103928827028,0.0,84.0193985314971,15.980601468502902,1701.103928827028
2016-08-09,1701.103928827028,1430.5688706257843,272.0354949856175,0.0008820371048159359,0.14113362670677612,1702.6043656114018,0.7026043656114018,0.0,84.02238943584935,15.977610564150652,1702.6043656114018
2016-08-10,1702.6043656114018,1356.3633367677287,340.4493478553668,-0.0034016598954429433,0.07152526691356284,1696.8126846230955,0.6968126846230955,-0.0034016598954429433,79.9359498581902,20.064050141809798,1702.6043656114018
2016-08-11,1696.8126846230955,1499.2164944616554,203.47587619912932,0.003465135598627045,0.14164595564212426,1702.6923706607847,0.7026923706607848,0.0,88.04975697869816,11.95024302130184,1702.6923706607847
2016-08-12,1702.6923706607847,1509.3835856473845,196.3432931144882,0.0017821822387742436,0.12121119252517369,1705.7268787618727,0.7057268787618727,0.0,88.48917165114928,11.510828348850719,1705.7268787618727
2016-08-15,1705.7268787618727,1448.074345165591,262.34553407503216,0.0027513200015685246,0.07398573448680691,1710.4198792406232,0.7104198792406233,0.0,84.66192206608906,15.33807793391094,1710.4198792406232
2016-08-16,1710.4198792406232,1476.3821139020708,230.20794699303033,-0.0022391100524523644,0.040882904745860336,1706.5900608951013,0.7065900608951012,-0.0022391100524523644,86.51064762018554,13.489352379814456,1710.4198792406232
2016-08-17,1706.5900608951013,1443.2004075454452,262.51392844979296,-0.0005131430915540358,0.038388610991678646,1705.7143359952381,0.705714335995238,-0.002751104160151785,84.60973664170893,15.39026335829107,1710.4198792406232
2016-08-18,1705.7143359952381,1478.612497718562,229.57647452256737,0.0014507917261816772,0.03891686140701509,1708.1889722411295,0.7081889722411294,-0.0013043037131235113,86.56024138703079,13.439758612969207,1710.4198792406232
2016-08-19,1708.1889722411295,1410.0635550184775,295.5768003883862,-0.0014919993488320404,0.07129096103986997,1705.6403554068636,0.7056403554068635,-0.0027943570416648633,82.67062575932785,17.329374240672166,1710.4198792406232
2016-08-22,1705.6403554068636,1278.0278460251059,426.2766719854654,-0.0007831881979444288,0.13341686625054258,1704.3045180105712,0.7043045180105711,-0.0035753567321534785,74.98823317777409,25.011766822225916,1710.4198792406232
2016-08-23,1704.3045180105712,1434.8664057591834,272.4698022238334,0.0017788428889364827,0.2189206578580975,1707.3362079830167,0.7073362079830168,-0.0018028738411153267,84.04123329957848,15.958766700421535,1710.4198792406232
2016-08-24,1707.3362079830167,1406.1717190880656,295.3489052855772,-0.0034062322243163523,0.1515922499448581,1701.520624373643,0.7015206243736429,-0.0052029650584576315,82.64206139762192,17.357938602378084,1710.4198792406232
2016-08-25,1701.520624373643,1307.4442051681574,392.55519985077797,-0.0008940352135123897,0.1034057739087545,1699.9994050189352,0.6999994050189353,-0.006092348637993128,76.90850957407214,23.09149042592786,1710.4198792406232
2016-08-26,1699.9994050189352,1191.2937936593387,509.8024198629569,0.0006451816983712444,0.19740164272359864,1701.0962135222956,0.7010962135222956,-0.005451097611463118,70.03094734968822,29.969052650311784,1710.4198792406232
2016-08-29,1701.0962135222956,1230.100801537052,476.13372912532003,0.0030205917215211375,0.17321066092250337,1706.234530662372,0.7062345306623721,-0.002446971430260403,72.09447349887581,27.905526501124182,1710.4198792406232
2016-08-30,1706.234530662372,1349.091242247292,355.2782967371549,-0.001093045325487041,0.18723048417273527,1704.369538984447,0.7043695389844471,-0.0035373421050639564,79.1548552933627,20.845144706637296,1710.4198792406232
2016-08-31,1704.369538984447,1240.4046905109863,461.4883919181871,-0.0014530044680036713,0.11169155676744487,1701.8930824291733,0.7018930824291734,-0.0049852067991840165,72.88381998359803,27.116180016401977,1710.4198792406232
2016-09-01,1701.8930824291733,1136.0386273286044,567.1886779999861,0.0007839639946787269,0.10901614307186307,1703.2273053285905,0.7032273053285905,-0.004205151027141918,66.6991788925928,33.300821107407195,1710.4198792406232
2016-09-02,1703.2273053285905,1209.726009231844,496.69541484002724,0.0018753332178786941,0.07921588081179999,1706.4214240718713,0.7064214240718714,-0.002337703868670604,70.89257039126888,29.107429608731128,1710.4198792406232
2016-09-05,1706.4214240718713,1137.614282714581,568.6628090646869,-8.458185684234731e-05,0.14433229260354768,1706.2770917792677,0.7062770917792678,-0.002422087998179001,66.67230593410254,33.327694065897475,1710.4198792406232
2016-09-06,1706.2770917792677,1251.1821636402829,462.00999185865726,0.004052720248656438,0.1067204982280313,1713.19215549894,0.7131921554989402,0.0,73.03221414038613,26.96778585961387,1713.19215549894
2016-09-07,1713.19215549894,1333.7743628552832,376.71940036017844,-0.0015750669151834984,0.182873849588334,1710.4937632154617,0.7104937632154618,-0.0015750669151834984,77.97598515343284,22.024014846567148,1713.19215549894
2016-09-08,1710.4937632154617,1399.8627883169854,307.8156399120302,-0.0016459194689806278,0.07323746675309548,1707.6784282290155,0.7076784282290154,-0.0032183939508635406,81.97461332159259,18.025386678407422,1713.19215549894
2016-09-09,1707.6784282290155,1216.368014538382,462.26017023376056,-0.017011542089338194,0.2360707449314111,1678.6281847721427,0.6786281847721427,-0.020175186196046524,72.46202736096035,27.537972639039648,1713.19215549894
2016-09-12,1678.6281847721427,1122.4558784079413,571.97690641163,0.009415188062968038,0.28270203341855965,1694.4327848195712,0.6944327848195713,-0.010949951305319616,66.24375357134417,33.75624642865583,1713.19215549894
2016-09-13,1694.4327848195712,1183.2274982173562,493.9485015214576,-0.010184402258596958,0.26106071758397353,1677.175999738814,0.677175999738814,-0.02102283485511114,70.54879740716656,29.451202592833432,1713.19215549894
2016-09-14,1677.175999738814,1067.2022868737415,609.6025225759474,-0.00022131862677665648,0.2796591472576875,1676.804809449689,0.676804809449689,-0.021239500736946804,63.644992002616384,36.35500799738361,1713.19215549894
2016-09-15,1676.804809449689,1132.5415385235804,558.8086789831171,0.008674478970382982,0.1262575001125213,1691.3502175066974,0.6913502175066975,-0.012749263369047803,66.96079421050453,33.039205789495476,1713.19215549894
2016-09-16,1691.3502175066974,1204.517698667119,483.07776339791843,-0.0022199751434064385,0.16515588970951253,1687.5954620650375,0.6875954620650375,-0.014940935464678229,71.37478890783476,28.62521109216524,1713.19215549894
2016-09-19,1687.5954620650375,1122.3921807926063,562.2829427505427,-0.0017304730828768822,0.24887793780331716,1684.6751235431489,0.684675123543149,-0.01664555366090037,66.6236572919787,33.376342708021305,1713.19215549894
2016-09-20,1684.6751235431489,1137.5464384117188,547.3462224516079,0.00012912716353308262,0.1731926999155263,1684.8926608633267,0.6848926608633268,-0.01651857589049699,67.51447524430715,32.48552475569284,1713.19215549894
2016-09-21,1684.8926608633267,1170.493690477536,521.3797608888464,0.004143166306795232,0.1346341402787863,1691.8734513663821,0.6918734513663822,-0.012443848790767542,69.18328847421938,30.816711525780626,1713.19215549894
2016-09-22,1691.8734513663821,1134.2934720716921,563.7541995129908,0.00364933926548372,0.20361760913653457,1698.047671584683,0.6980476715846831,-0.008839921351289637,66.79986027795827,33.20013972204172,1713.19215549894
2016-09-23,1698.047671584683,1149.6706817970396,540.1614671951319,-0.004838216694378561,0.1264283090852732,1689.8321489921714,0.6898321489921713,-0.013635368590609431,68.03460819956064,31.965391800439363,1713.19215549894
2016-09-26,1689.8321489921714,1075.8197420145602,603.3534085897395,-0.006307726121927981,0.15807319317902613,1679.1731506042997,0.6791731506042997,-0.01985708654189633,64.06842210568904,35.93157789431096,1713.19215549894
2016-09-27,1679.1731506042997,1011.7260857648622,679.580396443358,0.007225777520057264,0.08492642028713958,1691.3064822082201,0.6913064822082202,-0.012774791911387307,59.819204644915835,40.18079535508418,1713.19215549894
2016-09-28,1691.3064822082201,1136.1302434807533,563.6423278473951,0.00500565048912649,0.1264995553448865,1699.7725713281484,0.6997725713281484,-0.007833087565640606,66.84013277099872,33.159867229001286,1713.19215549894
2016-09-29,1699.7725713281484,1136.2386011367348,554.0680101904649,-0.005568956789055779,0.2056543730618011,1690.3066113271998,0.6903066113271998,-0.013358422228518352,67.22085765520255,32.77914234479744,1713.19215549894
2016-09-30,1690.3066113271998,1203.4836263923403,499.28082322767375,0.007370164802841694,0.1279483008171654,1702.7644496200141,0.702764449620014,-0.0060867111990068334,70.67822132773018,29.32177867226981,1713.19215549894
2016-10-03,1702.7644496200141,1145.9474871410814,555.0491828756288,-0.0010381821183185203,0.20009417437579805,1700.9966700167101,0.7009966700167101,-0.007118574202599093,67.36917874917556,32.63082125082445,1713.19215549894
2016-10-04,1700.9966700167101,1234.6182778199952,463.7435550708896,-0.001548996051708551,0.16462766094040027,1698.361832890885,0.6983618328908849,-0.00865654361097401,72.69465516182004,27.305344838179952,1713.19215549894
2016-10-05,1698.361832890885,1325.9494079329422,385.9108915795541,0.00794793333210686,0.08043407746528071,1711.8602995124963,0.7118602995124963,-0.0007774119103737265,77.45663640371507,22.54336359628492,1713.19215549894
2016-10-06,1711.8602995124963,1225.6108249205736,483.61430196048764,-0.0015393619632312339,0.17230442347886857,1709.2251268810612,0.7092251268810612,-0.0023155771552804127,71.70564050605954,28.294359493940473,1713.19215549894
2016-10-07,1709.2251268810612,1280.9883507753525,427.10459911517995,-0.0006623919650623478,0.20168260508541408,1708.0929498905325,0.7080929498905326,-0.002976435300640623,74.99523669701043,25.004763302989574,1713.19215549894
2016-10-10,1708.0929498905325,1389.5717506421388,325.1723317643744,0.0038938937816042074,0.1787063100127361,1714.7440824065131,0.7147440824065132,0.0,81.03668441835241,18.963315581647596,1714.7440824065131
2016-10-11,1714.7440824065131,1331.7210494935587,367.39449562436675,-0.009114209781470262,0.050664891314680195,1699.1155451179254,0.6991155451179254,-0.009114209781470262,78.37730949610798,21.622690503892017,1714.7440824065131
2016-10-12,1699.1155451179254,1212.0538544593614,485.3357653660847,-0.0010157786487436926,0.12581895332273535,1697.389619825446,0.6973896198254461,-0.010120730410517864,71.40693216823165,28.593067831768348,1714.7440824065131
2016-10-13,1697.389619825446,1124.9245299594932,565.7099843206585,-0.003979702400907392,0.08655562115709581,1690.6345142801515,0.6906345142801515,-0.014060155316311551,66.53859958836048,33.461400411639524,1714.7440824065131
2016-10-14,1690.6345142801515,1172.0588619152313,523.2461319050549,0.002762560151638338,0.045503467373242276,1695.3049938202862,0.6953049938202862,-0.011336437189475967,69.1355753795106,30.864424620489412,1714.7440824065131
2016-10-17,1695.3049938202862,1352.0451679951932,338.79655296298074,-0.0026327256029928803,0.26444580107634186,1690.841720958174,0.6908417209581739,-0.013939317064033285,79.96284638807055,20.037153611929444,1714.7440824065131
2016-10-18,1690.841720958174,1204.9469552824823,506.99595784802744,0.012479696893437309,0.256558439424721,1711.9429131305099,0.71194291313051,-0.0016335786224566107,70.38476260163841,29.615237398361582,1714.7440824065131
2016-10-19,1711.9429131305099,1199.5984952627075,513.4740965951418,0.0006598810735303218,0.10877734401120162,1713.0725918578491,0.7130725918578491,-0.0009747755165413485,70.02613321609024,29.973866783909752,1714.7440824065131
2016-10-20,1713.0725918578491,1283.8628745442822,428.0942939523197,-0.0006511243986674353,0.17385401214261584,1711.957168496602,0.711957168496602,-0.0016252652150867686,74.9938665621955,25.006133437804483,1714.7440824065131
2016-10-21,1711.957168496602,1160.2554444949576,556.2543637335267,0.0026593187117411876,0.13171602786874936,1716.5098082284844,0.7165098082284844,0.0,67.59387210798367,32.406127892016315,1716.5098082284844
2016-10-24,1716.5098082284844,1255.115727706834,471.946865211282,0.006147814966768195,0.09333205155110656,1727.062592918116,0.727062592918116,0.0,72.67343597467065,27.326564025329343,1727.062592918116
2016-10-25,1727.062592918116,1357.7840710892965,369.8748094245863,0.00034526113773281075,0.21003191501003446,1727.6588805138829,0.7276588805138828,0.0,78.59098149545764,21.409018504542345,1727.6588805138829
2016-10-26,1727.6588805138829,1278.1148183643263,452.3922285142258,0.001648569863410776,0.0898592394102866,1730.507046878552,0.730507046878552,0.0,73.8578222301816,26.142177769818403,1730.507046878552
2016-10-27,1730.507046878552,1311.6748036992662,411.9723606392942,-0.003964088185809622,0.053126712741991,1723.6471643385605,0.7236471643385605,-0.003964088185809622,76.09879973333253,23.901200266667463,1730.507046878552
2016-10-28,1723.6471643385605,1308.101784619427,411.9723606392942,-0.002072941117975513,0.0,1720.0741452587213,0.7200741452587214,-0.00602881198238947,76.04915103369987,23.95084896630013,1730.507046878552
2016-10-31,1720.0741452587213,1246.6234532941235,472.84485893346346,-0.0003522133233642144,0.17553101268480634,1719.468312227587,0.7194683122275869,-0.006378901877849397,72.50051916799278,27.49948083200723,1730.507046878552
2016-11-01,1719.468312227587,1282.30833683471,429.8173859369388,-0.004270267386565441,0.049692119957807285,1712.1257227716487,0.7121257227716487,-0.010621929647763761,74.89568784463238,25.104312155367627,1730.507046878552
2016-11-02,1712.1257227716487,1251.0377343360447,450.4141568758349,-0.006234256876001987,0.14524385354649322,1701.4518912118797,0.7014518912118797,-0.016789966685822777,73.52765839561751,26.47234160438248,1730.507046878552
2016-11-03,1701.4518912118797,1184.9783375614466,510.29047335851556,-0.0036340024210226307,0.14509400504832273,1695.268810919962,0.6952688109199621,-0.020362954327260208,69.89914106414787,30.10085893585213,1730.507046878552
2016-11-04,1695.268810919962,1180.455323932744,510.29047335851556,-0.0026680214958051396,0.0,1690.7457972912596,0.6907457972912596,-0.022976647023202124,69.81861648415445,30.181383515845546,1730.507046878552
2016-11-07,1690.7457972912596,1233.4358721061753,489.32083355777485,0.01893301076008891,0.1055814475896861,1722.7567056639502,0.7227567056639503,-0.004478653368434227,71.59663741554321,28.403362584456794,1730.507046878552
2016-11-08,1722.7567056639502,1209.8831772014382,516.7133676857604,0.0022288923390192394,0.11364401342460767,1726.5965448871987,0.7265965448871987,-0.002259743465596986,70.07330002971145,29.92669997028855,1730.507046878552
2016-11-09,1726.5965448871987,1226.3438561905218,516.7133676857604,0.009533598939385657,0.0,1743.0572238762823,0.7430572238762823,0.0,70.35591484847113,29.644085151528877,1743.0572238762823
2016-11-10,1743.0572238762823,1190.924403149223,554.3481016929002,0.0012709169472442383,0.2610149950078677,1745.2725048421232,0.7452725048421232,0.0,68.23716066374136,31.762839336258626,1745.2725048421232
2016-11-11,1745.2725048421232,1160.3514180715104,606.845798689367,0.012562343048392544,0.2055073426759318,1767.1972167608774,0.7671972167608774,0.0,65.66055033734922,34.33944966265078,1767.1972167608774
2016-11-14,1767.1972167608774,1177.411037943043,588.8626193279664,-0.0005226125760658951,0.20311959232603508,1766.2736572710096,0.7662736572710096,-0.0005226125760658951,66.66073703223361,33.33926296776637,1767.1972167608774
2016-11-15,1766.2736572710096,1265.4814324788344,510.8493356130995,0.005693970908484891,0.44040728114016375,1776.330768091934,0.776330768091934,0.0,71.24131694448809,28.75868305551191,1776.330768091934
2016-11-16,1776.330768091934,1212.1233622853247,564.8995797430049,0.0003896650043049288,0.29657374079232485,1777.0229420283295,0.7770229420283294,0.0,68.21090114355997,31.789098856440045,1777.0229420283295
2016-11-17,1777.0229420283295,1213.785115538135,565.3181661554491,0.0011706881301600802,0.09822448992835572,1779.103281693584,0.7791032816935839,0.0,68.22454480454306,31.77545519545696,1779.103281693584
2016-11-18,1779.103281693584,1289.2005064597008,489.0187691757881,-0.0004968829337741454,0.23463328994735325,1778.2192756354889,0.7782192756354889,-0.0004968829337741454,72.49952377211604,27.50047622788397,1779.103281693584
2016-11-21,1778.2192756354889,1387.2441220334226,400.00332730803706,0.005077086852938617,0.09600970994782662,1787.2474493414597,0.7872474493414598,0.0,77.61902933724008,22.380970662759918,1787.2474493414597
2016-11-22,1787.2474493414597,1426.6280494903838,365.29890098667096,0.0026182726613035445,0.27444092408227205,1791.9269504770548,0.7919269504770547,0.0,79.61418567372853,20.385814326271472,1791.9269504770548
2016-11-23,1791.9269504770548,1428.7459113733075,366.44423314142017,0.0018210530495141874,0.08627945615927715,1795.1901445147278,0.7951901445147278,0.0,79.58744179489261,20.412558205107384,1795.1901445147278
2016-11-24,1795.1901445147278,1428.7459113733075,366.44423314142017,0.0,0.0,1795.1901445147278,0.7951901445147278,0.0,79.58744179489261,20.412558205107384,1795.1901445147278
2016-11-25,1795.1901445147278,1432.8463886628963,366.44423314142017,0.0022841465023177854,0.0,1799.2906218043165,0.7992906218043165,0.0,79.63396081206979,20.366039187930205,1799.2906218043165
2016-11-28,1799.2906218043165,1480.6232777194646,312.747087381074,-0.0032903282171510284,0.17302075880721784,1793.3703651005385,0.7933703651005386,-0.0032903282171510284,82.56093144688822,17.439068553111785,1799.2906218043165
2016-11-29,1793.3703651005385,1508.5934231783442,285.20361909969165,0.00023791916371584954,0.10530262084852848,1793.7970422780359,0.7937970422780358,-0.00305319188557307,84.10056364361618,15.89943635638382,1799.2906218043165
2016-11-30,1793.7970422780359,1495.8256405207744,298.8179772597959,0.0004719460912141482,0.14819645321001695,1794.6436177805704,0.7946436177805705,-0.0025826867363351047,83.34945310036858,16.65054689963142,1799.2906218043165
2016-12-01,1794.6436177805704,1535.6130723786214,256.14613934688964,-0.001607230553454686,0.23152033604926522,1791.759211725511,0.791759211725511,-0.004185766316757156,85.70420971352426,14.295790286475727,1799.2906218043165
2016-12-02,1791.759211725511,1460.5977122695058,329.7438046433084,-0.0007912306538842007,0.31710277981220686,1790.3415169128143,0.7903415169128143,-0.004973685064021516,81.58207238516681,18.417927614833175,1799.2906218043165
2016-12-05,1790.3415169128143,1614.1095944147685,188.30761759072757,0.006744911503535178,0.14938418956884167,1802.4172120054961,0.8024172120054962,0.0,89.5524955966658,10.447504403334191,1802.4172120054961
2016-12-06,1802.4172120054961,1576.411636286657,237.00181481220062,0.00610082894244357,0.15834466220684498,1813.4134510988576,0.8134134510988575,0.0,86.93062441614808,13.069375583851922,1813.4134510988576
2016-12-07,1813.4134510988576,1564.8029970665375,271.886336789421,0.012835397654625602,0.12568087540757097,1836.6893338559585,0.8366893338559585,0.0,85.19693386476956,14.803066135230445,1836.6893338559585
2016-12-08,1836.6893338559585,1602.8349383014393,239.13313085586663,0.002874049086061259,0.4350431253454746,1841.9680691573058,0.8419680691573057,0.0,87.0175202893029,12.982479710697115,1841.9680691573058
2016-12-09,1841.9680691573058,1640.1635226044923,209.20552375312755,0.004017972582825546,0.1090295602026224,1849.36904635762,0.84936904635762,0.0,88.68773519459714,11.312264805402862,1849.36904635762
2016-12-12,1849.36904635762,1567.0543614036865,281.2730968951904,-0.0005632126593630993,0.15262755053423274,1848.327458298877,0.8483274582988769,-0.0005632126593630993,84.78229084179367,15.217709158206324,1849.36904635762
2016-12-13,1848.327458298877,1550.1288730237998,307.95078125956275,0.0052762274026167955,0.10379512358374246,1858.0796542833625,0.8580796542833624,0.0,83.42639506602124,16.573604933978753,1858.0796542833625
2016-12-14,1858.0796542833625,1481.4201457814188,371.4779425209041,-0.0027886673044908994,0.1379883357684442,1852.8980883023228,0.8528980883023227,-0.0027886673044908994,79.95151784838515,20.04848215161486,1858.0796542833625
2016-12-15,1852.8980883023228,1527.2138854409372,333.478293794326,0.004206432605303956,0.04336210009221738,1860.6921792352632,0.8606921792352633,0.0,82.07772905610943,17.92227094389058,1860.6921792352632
2016-12-16,1860.6921792352632,1517.6893691513512,334.8418451700311,-0.004385983348000666,0.08274709231616692,1852.5312143213823,0.8525312143213823,-0.004385983348000666,81.92517121539082,18.074828784609174,1860.6921792352632
2016-12-19,1852.5312143213823,1580.1915536664196,281.6375498023652,0.0050190188837431204,0.2693741161059845,1861.8291034687848,0.8618291034687848,0.0,84.87307190130154,15.126928098698459,1861.8291034687848
2016-12-20,1861.8291034687848,1589.9392891357527,281.6375498023652,0.005235569393115647,0.0,1871.5768389381178,0.8715768389381178,0.0,84.95185749562071,15.048142504379289,1871.5768389381178
2016-12-21,1871.5768389381178,1625.7092126275015,244.0634982928192,-0.0009639615004110036,0.055219829544164926,1869.7727109203206,0.8697727109203206,-0.0009639615004110036,86.94688948729556,13.053110512704441,1871.5768389381178
2016-12-22,1869.7727109203206,1623.0108775977496,244.0634982928192,-0.0014431353147857928,0.0,1867.0743758905687,0.8670743758905688,-0.002405705688313442,86.92802485833462,13.071975141665382,1871.5768389381178
2016-12-23,1867.0743758905687,1615.015605427619,254.45389620994348,0.0012828228901440308,0.14715504786131756,1869.4695016375624,0.8694695016375624,-0.0011259688924933897,86.38897847827663,13.611021521723382,1871.5768389381178
2016-12-26,1869.4695016375624,1615.015605427619,254.45389620994348,0.0,0.0,1869.4695016375624,0.8694695016375624,-0.0011259688924933897,86.38897847827663,13.611021521723382,1871.5768389381178
2016-12-27,1869.4695016375624,1667.0225507783925,212.3917513797718,0.005319584252051701,0.047964715405796166,1879.4143021581644,0.8794143021581644,0.0,88.69904570078674,11.30095429921325,1879.4143021581644
2016-12-28,1879.4143021581644,1658.2352203297803,204.12884353554048,-0.009072102023095496,0.1553197425207385,1862.3640638653208,0.8623640638653207,-0.009072102023095496,89.03926211334465,10.960737886655352,1879.4143021581644
2016-12-29,1862.3640638653208,1605.9888169339883,253.77251391903891,-0.0013975425443356615,0.1862220625957084,1859.7613308530272,0.8597613308530272,-0.01045696591888734,86.3545655182195,13.6454344817805,1879.4143021581644
2016-12-30,1859.7613308530272,1404.9308494743127,444.4537234287498,-0.005579618082071414,0.2718122100176862,1849.3845729030625,0.8493845729030625,-0.01597823812483401,75.96747967184182,24.03252032815818,1879.4143021581644
2017-01-02,1849.3845729030625,1320.9889806450446,527.9469883878005,-0.00024256927238941461,0.44860387021735815,1848.9359690328452,0.8489359690328451,-0.01621693156762749,71.44590200903697,28.554097990963033,1879.4143021581644
2017-01-03,1848.9359690328452,1328.2116807368993,528.0910528766045,0.003984326501318414,0.17636684706564365,1856.3027336135037,0.8563027336135038,-0.012297218616523886,71.55145853561206,28.448541464387944,1879.4143021581644
2017-01-04,1856.3027336135037,1623.0686324942853,241.65427221972337,0.004535990249884714,0.47217129508143507,1864.7229047140088,0.8647229047140088,-0.007817008430384575,87.04074092677133,12.959259073228669,1879.4143021581644
2017-01-05,1864.7229047140088,1437.159536407843,426.91757522036033,-0.0003463212063159471,0.4147571099333263,1864.0771116282033,0.8640771116282033,-0.008160622440911092,77.09764405360552,22.902355946394483,1879.4143021581644
2017-01-06,1864.0771116282033,1686.3436350951033,186.00646005520684,0.004438112281138773,0.40125110761345856,1872.3500951503102,0.8723500951503103,-0.0037587279184490008,90.06561537091842,9.934384629081586,1879.4143021581644
2017-01-09,1872.3500951503102,1572.305090222631,299.45410396331647,-0.0003155932033722664,0.12191126073307357,1871.7591941859473,0.8717591941859473,-0.004073134892836894,84.00146210615769,15.998537893842322,1879.4143021581644
2017-01-10,1871.7591941859473,1441.0341671073495,428.717731769987,-0.0010724110851683122,0.22708356429285761,1869.7518988773365,0.8697518988773365,-0.005141177902994731,77.07087597945996,22.929124020540044,1879.4143021581644
2017-01-11,1869.7518988773365,1589.0214751972521,284.23341886215155,0.0018735080221983225,0.2940440104868215,1873.2548940594038,0.8732548940594038,-0.0032773019188412356,84.82676224343348,15.173237756566515,1879.4143021581644
2017-01-12,1873.2548940594038,1599.4199584683777,267.12747197893333,-0.0035806465171205337,0.4803700295528161,1866.547430447311,0.8665474304473109,-0.006846213576260585,85.68868555807782,14.311314441922176,1879.4143021581644
2017-01-13,1866.547430447311,1476.2740580198129,399.8343311072161,0.005122269342722641,0.14011827435064256,1876.1083891270289,0.8761083891270289,-0.0017590123834533289,78.68810067560847,21.311899324391533,1879.4143021581644
2017-01-16,1876.1083891270289,1518.75441024569,357.29926917899246,-2.916126949992215e-05,0.05470970234643756,1876.0536794246825,0.8760536794246825,-0.0017881223579191419,80.95474169542084,19.04525830457917,1879.4143021581644
2017-01-17,1876.0536794246825,1504.4657639415734,357.29926917899246,-0.007616331270701382,0.0,1861.765033120566,0.861765033120566,-0.009390834696390016,80.8085734331302,19.19142656686979,1879.4143021581644
2017-01-18,1861.765033120566,1484.7268988919498,380.46408211041864,0.0018401612560421388,0.3514928460607337,1865.1909810023685,0.8651909810023686,-0.007567954090518025,79.60186994331518,20.398130056684824,1879.4143021581644
2017-01-19,1865.1909810023685,1528.309276600132,339.0794078496996,0.00117827261114134,0.04622505982170561,1867.3886844498315,0.8673886844498315,-0.006398598592403881,81.84205512899963,18.157944871000375,1879.4143021581644
2017-01-20,1867.3886844498315,1620.8765107993304,254.54710484577177,0.004302763137733034,0.09680667011421298,1875.4236156451022,0.8754236156451023,-0.002123367108827323,86.42722088373546,13.572779116264538,1879.4143021581644
2017-01-23,1875.4236156451022,1591.472742574869,285.27816660430045,0.0007077299885713817,0.1123836025630526,1876.7509091791694,0.8767509091791694,-0.0014171398908354726,84.79935908334943,15.200640916650574,1879.4143021581644
2017-01-24,1876.7509091791694,1640.7692453050042,255.73306946384108,0.010524255239771962,0.1875090605910616,1896.5023147688453,0.8965023147688453,0.0,86.51554140101268,13.484458598987317,1896.5023147688453
2017-01-25,1896.5023147688453,1652.5096933668108,258.51675557651225,0.007658379355180545,0.09719643742113132,1911.026448943323,0.9110264489433231,0.0,86.47236119000573,13.527638809994269,1911.026448943323
2017-01-26,1911.026448943323,1664.237134080264,249.11208979397034,0.001215459331918689,0.1522296334197642,1913.3492238742344,0.9133492238742345,0.0,86.98031249676642,13.019687503233577,1913.3492238742344
2017-01-27,1913.3492238742344,1666.2884655565626,249.4762488592363,0.0012624410177843881,0.09104121131611853,1915.764714415799,0.915764714415799,0.0,86.97771981172997,13.022280188270019,1915.764714415799
2017-01-30,1915.764714415799,1769.813021304389,130.4191269775097,-0.008107762929873696,0.20119445993120136,1900.2321482818986,0.9002321482818987,-0.008107762929873696,93.13667400609823,6.863325993901777,1915.764714415799
2017-01-31,1900.2321482818986,1675.0998936696267,215.8405483983104,-0.004889774242774814,0.09492299736003255,1890.940442067937,0.890940442067937,-0.012957892042307462,88.5855448645296,11.414455135470405,1915.764714415799
2017-02-01,1890.940442067937,1640.4403922916629,257.7209577020528,0.0038186860702402736,0.1345571253933378,1898.1613499937157,0.8981613499937158,-0.009188688093908937,86.4226000754411,13.577399924558891,1915.764714415799
2017-02-02,1898.1613499937157,1597.7845286877632,301.9188321830761,0.0008123708119589512,0.061382588651432465,1899.7033608708393,0.8997033608708394,-0.00838378190395761,84.10705384841378,15.892946151586218,1915.764714415799
2017-02-03,1899.7033608708393,1645.386503664653,258.99619731675807,0.0024631951529667795,0.054260983810737205,1904.382700981411,0.9043827009814112,-0.005941237641940211,86.39999212430956,13.600007875690432,1915.764714415799
2017-02-06,1904.382700981411,1647.7612457806315,259.51379677020725,0.0015187816860220416,0.17475336362153968,1907.2750425508389,0.9072750425508389,-0.004431479398841032,86.39347807838314,13.606521921616862,1915.764714415799
2017-02-07,1907.2750425508389,1697.0403184157726,216.6800797059631,0.003379352965410254,0.05572058390508495,1913.7203981217358,0.9137203981217359,-0.001067101966478523,88.67754767527019,11.322452324729811,1915.764714415799
2017-02-08,1913.7203981217358,1741.343144154659,173.83341882405753,0.0007609078412971204,0.1411628233728136,1915.1765629787167,0.9151765629787167,-0.00030700609143530233,90.92337374086854,9.076626259131459,1915.764714415799
2017-02-09,1915.1765629787167,1793.3929541556809,130.52633883404974,0.004564973371131931,0.053881369044561665,1923.9192929897306,0.9239192929897306,0.0,93.21560216638743,6.784397833612579,1923.9192929897306
2017-02-10,1923.9192929897306,1752.3974464035123,174.84928774560657,0.0017295118207465432,0.05246616255057471,1927.2467341491188,0.9272467341491188,0.0,90.9275089355488,9.07249106445121,1927.2467341491188
2017-02-13,1927.2467341491188,1719.4090450140739,218.8658004903902,0.005722210425856078,0.1395102083732244,1938.274845504464,0.938274845504464,0.0,88.70821643287502,11.291783567124982,1938.274845504464
2017-02-14,1938.274845504464,1726.1388390869035,218.8658004903902,0.0034720535575429867,0.0,1945.0046395772938,0.9450046395772937,0.0,88.74728645696412,11.252713543035872,1945.0046395772938
2017-02-15,1945.0046395772938,1660.9610926469884,295.73694738052683,0.006012016738820014,0.24201951167008157,1956.6980400275152,0.9566980400275151,0.0,84.88591794284375,15.114082057156258,1956.6980400275152
2017-02-16,1956.6980400275152,1642.9343474065072,312.75531475764575,-0.0005153466926087757,0.3163716467565505,1955.6896621641529,0.9556896621641529,-0.0005153466926087757,84.00792718761151,15.99207281238849,1956.6980400275152
2017-02-17,1955.6896621641529,1528.5885216186953,430.1246673083242,0.001546015618613339,0.1270583677894862,1958.7131889270195,0.9587131889270195,0.0,78.04044666978804,21.95955333021196,1958.7131889270195
2017-02-20,1958.7131889270195,1606.144814920156,352.40746368669573,-8.215103726127992e-05,0.1609103201677328,1958.5522786068518,0.9585522786068519,-8.215103726127992e-05,82.00673693850192,17.993263061498084,1958.7131889270195
2017-02-21,1958.5522786068518,1695.456585484826,274.11885784017795,0.00562822082338954,0.07846116478119816,1969.575443325004,0.9695754433250041,0.0,86.08233775613007,13.917662243869932,1969.575443325004
2017-02-22,1969.575443325004,1704.7740175870713,264.9952229203651,9.839540957368165e-05,0.13993291184679874,1969.7692405074363,0.9697692405074363,0.0,86.54688998737238,13.453110012627628,1969.7692405074363
2017-02-23,1969.7692405074363,1733.394006925323,227.2363576972648,-0.004639566755796243,0.04470851513156706,1960.6303646225879,0.9606303646225878,-0.004639566755796243,88.41003578249658,11.58996421750342,1969.7692405074363
2017-02-24,1960.6303646225879,1766.102553216024,195.95627903645536,0.0007285756946677768,0.10675742580350948,1962.0588322524793,0.9620588322524792,-0.003914371336700695,90.01272154456787,9.987278455432143,1969.7692405074363
2017-02-27,1962.0588322524793,1738.0248296420054,226.21342408616218,0.0011107829387493329,0.17797963527752567,1964.2382537281676,0.9642382537281675,-0.002807936414848222,88.48340196731206,11.516598032687945,1969.7692405074363
2017-02-28,1964.2382537281676,1763.4610406053807,196.2466702178166,-0.002306513935552923,0.17715515500014234,1959.7077108231974,0.9597077108231975,-0.005107973805930088,89.98592141399591,10.01407858600408,1969.7692405074363
2017-03-01,1959.7077108231974,1786.0276058460558,196.2466702178166,0.011515270933539323,0.0,1982.2742760638725,0.9822742760638725,0.0,90.09992347741623,9.900076522583758,1982.2742760638725
2017-03-02,1982.2742760638725,1740.421867001139,228.6152363274238,-0.006677770526081983,0.10871860302277875,1969.0371033285628,0.9690371033285627,-0.006677770526081983,88.38949068349395,11.610509316506057,1982.2742760638725
2017-03-03,1969.0371033285628,1711.7928641245167,255.0730655171297,-0.0011026575798120941,0.17248491435061666,1966.8659296416463,0.9668659296416462,-0.007773064811607222,87.0314970800474,12.968502919952595,1982.2742760638725
2017-03-06,1966.8659296416463,1646.7924325192416,314.4124859425429,-0.0028781886424221748,0.28606280012030527,1961.2049184617845,0.9612049184617846,-0.010628881107171861,83.96840212958759,16.031597870412412,1982.2742760638725
2017-03-07,1961.2049184617845,1673.9495251626613,285.82440910871185,-0.0007296454220264703,0.18464150029865686,1959.773934271373,0.9597739342713731,-0.01135077121475725,85.41543980607238,14.584560193927617,1982.2742760638725
2017-03-08,1959.773934271373,1548.2309849406688,408.1585457125693,-0.001726935724039591,0.12769059396693214,1956.3895306532381,0.9563895306532382,-0.013058104886490729,79.13715344938053,20.86284655061946,1982.2742760638725
2017-03-09,1956.3895306532381,1605.1356333372585,351.9755069481755,0.0003688476251224593,0.1746085694073936,1957.111140285434,0.957111140285434,-0.012694073712344212,82.01555855960015,17.98444144039984,1982.2742760638725
2017-03-10,1957.111140285434,1607.3226634108744,351.9755069481755,0.0011174787310734846,0.0,1959.29817035905,0.95929817035905,-0.011590780338655016,82.03563335724064,17.964366642759355,1982.2742760638725
2017-03-13,1959.29817035905,1561.3470617548962,398.8514533783086,0.0004595241233702474,0.26484058372041447,1960.1985151332049,0.9601985151332049,-0.011136582458459166,79.65249691298716,20.347503087012832,1982.2742760638725
2017-03-14,1960.1985151332049,1509.149964437904,452.12684836642086,0.0005500961575040098,0.22665512585708797,1961.276812804325,0.961276812804325,-0.010592612492173137,76.94732097913558,23.052679020864417,1982.2742760638725
2017-03-15,1961.276812804325,1515.2909771441023,452.5204099618018,0.0033317960315024653,0.08193145458082349,1967.811387105904,0.967811387105904,-0.007296108884935371,77.0038727833905,22.996127216609505,1982.2742760638725
2017-03-16,1967.811387105904,1658.2433648671242,314.63688915705285,0.002575890632347644,0.21293277989179016,1972.880254024177,0.972880254024177,-0.004739012231117168,84.05190135005543,15.948098649944573,1982.2742760638725
2017-03-17,1972.880254024177,1666.1323949158716,303.311585357991,-0.0017417548496951873,0.20845372265162074,1969.4439802738625,0.9694439802738626,-0.006472512883275994,84.59912602765102,15.400873972348977,1982.2742760638725
2017-03-20,1969.4439802738625,1630.4791653188524,340.8215466890988,0.0009427695088999322,0.04375758906960932,1971.3007120079512,0.9713007120079513,-0.005535845462168343,82.71082921986364,17.289170780136367,1982.2742760638725
2017-03-21,1971.3007120079512,1531.8888843281215,416.8499872114235,-0.011445154121323742,0.15593263641216337,1948.738871539545,0.9487388715395451,-0.016917640978985737,78.60924348052322,21.390756519476785,1982.2742760638725
2017-03-22,1948.738871539545,1212.33430853439,740.1278722071287,0.0019106249977105527,0.3928989778984385,1952.4621807415188,0.9524621807415188,-0.015039339249032002,62.092588552673625,37.907411447326375,1982.2742760638725
2017-03-23,1952.4621807415188,1348.556598322746,600.5342509711832,-0.0017267076826601446,0.22334310313022823,1949.090849293929,0.9490908492939292,-0.016740078389068658,69.1890067008046,30.8109932991954,1982.2742760638725
2017-03-24,1949.090849293929,1347.2509717364992,600.5342509711832,-0.0006698644071515547,0.0,1947.7852227076824,0.9477852227076824,-0.01739872921353436,69.16835367831983,30.83164632168017,1982.2742760638725
2017-03-27,1947.7852227076824,1341.7118723313308,608.4675607195857,0.0012291962765309528,0.21532137656508468,1950.1794330509165,0.9501794330509166,-0.016190919390169145,68.79940633115581,31.200593668844185,1982.2742760638725
2017-03-28,1950.1794330509165,1413.7853827427468,545.8854839427651,0.004866954021634173,0.1647573114913816,1959.670866685512,0.959670866685512,-0.011402765828774863,72.1440220792766,27.855977920723397,1982.2742760638725
2017-03-29,1959.670866685512,1434.6466243728173,527.4712327531124,0.0012486741942316915,0.13246212375606564,1962.1178571259297,0.9621178571259297,-0.010168329973976542,73.11725027946376,26.882749720536236,1982.2742760638725
2017-03-30,1962.1178571259297,1401.652242816212,565.9515654496147,0.002795933546995366,0.043970259788055306,1967.6038082658267,0.9676038082658267,-0.00740082640187234,71.23650792542308,28.76349207457692,1982.2742760638725
2017-03-31,1967.6038082658267,1360.9310765567095,605.3737732296449,-0.0006601727817436842,0.04278315984010399,1966.3048497863545,0.9663048497863544,-0.00805611335946299,69.21261861834797,30.78738138165203,1982.2742760638725
2017-04-03,1966.3048497863545,1362.5307303129143,605.3737732296449,0.0008135329353322618,0.0,1967.9045035425593,0.9679045035425593,-0.007249134337679486,69.23764480746549,30.762355192534507,1982.2742760638725
2017-04-04,1967.9045035425593,1402.4626876172472,567.6221982239587,0.0011079715985820027,0.04256241331797589,1970.084885841206,0.9700848858412059,-0.006149194574057937,71.18793193616173,28.812068063838264,1982.2742760638725
2017-04-05,1970.084885841206,1356.5705677442934,606.1317957142612,-0.0037473118217944412,0.04816915995589017,1962.7023634585546,0.9627023634585545,-0.009873463446330555,69.11748785759994,30.882512142400063,1982.2742760638725
2017-04-06,1962.7023634585546,1284.5306734894211,679.3161593625524,0.0005831089903016728,0.08081260387016279,1963.8468328519734,0.9638468328519734,-0.00929611176132994,65.40890317927578,34.591096820724225,1982.2742760638725
2017-04-07,1963.8468328519734,1284.9546625354637,679.3161593625524,0.00021589720692571923,0.0,1964.270821898016,0.964270821898016,-0.009082221558968762,65.4163696884654,34.58363031153462,1982.2742760638725
2017-04-10,1964.270821898016,1249.3124286002903,717.6678480840411,0.0013793692581032246,0.04649068638771808,1966.9802766843313,0.9669802766843314,-0.007715380038079256,63.51423262393926,36.48576737606074,1982.2742760638725
2017-04-11,1966.9802766843313,1397.3354010774253,567.2390752958337,-0.0012230932559871288,0.15908144003091734,1964.5744763732591,0.9645744763732591,-0.008929036664774403,71.12661891327244,28.873381086727562,1982.2742760638725
2017-04-12,1964.5744763732591,1390.3719978001138,567.2390752958337,-0.0035444842438177027,0.0,1957.6110730959476,0.9576110730959477,-0.012441872078821303,71.02391363169247,28.97608636830753,1982.2742760638725
2017-04-13,1957.6110730959476,1348.5402818903212,602.2186977912598,-0.003500232251715918,0.12317085364717602,1950.758979681581,0.950758979681581,-0.015898554888615246,69.12900547613735,30.870994523862656,1982.2742760638725
2017-04-14,1950.758979681581,1300.5059864543873,650.0154717389055,-0.00012175850054363391,0.23752148828813247,1950.5214581932928,0.9505214581932928,-0.016018377604954948,66.67478488849876,33.32521511150124,1982.2742760638725
2017-04-17,1950.5214581932928,1231.55379113093,731.3641167474012,0.006355454144309158,0.08143007508357945,1962.9179078783313,0.9629179078783314,-0.009764727524980255,62.74097282356986,37.25902717643013,1982.2742760638725
2017-04-18,1962.9179078783313,1342.8534354543021,613.2023105432987,-0.0034958985565258782,0.20953566867988616,1956.0557459976008,0.9560557459976007,-0.013226489584646672,68.65108206665339,31.348917933346616,1982.2742760638725
2017-04-19,1956.0557459976008,1247.7994845200783,703.9362661234547,-0.002208523638913218,0.24380243568154483,1951.735750643533,0.9517357506435331,-0.015405802208652286,63.9328087374866,36.067191262513404,1982.2742760638725
2017-04-20,1951.735750643533,1227.5852376584942,731.7804732371131,0.003909320331688448,0.12043325421163038,1959.3657108956072,0.9593657108956073,-0.01155670809276399,62.652175182619516,37.347824817380484,1982.2742760638725
2017-04-21,1959.3657108956072,1292.1718944444515,666.0222096140077,-0.000597952097779797,0.16213209049864785,1958.1941040584593,0.9581941040584594,-0.012147749832696397,65.98793713893623,34.01206286106377,1982.2742760638725
2017-04-24,1958.1941040584593,1402.900255898472,570.9685543013845,0.008004674362419362,0.1713927156663105,1973.8688101998566,0.9738688101998567,-0.004240314251923949,71.07363207975442,28.926367920245582,1982.2742760638725
2017-04-25,1973.8688101998566,1416.9089925171954,570.9685543013845,0.0070970960918648185,0.0,1987.87754681858,0.9878775468185799,0.0,71.27747857431316,28.722521425686836,1987.87754681858
2017-04-26,1987.87754681858,1508.1617681186635,476.8133967381266,-0.0014600406179117176,0.277214498332541,1984.9751648567901,0.9849751648567902,-0.0014600406179117176,75.97887342975763,24.021126570242366,1987.87754681858
2017-04-27,1984.9751648567901,1575.5216679699067,413.39418492111116,0.001985258104985954,0.1423077573868714,1988.915852891018,0.988915852891018,0.0,79.21509930547258,20.78490069452742,1988.915852891018
2017-04-28,1988.915852891018,1618.3723762015034,372.87041791124227,0.0011699545852306148,0.05130450582363589,1991.2427941127457,0.9912427941127457,0.0,81.27448752037367,18.72551247962633,1991.2427941127457
2017-05-01,1991.2427941127457,1603.4203642151244,398.14353096987327,0.005183245911933643,0.10502785267581663,2001.5638951849978,1.0015638951849977,0.0,80.10837765770779,19.891622342292212,2001.5638951849978
2017-05-02,2001.5638951849978,1627.4046348259674,375.19131260102074,0.0005156229308855842,0.10191774616657259,2002.595947426988,1.0025959474269879,0.0,81.26475222907143,18.735247770928577,2002.595947426988
2017-05-03,2002.595947426988,1624.2195854656088,375.19131260102074,-0.0015904603045115984,0.0,1999.4108980666297,0.9994108980666296,-0.0015904603045115984,81.23490709369347,18.765092906306528,2002.595947426988
2017-05-04,1999.4108980666297,1621.838910272176,374.7944072457504,-0.001389199464396862,0.09513614174279503,1996.6333175179263,0.9966333175179263,-0.002977450302305229,81.22868110246361,18.771318897536396,2002.595947426988
2017-05-05,1996.6333175179263,1583.7744330017608,415.91792665145647,0.0015321001149544156,0.04734783144487053,1999.6923596532174,0.9996923596532175,-0.0014499119393012183,79.20090434692743,20.79909565307256,2002.595947426988
2017-05-08,1999.6923596532174,1627.5005283732407,374.89544963904393,0.001352017147045581,0.04686779593440323,2002.3959780122846,1.0023959780122844,-9.985509805932047e-05,81.27765667951498,18.722343320485034,2002.595947426988
2017-05-09,2002.3959780122846,1631.3614186960624,374.89544963904393,0.001928135276547227,0.0,2006.2568683351064,1.0062568683351065,0.0,81.31368641991735,18.686313580082654,2006.2568683351064
2017-05-10,2006.2568683351064,1639.729536362306,374.89544963904393,0.004171010102603567,0.0,2014.62498600135,1.0146249860013499,0.0,81.39130348109398,18.60869651890601,2014.62498600135
2017-05-11,2014.62498600135,1678.8655355243452,335.7150742147538,-2.2027058414919587e-05,0.055756785471304166,2014.5806097390991,1.0145806097390992,-2.2027058414919587e-05,83.33573386977892,16.66426613022107,2014.62498600135
2017-05-12,2014.5806097390991,1639.3133584634215,377.68212873151896,0.0011986998406354754,0.05173559456222621,2016.9954871949406,1.0169954871949405,0.0,81.27501369590242,18.724986304097584,2016.9954871949406
2017-05-15,2016.9954871949406,1718.7825875770131,306.7797832777443,0.004247348947582941,0.1543125997467524,2025.5623708547573,1.0255623708547574,0.0,84.85458716591938,15.145412834080629,2025.5623708547573
2017-05-16,2025.5623708547573,1648.0791826549887,379.6355329418905,0.0010625911959518675,0.15741159337647107,2027.7147155968792,1.027714715596879,0.0,81.27766544170191,18.722334558298098,2027.7147155968792
2017-05-17,2027.7147155968792,1582.7526838823972,405.4359271205745,-0.01949293176691902,0.10701599880136066,1988.1886110029716,0.9881886110029716,-0.01949293176691902,79.60777338342933,20.39222661657066,2027.7147155968792
2017-05-18,1988.1886110029716,1363.2796380897898,632.1175440846272,0.003625697849566345,0.4879230526818322,1995.3971821744171,0.9953971821744172,-0.01593790939814188,68.32121696213892,31.67878303786108,2027.7147155968792
2017-05-19,1995.3971821744171,1387.3568223520351,617.4457936808914,0.0047135647692255755,0.17714365880936436,2004.8026160329264,1.0048026160329262,-0.011299468997150508,69.20166660084055,30.79833339915946,2027.7147155968792
2017-05-22,2004.8026160329264,1419.3997331223343,592.0857680298994,0.003333437948385809,0.24227761619233834,2011.4855011522336,1.0114855011522335,-0.008003697127516474,70.56475089227655,29.43524910772345,2027.7147155968792
2017-05-23,2011.4855011522336,1489.3876469932943,524.4621477403745,0.0011753967801810816,0.2732003862951407,2013.8497947336687,1.0138497947336687,-0.006837707867168641,73.95723608027409,26.042763919725925,2027.7147155968792
2017-05-24,2013.8497947336687,1495.7898563435474,525.2568172683937,0.003573691988892458,0.09530309691126217,2021.046673611941,1.021046673611941,-0.003288451740103504,74.01065378021806,25.98934621978194,2027.7147155968792
2017-05-25,2021.046673611941,1594.6682914275334,439.0878563290179,0.006288560432845536,0.2701161953169577,2033.7561477565514,1.0337561477565513,0.0,78.41000471893454,21.58999528106545,2033.7561477565514
2017-05-26,2033.7561477565514,1687.2734458483517,353.5981733948154,0.003498684684722253,0.09854795415003482,2040.871619243167,1.040871619243167,0.0,82.67415892010183,17.325841079898158,2040.871619243167
2017-05-29,2040.871619243167,1687.2734458483517,353.5981733948154,0.0,0.0,2040.871619243167,1.040871619243167,0.0,82.67415892010183,17.325841079898158,2040.871619243167
2017-05-30,2040.871619243167,1692.2866059631876,353.5981733948154,0.002456381904460514,0.0,2045.884779358003,1.045884779358003,0.0,82.71661351790426,17.283386482095743,2045.884779358003
2017-05-31,2045.884779358003,1731.9435459881347,311.2668181267822,-0.0013072169410855983,0.06347438421843765,2043.210364114917,1.043210364114917,-0.0013072169410855983,84.76579682671992,15.234203173280081,2045.884779358003
2017-06-01,2043.210364114917,1738.3640306682917,310.73815694942175,0.002883610814762294,0.18515932893536058,2049.1021876177133,1.0491021876177133,0.0,84.83539967761754,15.164600322382457,2049.1021876177133
2017-06-02,2049.1021876177133,1715.6084705898184,341.40087313748126,0.0038588393284471056,0.11615813213760194,2057.0093437272994,1.0570093437272994,0.0,83.40304704115428,16.596952958845733,2057.0093437272994
2017-06-05,2057.0093437272994,1750.0823863295366,312.9100790549907,0.002908650694987358,0.11308194698976476,2062.9924653845273,1.0629924653845273,0.0,84.83222385416389,15.167776145836115,2062.9924653845273
2017-06-06,2062.9924653845273,1729.0150554884322,328.0445304791965,-0.0028758609236088084,0.15881628652371488,2057.0595859676287,1.0570595859676288,-0.0028758609236088084,84.0527453498686,15.947254650131407,2062.9924653845273
2017-06-07,2057.0595859676287,1782.2709972564535,280.4527277087473,0.0027535123611441836,0.055397650474754936,2062.7237249652007,1.0627237249652008,-0.00013026728106668717,86.40376681014426,13.596233189855745,2062.9924653845273
2017-06-08,2062.7237249652007,1760.2697676342123,313.7696171023114,0.0054857854371717085,0.12312365326270515,2074.0393847365235,1.0740393847365235,0.0,84.8715690062862,15.128430993713806,2074.0393847365235
2017-06-09,2074.0393847365235,1735.9264684281975,313.7696171023114,-0.01173714413774607,0.0,2049.6960855305088,1.0496960855305089,-0.01173714413774607,84.69189557821201,15.308104421788002,2074.0393847365235
2017-06-12,2049.6960855305088,1685.7951476475405,356.3121491961424,-0.0037023970238307946,0.1567352439460768,2042.107296843683,1.042107296843683,-0.015396085594053033,82.5517420290861,17.448257970913904,2074.0393847365235
2017-06-13,2042.107296843683,1542.7498091291802,510.2875217318708,0.005352330915354919,0.23930247904993185,2053.037330861051,1.0530373308610512,-0.010126159623598752,75.14475192139568,24.85524807860432,2074.0393847365235
2017-06-14,2053.037330861051,1560.3993025510276,492.58664162979255,-2.5029588823444193e-05,0.1423177768595895,2052.9859441808203,1.0529859441808203,-0.010150935758810431,76.00633150820991,23.99366849179008,2074.0393847365235
2017-06-15,2052.9859441808203,1424.6255104242762,624.495261616737,-0.0018827075512928282,0.32654748177360127,2049.120772041013,1.0491207720410132,-0.012014532066697559,69.52374549428278,30.476254505717236,2074.0393847365235
2017-06-16,2049.120772041013,1416.854864844201,623.5492326722043,-0.0042538607990028066,0.09621968810401581,2040.4040975164053,1.0404040975164053,-0.016217284718723413,69.43991469968165,30.560085300318352,2074.0393847365235
2017-06-19,2040.4040975164053,1479.6177714341704,570.8910450029011,0.004952312599727726,0.4221023016920964,2050.508816437072,1.050508816437072,-0.011345285182441711,72.15856667249685,27.84143332750314,2074.0393847365235
2017-06-20,2050.508816437072,1532.2563533502082,512.4071351190217,-0.002850671950778927,0.2200689902461872,2044.6634884692298,1.0446634884692299,-0.014163615446977418,74.93929255309179,25.060707446908225,2074.0393847365235
2017-06-21,2044.6634884692298,1536.7104284393877,510.9110350891184,0.0014466806278674582,0.2548370281889321,2047.621463528506,1.0476214635285062,-0.01273742504719777,75.04856028375941,24.951439716240586,2074.0393847365235
2017-06-22,2047.621463528506,1474.9984629500727,578.434627210155,0.002838232913278338,0.2410037870315641,2053.433090160228,1.0534330901602278,-0.009935343912918615,71.83085097917554,28.169149020824445,2074.0393847365235
2017-06-23,2053.433090160228,1309.1086031131033,746.4380367797344,0.0010292761632884062,0.26490509671229384,2055.5466398928374,1.0555466398928375,-0.008916293962293875,63.68664070698738,36.31335929301262,2074.0393847365235
2017-06-26,2055.5466398928374,1432.890889751828,616.3501917149969,-0.0030675822691824672,0.3138002528540496,2049.2410814668247,1.0492410814668247,-0.011956524766210785,69.9230023597897,30.0769976402103,2074.0393847365235
2017-06-27,2049.2410814668247,1363.8144623956296,667.9116145241404,-0.008547068817553405,0.3191729106937711,2031.72607691977,1.03172607691977,-0.020401400343768694,67.12590234916223,32.87409765083776,2074.0393847365235
2017-06-28,2031.72607691977,1294.9187496835689,750.5832834891407,0.006780420062248105,0.27200580729618734,2045.5020331727096,1.0455020331727094,-0.013759310345709319,63.30566915521779,36.69433084478221,2074.0393847365235
2017-06-29,2045.5020331727096,1406.6627496804506,622.3991162869719,-0.008037228484093717,0.14498076559186593,2029.0618659674224,1.0290618659674222,-0.021685952108771,69.32576937518746,30.674230624812544,2074.0393847365235
2017-06-30,2029.0618659674224,1337.0027654447888,691.3729441678272,-0.0003381643341264784,0.3526919574303114,2028.375709612616,1.0283757096126158,-0.02201678302734278,65.9149465805885,34.0850534194115,2074.0393847365235
2017-07-03,2028.375709612616,1423.712223541349,599.1967300264137,-0.0026951397706775904,0.09609326822278595,2022.9089535677626,1.0229089535677627,-0.024652584490461038,70.37945138511435,29.62054861488565,2074.0393847365235
2017-07-04,2022.9089535677626,1379.2561047052927,643.419116738191,-0.0001155425823128331,0.2337321242789387,2022.6752214434837,1.0226752214434836,-0.024765278649501066,68.18969699549618,31.810303004503826,2074.0393847365235
2017-07-05,2022.6752214434837,1383.8602050712814,643.419116738191,0.0022762430256613175,0.0,2027.2793218094723,1.0272793218094725,-0.022545407416644347,68.26194053200821,31.738059467991786,2074.0393847365235
2017-07-06,2027.2793218094723,1530.9209605371666,482.4333320283749,-0.006868826162298114,0.25222078340428783,2013.3542925655415,1.0133542925655417,-0.02925937309463922,76.03832898115371,23.96167101884628,2074.0393847365235
2017-07-07,2013.3542925655415,1318.194705666577,704.3473947158038,0.004563433197408928,0.3266076821355466,2022.5421003823808,1.0225421003823807,-0.02482946309174583,65.17514297563248,34.82485702436752,2074.0393847365235
2017-07-10,2022.5421003823808,1270.1689731221695,758.3972403389855,0.002978485875589687,0.05604730440721202,2028.566213461155,1.028566213461155,-0.021924931421273497,62.61412443397633,37.38587556602367,2074.0393847365235
2017-07-11,2028.566213461155,1475.397476717385,557.5449074284528,0.0021572727849075157,0.31080127336473745,2032.9423841458379,1.032942384145838,-0.019814956694231944,72.57448554486648,27.42551445513352,2074.0393847365235
2017-07-12,2032.9423841458379,1383.112475484222,660.5964593492768,0.005296043199072065,0.10981549812046625,2043.7089348334987,1.0437089348334987,-0.01462385436180036,67.67658798716874,32.323412012831255,2074.0393847365235
2017-07-13,2043.7089348334987,1585.8854312310943,459.62468503281775,0.0008813297234815387,0.20982530471954203,2045.510116263912,1.045510116263912,-0.013755413075839718,77.53007030479449,22.469929695205522,2074.0393847365235
2017-07-14,2045.510116263912,1468.7318925144457,584.2092497693009,0.003632847357121438,0.2222120203884865,2052.9411422837466,1.0529411422837467,-0.010172537034757068,71.54281543992973,28.457184560070285,2074.0393847365235
2017-07-17,2052.9411422837466,1514.3221061997049,537.6147601903618,-0.000489188838878496,0.06030088395291875,2051.936866390067,1.0519368663900668,-0.010656749582055092,73.7996441802726,26.200355819727395,2074.0393847365235
2017-07-18,2051.936866390067,1524.1505033795747,537.6147601903618,0.004789814609238219,0.0,2061.7652635699365,1.0617652635699364,-0.005917978827651993,73.9245407957119,26.075459204288105,2074.0393847365235
2017-07-19,2061.7652635699365,1578.6027599073884,490.6375299713647,0.0036255467297348076,0.2589613548107457,2069.240289878753,1.0692402898787532,-0.0023138880067024026,76.28900169926067,23.710998300739327,2074.0393847365235
2017-07-20,2069.240289878753,1579.9831068624724,492.5717409563953,0.001601823604695296,0.10451853854612508,2072.5548478188675,1.0725548478188673,-0.0007157708424349041,76.23359683461348,23.766403165386528,2074.0393847365235
2017-07-21,2072.5548478188675,1578.5892643482061,492.5717409563953,-0.000672523825235749,0.0,2071.1610053046015,1.0711610053046017,-0.0013878132947257038,76.2176026057446,23.78239739425539,2074.0393847365235
2017-07-24,2071.1610053046015,1532.0814382022124,542.2937971576115,0.0015518977264394884,0.1531328031175193,2074.375235359824,1.074375235359824,0.0,73.85748788774252,26.142512112257478,2074.375235359824
2017-07-25,2074.375235359824,1539.959730910494,542.2937971576115,0.003797911088595729,0.0,2082.2535280681054,1.0822535280681054,0.0,73.95639916812885,26.04360083187115,2082.2535280681054
2017-07-26,2082.2535280681054,1499.1463012179402,594.8626892227181,0.005645548063236694,0.06689022531205821,2094.008990440658,1.094008990440658,0.0,71.59216164121929,28.40783835878072,2094.008990440658
2017-07-27,2094.008990440658,1496.0471248682863,594.8626892227181,-0.001480020555690853,0.0,2090.9098140910046,1.0909098140910047,-0.001480020555690853,71.55005513801527,28.449944861984726,2094.008990440658
2017-07-28,2090.9098140910046,1593.0659958996832,497.7044214335427,-6.666799153143277e-05,0.13124858812508808,2090.770417333226,1.0907704173332258,-0.0015465898772243358,76.19516627424049,23.804833725759515,2094.008990440658
2017-07-31,2090.770417333226,1654.5479778800766,427.45220995238066,-0.004194735791199333,0.20537541123368044,2082.0001878324574,1.0820001878324574,-0.005734838132511411,79.46915603319923,20.530843966800763,2094.008990440658
2017-08-01,2082.0001878324574,1589.0231137542307,497.7086709863702,0.0022726207883150273,0.16093914747853116,2086.731784740601,1.0867317847406013,-0.0034752504565539466,76.14889107330869,23.8511089266913,2094.008990440658
2017-08-02,2086.731784740601,1585.7244505984286,500.4952006223885,-0.00024542374038161174,0.3204277153558428,2086.219651220817,1.086219651220817,-0.003719821287969771,76.00946763541855,23.99053236458146,2094.008990440658
2017-08-03,2086.219651220817,1652.8915338987472,434.3990584597089,0.0005133405473447539,0.23003554462794615,2087.2905923584563,1.0872905923584564,-0.0032083902757208405,79.1883765466084,20.811623453391597,2094.008990440658
2017-08-04,2087.2905923584563,1731.5781275915406,362.76589404073104,0.003379227262192419,0.2411654998701487,2094.3440216322715,1.0943440216322715,0.0,82.67878198167263,17.321218018327368,2094.3440216322715
2017-08-07,2094.3440216322715,1840.4373604293444,261.5511176639457,0.0036500481210630653,0.2418850400883181,2101.9884780932903,1.1019884780932903,0.0,87.5569671104383,12.443032889561708,2101.9884780932903
2017-08-08,2101.9884780932903,1779.8986883293735,319.5868889089855,-0.0011907300544300448,0.2809229747760211,2099.485577238359,1.099485577238359,-0.0011907300544300448,84.77784785121665,15.222152148783355,2101.9884780932903
2017-08-09,2099.485577238359,1701.9520281963369,393.4045219439327,-0.001966685145568192,0.24902378825973687,2095.3565501402695,1.0953565501402696,-0.0031550734088878762,81.22493654277612,18.77506345722388,2101.9884780932903
2017-08-10,2095.3565501402695,1703.5979713357692,364.2126699898511,-0.01314616780270883,0.19716481715222312,2067.8106413256205,1.0678106413256203,-0.016259764087133588,82.3865559683761,17.61344403162389,2101.9884780932903
2017-08-11,2067.8106413256205,1622.3485600088263,442.7568933159248,-0.0013082377790333277,0.3453869681368144,2065.105453324751,1.065105453324751,-0.017546730228509944,78.56008308906934,21.43991691093067,2101.9884780932903
2017-08-14,2065.105453324751,1612.727920357466,469.1317832575458,0.008113024089538401,0.21036522535215052,2081.8597036150118,1.0818597036150117,-0.009576063184008166,77.46573496557288,22.534265034427126,2101.9884780932903
2017-08-15,2081.8597036150118,1562.7551962797322,520.3177526265987,0.0005827699576550494,0.14717327715412942,2083.072948906331,1.0830729489063309,-0.008998873868289459,75.02162596371002,24.978374036289964,2101.9884780932903
2017-08-16,2083.072948906331,1655.3198058681826,425.7949581226998,-0.0009400462506494733,0.288145062686083,2081.1147639908822,1.081114763990882,-0.009930460761298998,79.54005394175536,20.459946058244643,2101.9884780932903
2017-08-17,2081.1147639908822,1558.3151264552414,495.1157653448807,-0.0133024245802148,0.38774989104369584,2053.430891800122,1.0534308918001218,-0.02310078613618982,75.8883648180221,24.111635181977896,2101.9884780932903
2017-08-18,2053.430891800122,1241.162919559576,810.0615954752991,-0.0010744830878200995,0.5032302352754248,2051.2245150348754,1.0512245150348756,-0.024150447819991316,60.50838952353656,39.491610476463435,2101.9884780932903
2017-08-21,2051.2245150348754,1184.947273167425,863.5098672861593,-0.0013491329501020832,0.16361272852504882,2048.4571404535845,1.0484571404535847,-0.025466998605179758,57.84584162229751,42.15415837770248,2101.9884780932903
2017-08-22,2048.4571404535845,1200.337172193384,862.3950689203132,0.006968708487087083,0.11320074435389385,2062.7322411136975,1.0627322411136975,-0.018675762207413293,58.19161344689632,41.808386553103674,2101.9884780932903
2017-08-23,2062.7322411136975,1409.2045075280205,651.1652503624102,-0.0011453174465296811,0.22387841033650777,2060.3697578904307,1.0603697578904305,-0.019799689977659574,68.39570917459376,31.604290825406245,2101.9884780932903
2017-08-24,2060.3697578904307,1406.4793593177285,650.5302473416745,-0.0016308486465401728,0.11283409740905247,2057.009606659403,1.057009606659403,-0.021398248326597757,68.3749533674692,31.625046632530797,2101.9884780932903
2017-08-25,2057.009606659403,1283.8472516238041,771.1549036617874,-0.000975907631793449,0.22369883548857175,2055.0021552855915,1.0550021552855915,-0.022353273244542282,62.47425329076519,37.52574670923482,2101.9884780932903
2017-08-28,2055.0021552855915,1285.1974763997046,770.5184321532098,0.00034732482663679676,0.10737607888683516,2055.7159085529142,1.0557159085529144,-0.022013712264659868,62.51824345244267,37.48175654755734,2101.9884780932903
2017-08-29,2055.7159085529142,1277.2090817224914,783.0193672534073,0.002195118695248466,0.11050267151232507,2060.2284489758986,1.0602284489758986,-0.01986691628075532,61.993565925049154,38.006434074950846,2101.9884780932903
2017-08-30,2060.2284489758986,1347.0827907809837,720.9203126914811,0.0037736856320136347,0.1596444500832496,2068.0031034724648,1.0680031034724649,-0.01616820214526271,65.13930218571937,34.86069781428063,2101.9884780932903
2017-08-31,2068.0031034724648,1585.4657132268458,492.0433475924563,0.004596684275219642,0.3383437105116301,2077.5090608193022,1.077509060819302,-0.011645837990602703,76.3157063007749,23.68429369922509,2101.9884780932903
2017-09-01,2077.5090608193022,1588.0259838751308,492.0433475924563,0.0012323752019041123,0.0,2080.0693314675873,1.080069331467587,-0.010427814830643478,76.34485831079022,23.655141689209774,2101.9884780932903
2017-09-04,2080.0693314675873,1634.340189010247,445.67123738948123,-2.78380470222217e-05,0.057905067859021296,2080.0114263997284,1.0800114263997282,-0.010455362587666106,78.5736159074429,21.42638409255709,2101.9884780932903
2017-09-05,2080.0114263997284,1621.52658489583,445.67123738948123,-0.006160352751809706,0.0,2067.1978222853113,1.0671978222853111,-0.016551306617787698,78.44080365289923,21.559196347100755,2101.9884780932903
2017-09-06,2067.1978222853113,1452.441644666504,619.8682456011919,0.002472945708085872,0.29110108440147053,2072.309890267696,1.0723098902676962,-0.014119291392365563,70.08805253923104,29.91194746076895,2101.9884780932903
2017-09-07,2072.309890267696,1699.5923247085548,376.32028160050805,0.0017385025561507117,0.46333481180040326,2075.912606309063,1.0759126063090632,-0.012405335260391448,81.87205567051306,18.12794432948693,2101.9884780932903
2017-09-08,2075.912606309063,1815.3502941588647,246.91083981913945,-0.006576130560395299,0.22161331289207165,2062.261133978004,1.0622611339780041,-0.018899886716468917,88.02717872382824,11.972821276171757,2101.9884780932903
2017-09-11,2062.261133978004,1710.498382387773,379.4564708750614,0.013428813077328572,0.43373801562359654,2089.9548532628346,1.0899548532628347,-0.005724876685038405,81.84379579861954,18.15620420138045,2101.9884780932903
2017-09-12,2089.9548532628346,1799.8515598990991,298.07003676309745,0.003811921289555098,0.4949422744505723,2097.9215966621964,1.0979215966621965,-0.0019347781747990345,85.79212696807507,14.207873031924947,2101.9884780932903
2017-09-13,2097.9215966621964,1767.6217720744664,333.62920372461343,0.0015869893051201345,0.13105028982689748,2101.2509757990797,1.1012509757990796,-0.00035085934195011603,84.1223534186468,15.877646581353206,2101.9884780932903
2017-09-14,2101.2509757990797,1829.22876769957,273.8659918185565,0.0008774695361393192,0.21022241610601425,2103.0947595181265,1.1030947595181266,0.0,86.97795282028537,13.022047179714635,2103.0947595181265
2017-09-15,2103.0947595181265,1833.6568279741284,274.2131351631554,0.002270560371826269,0.1035726000786026,2107.869963137284,1.1078699631372837,0.0,86.99098426569797,13.009015734302018,2107.869963137284
2017-09-18,2107.869963137284,1841.5985983679552,274.8408826247013,0.0040654869632557045,0.09867778450973409,2116.4394809926566,1.1164394809926566,0.0,87.01399756085655,12.986002439143446,2116.4394809926566
2017-09-19,2116.4394809926566,1830.8072616093148,288.43742504404315,0.0013254362744099524,0.16795872768273773,2119.244686653358,1.1192446866533579,0.0,86.38961197540931,13.61038802459069,2119.244686653358
2017-09-20,2119.244686653358,1843.7117208055013,276.2509520566444,0.00033879344528253696,0.17226794161973052,2119.9626728621456,1.1199626728621457,0.0,86.96906527681074,13.030934723189254,2119.9626728621456
2017-09-21,2119.9626728621456,1802.1967417864487,309.0399810766247,-0.00411608662302132,0.12124204910500823,2111.2367228630733,1.1112367228630733,-0.00411608662302132,85.36213501167545,14.637864988324564,2119.9626728621456
2017-09-22,2111.2367228630733,1710.06664957994,395.75572694667227,-0.0025645377791261303,0.10115859015418091,2105.8223765266125,1.1058223765266124,-0.006670068542500518,81.20659504058267,18.79340495941733,2119.9626728621456
2017-09-25,2105.8223765266125,1722.9102767665331,365.86411359645075,-0.008095642991384655,0.36586492991665104,2088.774390362984,1.088774390362984,-0.014711713040236996,82.48426851246144,17.51573148753856,2119.9626728621456
2017-09-26,2088.774390362984,1673.3568709037158,417.3687834056625,0.000934166923626023,0.38609466693422345,2090.725654309378,1.0907256543093782,-0.013791289312322985,80.03713291864062,19.962867081359388,2119.9626728621456
2017-09-27,2090.725654309378,1681.1856527068394,418.05592721648696,0.00407319133258599,0.08920364538875515,2099.2415799233263,1.0992415799233264,-0.00977427253982921,80.08538268226584,19.914617317734162,2119.9626728621456
2017-09-28,2099.2415799233263,1597.0817118155067,503.7235360350131,0.0007448727874619365,0.09444314658512397,2100.8052478505197,1.1008052478505195,-0.009036680341999448,76.02235920962175,23.977640790378253,2119.9626728621456
2017-09-29,2100.8052478505197,1685.7037088885697,420.0710364966621,0.0023655203354984167,0.0900130734420025,2105.7747453852317,1.1057747453852316,-0.006692536457615472,80.05147333933792,19.948526660662086,2119.9626728621456
2017-10-02,2105.7747453852317,1649.782895192045,463.1392425012388,0.003394186545220723,0.13120148351193262,2112.9221376932837,1.1129221376932836,-0.0033210656295926677,78.08062899057623,21.91937100942378,2119.9626728621456
2017-10-03,2112.9221376932837,1656.1205403300532,463.1392425012388,0.002999469324944881,0.0,2119.259782831292,1.1192597828312918,-0.00033155773912973974,78.14617885672831,21.853821143271702,2119.9626728621456
2017-10-04,2119.259782831292,1657.4953701830264,463.1392425012388,0.0006487311579783661,0.0,2120.634612684265,1.120634612684265,0.0,78.16034692016063,21.839653079839373,2120.634612684265
2017-10-05,2120.634612684265,1714.112790282033,424.0724624670348,0.008276126382086968,0.054460069818239636,2138.185252749068,1.138185252749068,0.0,80.16671090955266,19.83328909044734,2138.185252749068
2017-10-06,2138.185252749068,1750.6202082862776,384.816738701887,-0.001285345017401962,0.05660679294513409,2135.4369469881644,1.1354369469881642,-0.001285345017401962,81.97948484292009,18.020515157079927,2138.185252749068
2017-10-09,2135.4369469881644,1733.6199935809248,400.1665886819361,-0.0007728463852004763,0.22783887834489086,2133.786582262861,1.1337865822628608,-0.0020571980283520253,81.24617560123735,18.75382439876265,2138.185252749068
2017-10-10,2133.786582262861,1696.1026842942072,444.484416272877,0.0031870658297097343,0.05445503188576715,2140.5871005670842,1.1405871005670845,0.0,79.23539686121045,20.76460313878955,2140.5871005670842
2017-10-11,2140.5871005670842,1880.4660236052841,267.3884764328083,0.0033950496427277432,0.18491113807732273,2147.8545000380923,1.1478545000380924,0.0,87.55090363765022,12.449096362349787,2147.8545000380923
2017-10-12,2147.8545000380923,1922.5922766537758,223.68035372048823,-0.0007364882787919136,0.05449003347987421,2146.272630374264,1.1462726303742636,-0.0007364882787919136,89.5781947477249,10.421805252275112,2147.8545000380923
2017-10-13,2146.272630374264,1976.1022147162837,178.80283864404853,0.004022053332787934,0.05321388714010605,2154.905053360332,1.154905053360332,0.0,91.70251894090529,8.29748105909472,2154.905053360332
2017-10-16,2154.905053360332,1940.2123430566626,224.41454648864553,0.004511491664013656,0.054729903055684516,2164.626889545308,1.1646268895453082,0.0,89.63264534998984,10.367354650010148,2164.626889545308
2017-10-17,2164.626889545308,1985.360490022079,180.3270092913873,0.0004899734791619093,0.058564837388651377,2165.687499313466,1.1656874993134663,0.0,91.67345199394872,8.326548006051283,2165.687499313466
2017-10-18,2165.687499313466,1985.9931044238097,180.3270092913873,0.00029210788810996036,0.0,2166.320113715197,1.166320113715197,0.0,91.67588353402998,8.324116465970025,2166.320113715197
2017-10-19,2166.320113715197,1991.1659950289354,173.13932488831261,-0.000930053589583868,0.16628420890304435,2164.305319917248,1.1643053199172484,-0.000930053589583868,92.00023567400682,7.999764325993181,2166.320113715197
2017-10-20,2164.305319917248,2001.4003012357305,173.13932488831261,0.004728679504047983,0.0,2174.539626124043,1.174539626124043,0.0,92.03788595947913,7.962114040520878,2174.539626124043
2017-10-23,2174.539626124043,2031.3592470887866,135.78844749425608,-0.0033993087328446636,0.1202791384965693,2167.1476945830427,1.1671476945830426,-0.0033993087328446636,93.73423196611517,6.265768033884818,2174.539626124043
2017-10-24,2167.1476945830427,2043.2249512187716,135.78844749425608,0.005475263250236173,0.0,2179.0133987130275,1.1790133987130273,0.0,93.76835188005474,6.231648119945278,2179.0133987130275
2017-10-25,2179.0133987130275,1984.3720896965506,181.43202140266695,-0.006062049743067899,0.15242849008549125,2165.8041110992176,1.1658041110992174,-0.006062049743067899,91.6228794435807,8.377120556419303,2179.0133987130275
2017-10-26,2165.8041110992176,1746.3350304389492,423.3839578108556,0.0018075859818180717,0.36032479551304214,2169.7189882498046,1.1697189882498047,-0.004265421437386507,80.48669158984609,19.513308410153915,2179.0133987130275
2017-10-27,2169.7189882498046,1787.0622236956403,406.48508270735596,0.01098221395592458,0.33722758948243187,2193.547306402996,1.193547306402996,0.0,81.46905327636108,18.530946723638927,2193.547306402996
2017-10-30,2193.547306402996,1869.2242740185045,319.6090950656604,-0.002149001895273006,0.2832204514432798,2188.833369084165,1.1888333690841653,-0.002149001895273006,85.39819889536,14.601801104639994,2193.547306402996
2017-10-31,2188.833369084165,1811.3891229510332,380.46055937524875,0.0013780460791217308,0.2061135089538662,2191.849682326282,1.191849682326282,-0.0007739172397871474,82.64203232351893,17.357967676481056,2193.547306402996
2017-11-01,2191.849682326282,1866.6921486587228,333.4814760305617,0.0037976793892944283,0.060866932133437635,2200.173624689284,1.2001736246892842,0.0,84.84294728886877,15.157052711131241,2200.173624689284
2017-11-02,2200.173624689284,1879.463042320909,320.6903404407995,-9.200150091981385e-06,0.1683131597211845,2200.1533827617086,1.2001533827617088,-9.200150091981385e-06,85.4241825613877,14.5758174386123,2200.173624689284
2017-11-03,2200.1533827617086,1918.436769676971,286.76845918112815,0.0022961335950355544,0.20806900518151888,2205.205228858099,1.205205228858099,0.0,86.99583805496314,13.004161945036872,2205.205228858099
2017-11-06,2205.205228858099,1969.2481700420767,239.63557827490277,0.001668107535181873,0.06064225315149522,2208.8837483169796,1.2088837483169796,0.0,89.1512815711787,10.848718428821295,2208.8837483169796
2017-11-07,2208.8837483169796,2014.9317933614386,191.9211890658542,-0.0009193629548110982,0.15565861388331684,2206.852982427293,1.2068529824272929,-0.0009193629548110982,91.30339942922876,8.696600570771245,2208.8837483169796
2017-11-08,2206.852982427293,1968.4242749197626,239.81552461241918,0.0006284139070122929,0.0597995644603374,2208.2397995321817,1.2082397995321816,-0.00029152678826516176,89.13996909831874,10.860030901681258,2208.8837483169796
2017-11-09,2208.2397995321817,1955.8732380398262,239.91970300994166,-0.005636552010814588,0.10636215660002478,2195.7929410497677,1.1957929410497679,-0.005926435593175183,89.07366452798412,10.926335472015888,2208.8837483169796
2017-11-10,2195.7929410497677,1674.0472648156272,524.7901556540362,0.0013865056959514455,0.29076503177790886,2198.8374204696634,1.1988374204696632,-0.004548146933930242,76.13328976628281,23.86671023371719,2208.8837483169796
2017-11-13,2198.8374204696634,1769.3026712054605,430.0982756977939,0.0002562838108652876,0.10904569844462006,2199.4009469032544,1.1994009469032543,-0.004293028739493554,80.44475354512464,19.555246454875366,2208.8837483169796
2017-11-14,2199.4009469032544,1649.041338176455,549.6388430586646,-0.00032770999264575273,0.2113936671489885,2198.6801812351196,1.1986801812351198,-0.004619331863722764,75.00141913546051,24.998580864539484,2208.8837483169796
2017-11-15,2198.6801812351196,1726.9157827353213,457.8692383773515,-0.0063197732171492715,0.18913271329858253,2184.785021112673,1.1847850211126727,-0.010909911951078599,79.04282417021668,20.95717582978332,2208.8837483169796
2017-11-16,2184.785021112673,1684.453417208252,522.25369757764,0.01003398204462913,0.19489442756462014,2206.707114785892,1.206707114785892,-0.0009853997670751236,76.33334781592382,23.666652184076188,2208.8837483169796
2017-11-17,2206.707114785892,1642.9457753823508,551.4714370585347,-0.00556934006450549,0.20534163793841315,2194.4172124408856,1.1944172124408854,-0.006549251805178291,74.86934417338423,25.130655826615765,2208.8837483169796
2017-11-20,2194.4172124408856,1579.4229266049658,619.9659316036434,0.0022655882115478754,0.19545452095487503,2199.3888582086092,1.1993888582086094,-0.004298501501314722,71.81189996076445,28.188100039235554,2208.8837483169796
2017-11-21,2199.3888582086092,1588.1347148695572,621.4645512082554,0.004642384101881891,0.10186524200388306,2209.599266077813,1.209599266077813,0.0,71.87433211310768,28.125667886892302,2209.599266077813
2017-11-22,2209.599266077813,1609.646347415051,598.276970514965,-0.0007584851124484704,0.15616404777604745,2207.923317930016,1.2079233179300157,-0.0007584851124484704,72.9031816614055,27.096818338594513,2209.599266077813
2017-11-23,2207.923317930016,1631.9433219482726,575.7792420623098,-9.092431689228242e-05,0.20075391943351936,2207.7225640105826,1.2077225640105826,-0.0008493404645999458,73.91976458236036,26.080235417639635,2209.599266077813
2017-11-24,2207.7225640105826,1637.5704699991136,575.7792420623098,0.002548847460533521,0.0,2213.3497120614234,1.2133497120614232,0.0,73.98607012146975,26.013929878530245,2213.3497120614234
2017-11-27,2213.3497120614234,1637.1061102606607,577.2932050770444,0.00047421483851461943,0.10237198245728976,2214.399315337705,1.214399315337705,0.0,73.93003145013144,26.069968549868555,2214.399315337705
2017-11-28,2214.399315337705,1579.4541769682778,645.6180314553494,0.004819768960366844,0.24843551814796128,2225.072208423627,1.2250722084236272,0.0,70.98440091017345,29.015599089826544,2225.072208423627
2017-11-29,2225.072208423627,1765.0402167390828,444.70412226250915,-0.00688870651658291,0.31031942221624237,2209.744339001592,1.2097443390015918,-0.00688870651658291,79.87531342818438,20.124686571815616,2225.072208423627
2017-11-30,2209.744339001592,1607.874879680179,618.4604086788538,0.007508085466998882,0.268006241592077,2226.335288359033,1.2263352883590328,0.0,72.22069775776212,27.779302242237875,2226.335288359033
2017-12-01,2226.335288359033,1690.7510957413538,534.2167072107372,-0.0006142315643524743,0.1037619954304651,2224.967802952091,1.224967802952091,-0.0006142315643524743,75.98991291011323,24.010087089886767,2226.335288359033
2017-12-04,2224.967802952091,1733.3278227355763,489.4395442975677,-0.0009889742746062025,0.05337235189216347,2222.767367033144,1.222767367033144,-0.001602598379742859,77.98062219390727,22.01937780609272,2226.335288359033
2017-12-05,2222.767367033144,1615.9291586269146,598.1559343895431,-0.0039060650905069494,0.2814336578419897,2214.085093016458,1.214085093016458,-0.005502403616664653,72.98405845935132,27.015941540648676,2226.335288359033
2017-12-06,2214.085093016458,1745.5593531057268,468.1414569045762,-0.00017356288941516862,0.22269738736668993,2213.700810010303,1.213700810010303,-0.005675011493009308,78.85254164484869,21.147458355151315,2226.335288359033
2017-12-07,2213.700810010303,1662.8569440774231,553.2449864697621,0.00108466353087322,0.18021603281364343,2216.1019305471855,1.2161019305471856,-0.004596503440139954,75.03521932616344,24.964780673836536,2226.335288359033
2017-12-08,2216.1019305471855,1885.535013920744,340.71726748724035,0.004580272559165488,0.22149105848037282,2226.2522814079844,1.2262522814079841,-3.728411954950772e-05,84.69547812111594,15.304521878884053,2226.335288359033
2017-12-11,2226.2522814079844,1876.546875731883,356.0456889015255,0.0028479625954225263,0.15467612375195647,2232.5925646334085,1.2325925646334084,0.0,84.05236609036238,15.947633909637615,2232.5925646334085
2017-12-12,2232.5925646334085,1867.5868183426248,371.68225982112455,0.0029904755736016586,0.4165009511104507,2239.2690781637493,1.2392690781637494,0.0,83.40162584989955,16.598374150100454,2239.2690781637493
2017-12-13,2239.2690781637493,1826.4704813223284,414.62269641055065,0.0008145959710326167,0.05676250866230898,2241.093177732879,1.2410931777328793,0.0,81.49908711827909,18.500912881720904,2241.093177732879
2017-12-14,2241.093177732879,1824.2556497301077,414.62269641055065,-0.0009882817966816448,0.0,2238.8783461406583,1.2388783461406585,-0.0009882817966816448,81.48078491512189,18.519215084878123,2241.093177732879
2017-12-15,2238.8783461406583,1840.1187998713488,414.5052137122952,0.007032837434033601,0.10188742486392371,2254.624013583644,1.2546240135836437,0.0,81.61532871046407,18.384671289535945,2254.624013583644
2017-12-18,2254.624013583644,1889.8692571150887,375.6321635559423,0.004824488261392146,0.13850537466507068,2265.501420671031,1.2655014206710313,0.0,83.41946907962291,16.58053092037708,2265.501420671031
2017-12-19,2265.501420671031,1966.3689755215084,293.57804869022266,-0.0024517294090482533,0.09806139676312196,2259.9470242117313,1.2599470242117312,-0.0024517294090482533,87.00951634949838,12.990483650501611,2265.501420671031
2017-12-20,2259.9470242117313,2006.6278467266502,250.96698111952315,-0.0010408192494594237,0.13824379289140074,2257.5948278461733,1.2575948278461735,-0.0034899968513442126,88.88343568013244,11.11656431986756,2265.501420671031
2017-12-21,2257.5948278461733,1999.9328494898073,260.3366237524821,0.0011847322482871903,0.15508715284526076,2260.269473242289,1.2602694732422894,-0.002309399314873173,88.48205371817738,11.517946281822628,2265.501420671031
2017-12-22,2260.269473242289,1997.3763463566177,260.6129717187178,-0.0010087979304886918,0.18735211693086207,2257.9893180753356,1.2579893180753356,-0.003315867528112415,88.45818402981378,11.54181597018621,2265.501420671031
2017-12-25,2257.9893180753356,1987.0305999062953,270.7183154646169,-0.0001064676003996734,0.2404027044234357,2257.748915370912,1.2577489153709123,-0.0034219820960530445,88.00937014645217,11.990629853547832,2265.501420671031
2017-12-26,2257.748915370912,1984.3356643421316,270.839357949623,-0.0011400262720244747,0.09051189488655227,2255.1750222917544,1.2551750222917546,-0.0045581072185856275,87.99031759076551,12.009682409234497,2265.501420671031
2017-12-27,2255.1750222917544,1939.6439033667925,315.6688509982816,6.107378449926593e-05,0.05565212256401427,2255.312754365074,1.255312754365074,-0.004497311814944394,86.00332258187623,13.996677418123774,2265.501420671031
2017-12-28,2255.312754365074,2079.335236106353,180.28426469242373,0.0019096005311756148,0.14075565678234364,2259.6195007987767,1.2596195007987765,-0.0025962993527994804,92.02147686242338,7.978523137576621,2265.501420671031
2017-12-29,2259.6195007987767,1977.827206078527,271.0594645016895,-0.004749839614486495,0.09487559416377138,2248.8866705802166,1.2488866705802164,-0.007333806961768885,87.94694868142219,12.053051318577813,2265.501420671031
2018-01-01,2248.8866705802166,1934.0425366989864,314.79417635862126,-2.221433532534345e-05,0.04995752260891942,2248.8367130576075,1.2488367130576075,-0.007355858381447256,86.00191047527794,13.99808952472208,2265.501420671031
2018-01-02,2248.8367130576075,1819.4710710567201,449.63236944526847,0.009012093820198075,0.13497316625290023,2269.1034405019886,1.2691034405019885,0.0,80.18458033161338,19.815419668386618,2269.1034405019886
2018-01-03,2269.1034405019886,1919.2864380641201,362.77281061901755,0.005709659572982195,0.28373986130048084,2282.059248683138,1.282059248683138,0.0,84.10326941211733,15.896730587882658,2282.059248683138
2018-01-04,2282.059248683138,2015.6060475375182,273.6502211216194,0.003153739316870352,0.1968887203569956,2289.2562686591377,1.2892562686591376,0.0,88.04632644811313,11.953673551886862,2289.2562686591377
2018-01-05,2289.2562686591377,1774.4691124007993,527.9472201470528,0.005748619789265552,0.34268800505584057,2302.416332547852,1.302416332547852,0.0,77.0698629659725,22.9301370340275,2302.416332547852
2018-01-08,2302.416332547852,1867.8928039682278,442.67081786212094,0.0035385821266655793,0.10155378169675484,2310.563621830349,1.3105636218303487,0.0,80.84143567051174,19.158564329488247,2310.563621830349
2018-01-09,2310.563621830349,1967.238334078211,341.9063317546852,-0.0006141168258889662,0.3993899979591109,2309.144665832896,1.3091446658328958,-0.0006141168258889662,85.19337758202511,14.806622417974902,2310.563621830349
2018-01-10,2309.144665832896,1954.3456664547202,354.9351628802893,5.8967073015558924e-05,0.31786263246378327,2309.2808293350095,1.3092808293350093,-0.0005551859655451574,84.63005632006663,15.369943679933373,2310.563621830349
2018-01-11,2309.2808293350095,1984.628845507929,341.8753418311443,0.007458321129796719,0.24033658885732392,2326.5041873390733,1.326504187339073,0.0,85.30519120955624,14.694808790443759,2326.5041873390733
2018-01-12,2326.5041873390733,2126.5398575892737,215.275356751278,0.006581130214508901,0.14169763196990073,2341.815214340552,1.341815214340552,0.0,90.80732948385514,9.192670516144839,2341.815214340552
2018-01-15,2341.815214340552,2168.347420685696,173.4048075085162,-2.6896292224187768e-05,0.06298614633978605,2341.752228194212,1.341752228194212,-2.6896292224187768e-05,92.595083057005,7.404916942995003,2341.815214340552
2018-01-16,2341.752228194212,2163.4051238752545,173.4048075085162,-0.0021105122698025225,0.0,2336.8099313837706,1.3368099313837707,-0.0021373517970719735,92.5794218357403,7.420578164259702,2341.815214340552
2018-01-17,2336.8099313837706,2227.673027234149,129.7683677695959,0.008828901034221737,0.05440619616912492,2357.4413950037447,1.3574413950037445,0.0,94.49537248117296,5.504627518827028,2357.4413950037447
2018-01-18,2357.4413950037447,2136.3791875838688,218.17695942420974,-0.0012238895956357965,0.1046512242854472,2354.5561470080784,1.3545561470080782,-0.0012238895956357965,90.73383916958421,9.266160830415789,2357.4413950037447
2018-01-19,2354.5561470080784,2185.533973545726,174.35655518018498,0.0022655572365988252,0.055011264857813276,2359.890528725911,1.3598905287259107,0.0,92.61166765755364,7.388332342446365,2359.890528725911
2018-01-22,2359.890528725911,2251.63379885143,131.04748431170964,0.009657547314083859,0.057545061952008036,2382.6812831631396,1.3826812831631394,0.0,94.49999942343372,5.500000576566285,2382.6812831631396
2018-01-23,2382.6812831631396,2305.138465884041,88.10036404298384,0.0044309521539824814,0.14709088898476158,2393.238829927025,1.393238829927025,0.0,96.31878093647384,3.6812190635261506,2393.238829927025
2018-01-24,2393.238829927025,2261.7443770292616,132.88711544912454,0.000581915408502498,0.07059732459932505,2394.631492478386,1.394631492478386,0.0,94.45062357750965,5.549376422490358,2394.631492478386
2018-01-25,2394.631492478386,2312.780498600303,91.97165068506595,0.00422639426516036,0.12956056410255326,2404.752149285369,1.4047521492853687,0.0,96.17542079284979,3.824579207150208,2404.752149285369
2018-01-26,2404.752149285369,2296.8515168037425,138.6735106197727,0.012796694306850265,0.06219030053696659,2435.525027423515,1.4355250274235152,0.0,94.30621697341078,5.693783026589227,2435.525027423515
2018-01-29,2435.525027423515,2337.538900408865,93.60398242152328,-0.0017992607523160675,0.0700570947654687,2431.1428828303883,1.4311428828303883,-0.0017992607523160675,96.149795099145,3.850204900855006,2435.525027423515
2018-01-30,2431.1428828303883,2216.796662504866,186.80849051262265,-0.011327071727203375,0.202500474330303,2403.6051530174886,1.4036051530174887,-0.01310595212392196,92.22798760112065,7.772012398879369,2435.525027423515
2018-01-31,2403.6051530174886,2127.707734686356,277.23534999778417,0.0005566353795556367,0.1037061196181852,2404.9430846841406,1.4049430846841404,-0.01255661198100122,88.47226981115041,11.527730188849587,2435.525027423515
2018-02-01,2404.9430846841406,2078.2975794306476,323.6710943836086,-0.0012367905456169836,0.07124393925610985,2401.9686738142564,1.4019686738142565,-0.01377787262763508,86.52475788247361,13.475242117526385,2435.525027423515
2018-02-02,2401.9686738142564,2079.2079278453666,277.0837335958873,-0.01901648962826341,0.06649799806559661,2356.291661441254,1.356291661441254,-0.032532355483975595,88.24068606912586,11.759313930874148,2435.525027423515
2018-02-05,2356.291661441254,1815.7671795276465,452.93687914404535,-0.0371718001650051,0.19613267158005487,2268.7040586716917,1.2687040586716916,-0.06849486943203342,80.03543576286296,19.964564237137054,2435.525027423515
2018-02-06,2268.7040586716917,1412.2109015828344,894.6435648286691,0.016815947233835615,0.8975109627883029,2306.8544664115034,1.3068544664115036,-0.052830728308355446,61.21803183274241,38.78196816725759,2435.525027423515
2018-02-07,2306.8544664115034,1562.9463483188108,733.5034499505692,-0.0045103270681433605,0.4956984530910051,2296.44979826938,1.2964497982693803,-0.05710277151257992,68.05924298874974,31.94075701125025,2435.525027423515
2018-02-08,2296.44979826938,1492.6806654554105,730.3652287999784,-0.031964079541085155,0.3233433766425403,2223.0458942553887,1.2230458942553888,-0.08724161352302051,67.14574221398993,32.85425778601008,2435.525027423515
2018-02-09,2223.0458942553887,1271.2509020224277,971.8311105410451,0.009012912580824262,0.7514681956874937,2243.0820125634727,1.2430820125634727,-0.07901500197828937,56.67429433708479,43.32570566291521,2435.525027423515
2018-02-12,2243.0820125634727,1260.1461644964506,1003.0982344602799,0.00898869781859446,0.3858237918000042,2263.2443989567305,1.2632443989567306,-0.07073654613561342,55.67874883849618,44.32125116150381,2435.525027423515
2018-02-13,2263.2443989567305,1308.5024344845344,961.7025503214558,0.0030754901470066986,0.17631923515462064,2270.20498480599,1.2702049848059902,-0.06787860553928005,57.63807423743975,42.361925762560254,2435.525027423515
2018-02-14,2270.20498480599,1267.1105362034664,1026.824093184438,0.0104526440302668,0.17339994208153953,2293.9346293879044,1.2939346293879042,-0.05813547240998618,55.23743004575385,44.76256995424615,2435.525027423515
2018-02-15,2293.9346293879044,1434.6221255861826,886.0364595479086,0.011649833174765645,0.2564654428724751,2320.6585851340915,1.3206585851340913,-0.04716290779033305,61.81961167300651,38.18038832699347,2435.525027423515
2018-02-16,2320.6585851340915,1472.5719101245888,843.7060549925422,-0.001887662426960146,0.16979414712725865,2316.2779651171313,1.3162779651171315,-0.0489615425683112,63.574922021508016,36.42507797849198,2435.525027423515
2018-02-19,2316.2779651171313,1316.0670256347337,1000.0468979073489,-7.082119569390422e-05,0.16404157504872452,2316.1139235420824,1.3161139235420825,-0.049028896249017295,56.82220603475516,43.177793965244845,2435.525027423515
2018-02-20,2316.1139235420824,1427.8025779384252,882.1061105840894,-0.002679157944907029,0.2230031462278102,2309.9086885225147,1.3099086885225146,-0.05157669803700882,61.812078764537205,38.18792123546279,2435.525027423515
2018-02-21,2309.9086885225147,1421.5912149512978,879.8391193335746,-0.003670428307304685,0.1260953416693823,2301.4303342848725,1.3014303342848725,-0.055057817771841266,61.76989995193713,38.23010004806287,2435.525027423515
2018-02-22,2301.4303342848725,1370.9971884332417,931.4632253693607,0.000447582315390882,0.06810041261171824,2302.4604138026025,1.3024604138026024,-0.05463487836200909,59.54487556939087,40.45512443060913,2435.525027423515
2018-02-23,2302.4604138026025,1651.5675618245618,679.9157527624277,0.012605168197638905,0.35664222470468526,2331.4833145869898,1.3314833145869898,-0.042718391995580696,70.83763162667663,29.16236837332337,2435.525027423515
2018-02-26,2331.4833145869898,1803.5286850023026,557.2628494571196,0.012570632476357257,0.26576924846507355,2360.791534459422,1.360791534459422,-0.030684756724980833,76.39508438915499,23.604915610845012,2435.525027423515
2018-02-27,2360.791534459422,1786.7092098613275,557.2628494571196,-0.007124506715425194,0.0,2343.972059318447,1.343972059318447,-0.037590649685057764,76.22570425949728,23.774295740502726,2435.525027423515
2018-02-28,2343.972059318447,1768.6746840703001,557.2628494571196,-0.007694002033569847,0.0,2325.93753352742,1.3259375335274197,-0.04499542918350763,76.0413664845075,23.958633515492483,2435.525027423515
2018-03-01,2325.93753352742,1789.7635889718163,498.158069361185,-0.01634432337345082,0.2571163946908635,2287.9216583330012,1.2879216583330013,-0.0606043327120559,78.22661158231496,21.773388417685034,2435.525027423515
2018-03-02,2287.9216583330012,1785.2204283094097,514.5853120472532,0.005194269646592753,0.19706107767184694,2299.8057403566627,1.2998057403566627,-0.055724858311321346,77.62483574080265,22.37516425919736,2435.525027423515
2018-03-05,2299.8057403566627,1813.5906709590497,514.5853120472532,0.012335930010001883,0.0,2328.175983006303,1.328175983006303,-0.044076346253265175,77.89749074798097,22.102509252019033,2435.525027423515
2018-03-06,2328.175983006303,1783.647779163485,554.1770071755462,0.004144361681915898,0.15060782595454772,2337.824786339031,1.3378247863390311,-0.04011465289184024,76.29518643082864,23.70481356917137,2435.525027423515
2018-03-07,2337.824786339031,1752.1730261538155,584.319652632333,-0.0005698064117835022,0.13654395242462203,2336.4926787861486,1.3364926787861489,-0.04066160171719946,74.99159068900238,25.008409310997624,2435.525027423515
2018-03-08,2336.4926787861486,1615.7986636746296,722.8325032813931,0.0009152556690164015,0.3676115809863473,2338.6311669560228,1.3386311669560227,-0.039783561809666135,69.09164157671616,30.908358423283843,2435.525027423515
2018-03-09,2338.6311669560228,1683.034111861829,690.7834487291977,0.015045721673504708,0.1757596896272602,2373.8175605910264,1.3738175605910263,-0.025336412534330388,70.89989305845357,29.100106941546443,2435.525027423515
2018-03-12,2373.8175605910264,1778.7600373895407,593.3339868763552,-0.0007260609887398406,0.12040327140123902,2372.0940242658958,1.3720940242658957,-0.026044077742334415,74.98691110863629,25.01308889136371,2435.525027423515
2018-03-13,2372.0940242658958,1786.7178600749264,567.0597004338516,-0.007721643227353137,0.18017493407991533,2353.777560508778,1.353777560508778,-0.033564617893175774,75.9085263642636,24.091473635736396,2435.525027423515
2018-03-14,2353.777560508778,1779.5520914255299,562.747336929751,-0.004876472758545747,0.11251449626130443,2342.2994283552807,1.3422994283552807,-0.03827741370691451,75.97457736968745,24.025422630312544,2435.525027423515
2018-03-15,2342.2994283552807,1757.6261291201,585.2054041123654,0.00022717201342548066,0.3694529764548384,2342.8315332324655,1.3428315332324656,-0.03805893725062959,75.02144751718693,24.97855248281306,2435.525027423515
2018-03-16,2342.8315332324655,1786.681205272635,557.6838515373737,0.0006545599014655679,0.13318018464191098,2344.365056810009,1.344365056810009,-0.03742928920338062,76.21173161929748,23.788268380702508,2435.525027423515
2018-03-19,2344.365056810009,1425.8102899352882,892.7499539323295,-0.011007164975195383,0.3414962810071323,2318.560243867618,1.3185602438676178,-0.04802446381740999,61.49550324199803,38.50449675800197,2435.525027423515
2018-03-20,2318.560243867618,1391.8286393832464,927.2557981447951,0.00022608584866823378,0.16829940225189605,2319.0844375280412,1.319084437528041,-0.047809235620400736,60.0162985383501,39.983701461649915,2435.525027423515
2018-03-21,2319.0844375280412,1584.1003060565304,731.9375534831443,-0.0013136986040982457,0.40490047307929716,2316.0378595396746,1.3160378595396747,-0.04906012729840148,68.39699530522265,31.603004694777354,2435.525027423515
2018-03-22,2316.0378595396746,1656.369471834591,609.3553955951332,-0.021723734740653255,0.12825165214949955,2265.7248674297243,1.2657248674297241,-0.06971809284728159,73.10549906766057,26.894500932339415,2435.525027423515
2018-03-23,2265.7248674297243,1351.2897464460275,880.7171408203402,-0.014881762851288616,0.39808540233032935,2232.006887266368,1.2320068872663676,-0.08356232757437287,60.54146849434719,39.45853150565281,2435.525027423515
2018-03-26,2232.006887266368,1163.703247291031,1115.4859875704135,0.021138979393053425,0.5174560627704259,2279.1892348614447,1.2791892348614446,-0.06418977050194974,51.05777218896763,48.94222781103235,2435.525027423515
2018-03-27,2279.1892348614447,1348.0087065231426,885.8168893040228,-0.019903410537579713,0.5344798087614192,2233.825595827165,1.2338255958271653,-0.0828155856849161,60.34529772786434,39.65470227213566,2435.525027423515
2018-03-28,2233.825595827165,1103.5991472564017,1116.5826445485275,-0.006107819718657925,0.33015336505514903,2220.181791804929,1.2201817918049294,-0.0884175827363155,49.70760283369474,50.29239716630526,2435.525027423515
2018-03-29,2220.181791804929,1133.5516628537223,1109.9559364036365,0.010506260135331846,0.1349594988279644,2243.507599257359,1.243507599257359,-0.07884026072574868,50.525866871542945,49.474133128457055,2435.525027423515
2018-03-30,2243.507599257359,1121.7537996286794,1121.3877637234664,-0.00016315340555761448,0.3660359052130471,2243.1415633521456,1.2431415633521454,-0.07899055107427388,50.00815900144675,49.99184099855326,2435.525027423515
2018-04-02,2243.1415633521456,1144.3299981231387,1062.481546741181,-0.016196043567368257,0.05919379404580977,2206.81154486432,1.20681154486432,-0.09390726023503271,51.854450407703254,48.145549592296746,2435.525027423515
2018-04-03,2206.81154486432,1116.8423569107106,1103.017840499189,0.005912898442074432,0.3879319329708053,2219.8601974098997,1.2198601974098997,-0.08854962588570159,50.31138259129227,49.68861740870773,2435.525027423515
2018-04-04,2219.8601974098997,1120.5140287535392,1109.7835239991248,0.004701807507942357,0.14657470582513274,2230.297552752664,1.2302975527526643,-0.08426416167357398,50.240562178377736,49.75943782162226,2435.525027423515
2018-04-05,2230.297552752664,1125.7536746535052,1114.8956002847601,0.004641408574754813,0.2531760915719476,2240.649274938265,1.240649274938265,-0.08001385750135548,50.24229750033156,49.75770249966845,2435.525027423515
2018-04-06,2240.649274938265,1098.2042679817112,1114.8956002847601,-0.012295278417704503,0.0,2213.0998682664713,1.2130998682664713,-0.09132534326380626,49.622896992982895,50.37710300701711,2435.525027423515
2018-04-09,2213.0998682664713,1179.547056960877,1041.2637969996565,0.003484246601172414,0.19496453750632287,2220.8108539605337,1.2208108539605336,-0.08815929667950173,53.11335068708372,46.88664931291627,2435.525027423515
2018-04-10,2220.8108539605337,1208.3210486765097,1041.2637969996565,0.01295652516481427,0.0,2249.584845676166,1.249584845676166,-0.07634500966062774,53.71306848012306,46.28693151987695,2435.525027423515
2018-04-11,2249.584845676166,1242.9134088698481,999.6159520097842,-0.003136349718080078,0.1995349574005834,2242.5293608796323,1.2425293608796322,-0.07924191472918196,55.42462143649772,44.57537856350228,2435.525027423515
2018-04-12,2242.5293608796323,1278.010156045422,989.100454507848,0.010961394799306134,0.2507341155192946,2267.11061055327,1.26711061055327,-0.06914912184187516,56.371760164517696,43.62823983548231,2435.525027423515
2018-04-13,2267.11061055327,1313.3067451293282,944.4303777529232,-0.00413455242429972,0.1990433109393997,2257.7371228822512,1.2577371228822511,-0.07299777359682535,58.169161140104165,41.83083885989585,2435.525027423515
2018-04-16,2257.7371228822512,1200.1196254800839,1066.0189113401343,0.0037211656985298713,0.1347300209287999,2266.138536820218,1.2661385368202183,-0.06954824470947307,52.958793382687794,47.0412066173122,2435.525027423515
2018-04-17,2266.138536820218,1350.0033503246914,944.0921654623941,0.012336835772668975,0.13222487936345828,2294.0955157870853,1.2940955157870855,-0.0580694142100624,58.846867579596676,41.15313242040333,2435.525027423515
2018-04-18,2294.0955157870853,1386.3853908854785,905.3610637972079,-0.0010239595902757914,0.20295559243114877,2291.7464546826864,1.2917464546826865,-0.059033913066756094,60.49471083734856,39.505289162651444,2435.525027423515
2018-04-19,2291.7464546826864,1343.5998914180998,943.3474637481464,-0.002094079607556143,0.31284112119497987,2286.9473551662463,1.2869473551662463,-0.06100437096080491,58.75080107912798,41.24919892087202,2435.525027423515
2018-04-20,2286.9473551662463,1383.4671198435483,889.1682896841497,-0.0062581001727991525,0.2001262138349767,2272.635409527698,1.2726354095276977,-0.06688069966915278,60.87501382947572,39.12498617052428,2435.525027423515
2018-04-23,2272.635409527698,1397.4170700518384,868.6758521348302,-0.002878810791031805,0.27298091987795603,2266.0929221866686,1.2660929221866688,-0.0695669735802652,61.666362238288066,38.333637761711934,2435.525027423515
2018-04-24,2266.0929221866686,1441.5334143718358,799.5860509901006,-0.011020491075288352,0.21145095813544568,2241.1194653619364,1.2411194653619364,-0.07982080244407741,64.32202462437812,35.67797537562189,2435.525027423515
2018-04-25,2241.1194653619364,1441.6169134343659,799.8801230565354,0.00016847434275613082,0.5196860012992042,2241.4970364909013,1.2414970364909013,-0.07966577585855128,64.3149149860684,35.68508501393159,2435.525027423515
2018-04-26,2241.4970364909013,1593.5554760725036,672.1372479792695,0.010794432099161089,0.31186296800106084,2265.692724051773,1.2656927240517728,-0.06973129056752236,70.3341392747523,29.665860725247693,2435.525027423515
2018-04-27,2265.692724051773,1629.383279758494,636.9887621968791,0.0002998279053414432,0.23731644268202864,2266.372041955373,1.266372041955373,-0.06945237004896854,71.89390133637106,28.10609866362894,2435.525027423515
2018-04-30,2266.372041955373,1603.503825306135,647.1329601939792,-0.006942927358776663,0.4019089361274737,2250.6367855001145,1.2506367855001144,-0.07591309464760032,71.24667274776726,28.753327252232737,2435.525027423515
2018-05-01,2250.6367855001145,1607.4854612259635,647.1329601939792,0.0017691152768319895,0.0,2254.618421419943,1.2546184214199427,-0.07427827838622092,71.29745086592438,28.702549134075618,2435.525027423515
2018-05-02,2254.618421419943,1469.0401792535167,774.6153629382588,-0.004862410030901376,0.4097194248466189,2243.6555421917756,1.2436555421917754,-0.07877951697121899,65.47529919937911,34.52470080062089,2435.525027423515
2018-05-03,2243.6555421917756,1348.0944288586834,897.05256675483,0.0006647426013892677,0.4096501218803589,2245.1469956135134,1.2451469956135135,-0.07816714247087742,60.0448180672598,39.9551819327402,2435.525027423515
2018-05-04,2245.1469956135134,1626.8695003186372,641.0671526786178,0.010150630416746464,0.4034174966717851,2267.936652997255,1.267936652997255,-0.06880995782808597,71.73346302105054,28.266536978949464,2435.525027423515
2018-05-07,2267.936652997255,1574.0872308747062,708.3790489286345,0.006406539965251534,0.3511551330076813,2282.4662798033405,1.2824662798033404,-0.06284425160766738,68.96431482047267,31.035685179527345,2435.525027423515
2018-05-08,2282.4662798033405,1502.3666362247532,784.3761461031883,0.0018736322908434744,0.22163757921003951,2286.7427823279413,1.2867427823279414,-0.06108836633593007,65.6989779451854,34.30102205481461,2435.525027423515
2018-05-09,2286.7427823279413,1450.417227832553,857.4508703193347,0.009238168799396318,0.07767305364329756,2307.868098151888,1.307868098151888,-0.052414542176424495,62.84662580994248,37.15337419005751,2435.525027423515
2018-05-10,2307.868098151888,1848.4297543890893,474.62655486074004,0.0065810568247397505,0.522759464648537,2323.0563092498296,1.3230563092498295,-0.046178428432190444,79.5688742898355,20.431125710164483,2435.525027423515
2018-05-11,2323.0563092498296,1933.972470486454,386.89064467285107,-0.0009440985488777809,0.2854068687870718,2320.8631151593054,1.3208631151593053,-0.047078929993795926,83.32988093327103,16.67011906672896,2435.525027423515
2018-05-14,2320.8631151593054,1938.650199759127,386.89064467285107,0.0020155127814815987,0.0,2325.5408444319783,1.3255408444319783,-0.045158305397455245,83.36341218864506,16.636587811354932,2435.525027423515
2018-05-15,2325.5408444319783,2045.6650080168627,258.25202961322543,-0.00929839906001384,0.1413975458833771,2303.917037630088,1.3039170376300881,-0.05403680451300963,88.7907409253384,11.209259074661603,2435.525027423515
2018-05-16,2303.917037630088,2008.3746879902997,302.9808248950615,0.0032286211412042576,0.16615374047652764,2311.3555128853613,1.3113555128853616,-0.05098264774125916,86.89163898820402,13.10836101179597,2435.525027423515
2018-05-17,2311.3555128853613,1940.380840792803,364.8804619315497,-0.0026366390315271104,0.0704085240338433,2305.2613027243524,1.3052613027243525,-0.053484863933821125,84.1718393702122,15.828160629787815,2435.525027423515
2018-05-18,2305.2613027243524,1933.242817485531,363.8639556398252,-0.003537355869097869,0.12467110612541497,2297.106773125356,1.297106773125356,-0.05683302480557484,84.15990236514929,15.840097634850716,2435.525027423515
2018-05-21,2297.106773125356,2017.3644871778786,302.177454443558,0.009766706867333053,0.07343675714688055,2319.5419416214368,1.319541941621437,-0.04762138943190164,86.97253759367997,13.027462406320014,2435.525027423515
2018-05-22,2319.5419416214368,2065.6944785276455,244.08845368146493,-0.004207300259250424,0.07385596289689174,2309.7829322091106,1.3097829322091106,-0.05162833220704943,89.43240725014729,10.567592749852693,2435.525027423515
2018-05-23,2309.7829322091106,2144.7942624591446,182.28136715355907,0.007486719709654421,0.06991696821303123,2327.075629612704,1.327075629612704,-0.04452813934970612,92.16693411963168,7.833065880368324,2435.525027423515
2018-05-24,2327.075629612704,2189.5986289487673,128.98860177521382,-0.003647667819947631,0.29337764771425867,2318.587230723981,1.3185872307239812,-0.04801338330866578,94.43675872678135,5.563241273218649,2435.525027423515
2018-05-25,2318.587230723981,2182.4892997215134,128.98860177521382,-0.0030662332359322475,0.0,2311.477901496727,1.311477901496727,-0.05093239631292745,94.41964806621378,5.580351933786224,2435.525027423515
2018-05-28,2311.477901496727,2107.523969011722,203.6716453343132,-0.00012212409666956248,0.28228715069201804,2311.195614346035,1.311195614346035,-0.05104830033670604,91.18760679234227,8.812393207657724,2435.525027423515
2018-05-29,2311.195614346035,1951.4086980334062,339.7454979294061,-0.008671450507616973,0.13621006265775043,2291.154195962812,1.291154195962812,-0.059277088034455305,85.1714258897082,14.828574110291811,2435.525027423515
2018-05-30,2291.154195962812,1771.6220916799477,538.8862018642125,0.00844731341760041,0.20890306821397936,2310.50829354416,1.31050829354416,-0.05133050675796469,76.67672505786169,23.323274942138305,2435.525027423515
2018-05-31,2310.50829354416,1789.6493535203413,513.094853364415,-0.0033603370657000475,0.3514340898427975,2302.7442068847563,1.3027442068847561,-0.05451835601920474,77.71811337836128,22.281886621638712,2435.525027423515
2018-06-01,2302.7442068847563,1622.1111442022836,703.4168531219968,0.009894190753538812,0.19943231501220282,2325.5279973242805,1.3255279973242806,-0.045163580279689364,69.75238079561552,30.247619204384478,2435.525027423515
2018-06-04,2325.5279973242805,1949.0603742964247,387.25635721322044,0.004639262222505325,0.33164234082629657,2336.3167315096453,1.3363167315096454,-0.04073384374900879,83.42449240762878,16.57550759237122,2435.525027423515
2018-06-05,2336.3167315096453,1952.2900617037276,387.25635721322044,0.0013823842305900058,0.0,2339.546418916948,1.3395464189169477,-0.039407769341668675,83.44737449610024,16.55262550389977,2435.525027423515
2018-06-06,2339.546418916948,1898.0002324934903,454.82684625751926,0.005676595995992129,0.08495742077616245,2352.8270787510096,1.3528270787510097,-0.03395487533133246,80.66892164047336,19.33107835952664,2435.525027423515
2018-06-07,2352.8270787510096,2081.542453230145,261.217843039129,-0.004278590030117879,0.20738793320571522,2342.760296269274,1.3427602962692742,-0.0380881863703838,88.8499970118537,11.150002988146293,2435.525027423515
2018-06-08,2342.760296269274,2146.4983203397865,195.14980443646215,-0.00047472696835293426,0.08022025264421927,2341.6481247762486,1.3416481247762486,-0.03854483184949109,91.6661345326976,8.333865467302406,2435.525027423515
2018-06-11,2341.6481247762486,1972.6097637863913,369.4360856902072,0.00016984819202403578,0.29782874814801125,2342.0458494765985,1.3420458494765986,-0.03838153042746839,84.22592428014298,15.77407571985702,2435.525027423515
2018-06-12,2342.0458494765985,2055.9972271221714,292.49460546887894,0.002752287328573244,0.26112571569593723,2348.4918325910503,1.3484918325910504,-0.03573488009874204,87.54542803130914,12.454571968690848,2435.525027423515
2018-06-13,2348.4918325910503,1957.3658906605383,391.09271884306077,-1.4146562908989857e-05,0.3225865887811581,2348.4586095035993,1.348458609503599,-0.03574852113592164,83.34683365248972,16.653166347510258,2435.525027423515
2018-06-14,2348.4586095035993,2133.026419443696,234.4667791760013,0.008105141405971406,0.37908177435871054,2367.493198619697,1.3674931986196972,-0.027933126548811194,90.09641171038207,9.90358828961793,2435.525027423515
2018-06-15,2367.493198619697,2121.4058547383997,234.4667791760013,-0.004908383564553143,0.0,2355.872633914401,1.3558726339144007,-0.03270440361410554,90.04756132395735,9.952438676042641,2435.525027423515
2018-06-18,2355.872633914401,2022.4253041610148,336.2267781398252,0.0011797956928685238,0.32645527651790407,2358.65208230084,1.3586520823008401,-0.03156319243575878,85.74496083322983,14.255039166770183,2435.525027423515
2018-06-19,2358.65208230084,2048.8300465812613,294.56864480039684,-0.006466994871198839,0.2628654872081165,2343.398691381658,1.3433986913816578,-0.037826068303356886,87.42985366153293,12.570146338467076,2435.525027423515
2018-06-20,2343.398691381658,1928.496277095858,431.37778351880996,0.00703054469288622,0.30092278833769676,2359.874060614668,1.359874060614668,-0.031061461474233498,81.7203048790472,18.27969512095279,2435.525027423515
2018-06-21,2359.874060614668,1908.0321963330193,431.37778351880996,-0.00867168341920277,0.0,2339.409979851829,1.3394099798518293,-0.039463789732993915,81.56040252738718,18.43959747261282,2435.525027423515
2018-06-22,2339.409979851829,1779.3915185046255,553.9369271764931,-0.0025996017043132813,0.13385752525624356,2333.328445681119,1.333328445681119,-0.041960801302258655,76.25979624935339,23.740203750646604,2435.525027423515
2018-06-25,2333.328445681119,1812.917153371403,479.9674062403123,-0.01733313033759276,0.42374434109464526,2292.8845596117153,1.2928845596117151,-0.05856661960180953,79.06709239990732,20.93290760009268,2435.525027423515
2018-06-26,2292.8845596117153,1496.69295368075,808.8999975318496,0.005542534423554235,0.3533764487557878,2305.5929512125995,1.3055929512125997,-0.05334869268346942,64.915749889571,35.084250110429,2435.525027423515
2018-06-27,2305.5929512125995,1486.0397704535956,808.8999975318496,-0.004620582840328069,0.0,2294.939767985445,1.2949397679854453,-0.057722773469830346,64.75288768724758,35.24711231275242,2435.525027423515
2018-06-28,2294.939767985445,1498.7138321792147,808.8999975318496,0.005522611923163723,0.0,2307.613829711064,1.3076138297110642,-0.052518942023669135,64.94647470399622,35.053525296003784,2435.525027423515
2018-06-29,2307.613829711064,1556.547122193031,746.4918568202321,-0.0019825027215987223,0.0890880862886331,2303.038979013263,1.3030389790132633,-0.054397325799770524,67.5866599035998,32.41334009640021,2435.525027423515
2018-07-02,2303.038979013263,1561.760518004108,746.4918568202321,0.0022637028111920365,0.0,2308.25237482434,1.3082523748243404,-0.05225676236791277,67.65986835052901,32.34013164947099,2435.525027423515
2018-07-03,2308.25237482434,1540.7283879547992,746.6479019980229,-0.009044108477569313,0.13963103338116858,2287.376289952822,1.2873762899528218,-0.06082825501794009,67.35788924290097,32.64211075709903,2435.525027423515
2018-07-04,2287.376289952822,1501.0906902815393,785.9485386345365,-0.00014735705630353202,0.3370610367461571,2287.039228916076,1.287039228916076,-0.060966648601644136,65.63467173201788,34.365328267982115,2435.525027423515
2018-07-05,2287.039228916076,1373.0816365474902,928.9665255990432,0.006562604191783228,0.14316114811261935,2302.0481621465333,1.3020481621465332,-0.05480414439353298,59.64608643405476,40.35391356594525,2435.525027423515
2018-07-06,2302.0481621465333,1571.6735955583522,744.4449892254137,0.006112132173687002,0.33529852787644204,2316.118584783766,1.3161185847837662,-0.04902698239404513,67.85807971508007,32.14192028491993,2435.525027423515
2018-07-09,2316.118584783766,1649.5060963610465,681.1333100543291,0.006269463803368014,0.07803841148436372,2330.6394064153756,1.3306394064153757,-0.043064891482185064,70.7748307962431,29.225169203756906,2435.525027423515
2018-07-10,2330.6394064153756,1819.3398548625619,517.590548759421,0.0026992580616678197,0.3293193328843925,2336.930403621983,1.3369304036219827,-0.04048187667602543,77.851691776648,22.148308223352014,2435.525027423515
2018-07-11,2336.930403621983,1612.1398756790245,713.7326665681245,-0.004731788913223678,0.32940120525915884,2325.872542247149,1.325872542247149,-0.04502211389400701,69.31333709806174,30.686662901938277,2435.525027423515
2018-07-12,2325.872542247149,1937.6558285549625,410.0163948076085,0.009372689482958663,0.4317008830649526,2347.672223362571,1.3476722233625709,-0.03607140270444331,82.53519419246942,17.464805807530574,2435.525027423515
2018-07-13,2347.672223362571,1892.0831928126358,456.3149195483557,0.00030919520672312295,0.1769016610330342,2348.3981123609915,1.3483981123609916,-0.03577336060253633,80.569098691295,19.43090130870501,2435.525027423515
2018-07-16,2348.3981123609915,1851.1775005061063,494.23791801860966,-0.0012700971869188393,0.16168458370453703,2345.415418524716,1.3454154185247162,-0.0369980221447872,78.92748917249426,21.07251082750573,2435.525027423515
2018-07-17,2345.415418524716,1821.4028856556536,527.4504470750592,0.0014658018271913598,0.26802209300192287,2348.8533327307127,1.3488533327307128,-0.03558645208605815,77.5443430321867,22.455656967813297,2435.525027423515
2018-07-18,2348.8533327307127,1731.9986879769685,614.9762972735595,-0.000799687002168481,0.19957558448444723,2346.974985250528,1.3469749852505277,-0.036357681065040115,73.79706638808024,26.20293361191976,2435.525027423515
2018-07-19,2346.974985250528,1724.8288093291428,614.9762972735595,-0.003054944638474777,0.0,2339.8051066027024,1.3398051066027024,-0.03930155500067778,73.71677258340208,26.28322741659791,2435.525027423515
2018-07-20,2339.8051066027024,1673.1962309015964,668.4466742815883,0.0007854494270895795,0.0690704620409325,2341.6429051831847,1.3416429051831846,-0.0385469749574473,71.4539448862167,28.546055113783304,2435.525027423515
2018-07-23,2341.6429051831847,1701.5349504851376,643.818198534796,0.0015844618445179925,0.1336003905798335,2345.353149019934,1.345353149019934,-0.037023589323970874,72.54920015760389,27.4507998423961,2435.525027423515
2018-07-24,2345.353149019934,1772.9848826738332,586.2691940678347,0.005927008360145258,0.06909318714868357,2359.254076741668,1.359254076741668,-0.0313160200872713,75.15023075100403,24.84976924899597,2435.525027423515
2018-07-25,2359.254076741668,1908.7869435584628,471.7187204610335,0.009007756937810862,0.1320948873000089,2380.505664019496,1.3805056640194961,-0.022590350246666335,80.18409585867005,19.815904141329955,2435.525027423515
2018-07-26,2380.505664019496,1886.7806185135612,471.7187204610335,-0.009244390961768989,0.0,2358.4993389745946,1.3584993389745947,-0.03162590717879177,79.99920064993012,20.000799350069894,2435.525027423515
2018-07-27,2358.4993389745946,1905.0200754095924,434.22943396714453,-0.008161897389476036,0.2309705808070979,2339.249509376737,1.339249509376737,-0.039529677159025334,81.43723308580113,18.56276691419888,2435.525027423515
2018-07-30,2339.249509376737,1914.3219719241345,408.92567500887964,-0.006840596686920497,0.44298913204913176,2323.247646933014,1.323247646933014,-0.046099867267336836,82.39853269414846,17.601467305851536,2435.525027423515
2018-07-31,2323.247646933014,1876.59526885923,451.21945239943364,0.001965814678292599,0.5231456153191135,2327.8147212586637,1.3278147212586635,-0.044224676384785666,80.61617841494461,19.383821585055383,2435.525027423515
2018-08-01,2327.8147212586637,1968.394570555792,367.2726239122355,0.0033733239753368505,0.2770689180800459,2335.6671944680274,1.3356671944680274,-0.04100053657059921,84.27547277359925,15.724527226400747,2435.525027423515
2018-08-02,2335.6671944680274,2040.3688511880148,307.24440714236647,0.0051146258724905636,0.08022370869007318,2347.613258330381,1.347613258330381,-0.03609561310323861,86.91247776642402,13.087522233575994,2435.525027423515
2018-08-03,2347.613258330381,1876.70269191971,479.70054272756215,0.0037442182121354417,0.4930782945611726,2356.4032346472723,1.356403234647272,-0.03248654474306256,79.64268017993244,20.357319820067556,2435.525027423515
2018-08-06,2356.4032346472723,1935.710029915346,428.3757162789743,0.0032602703281376932,0.06123547507514792,2364.0857461943206,1.3640857461943208,-0.02933218933281434,81.8798570665819,18.12014293341808,2435.525027423515
2018-08-07,2364.0857461943206,1860.9573897657751,513.7433416508197,0.004490101613007225,0.18834230446737002,2374.700731416595,1.3747007314165947,-0.024973792230443492,78.36597534779243,21.634024652207575,2435.525027423515
2018-08-08,2374.700731416595,1860.4572448482918,513.7433416508197,-0.00021061387267307108,0.0,2374.2005864991115,1.3742005864991116,-0.025179146276019693,78.36141796223029,21.638582037769705,2435.525027423515
2018-08-09,2374.2005864991115,1851.949645126891,513.7433416508197,-0.0035833533905177406,0.0,2365.6929867777108,1.3656929867777108,-0.028672273887358823,78.28360042819483,21.71639957180517,2435.525027423515
2018-08-10,2365.6929867777108,1840.526118467956,514.1630329656666,-0.004651421551989499,0.11805111644460185,2354.6891514336226,1.3546891514336226,-0.03319032860664417,78.16429261362906,21.835707386370935,2435.525027423515
2018-08-13,2354.6891514336226,1864.3079103633795,481.40942562518404,-0.0038101910137889883,0.23153716805693358,2345.7173359885637,1.3457173359885637,-0.036874058128631426,79.47709136820178,20.522908631798213,2435.525027423515
2018-08-14,2345.7173359885637,1735.8330812164095,616.7418243754437,0.002923442436170376,0.5522114110203277,2352.574905591853,1.3525749055918532,-0.034058414878788135,73.78439160812668,26.215608391873317,2435.525027423515
2018-08-15,2352.574905591853,1634.4675440186027,705.3389444892689,-0.005427422121026759,0.43352718828696796,2339.8064885078716,1.3398064885078718,-0.03930098760549461,69.8548171417768,30.14518285822319,2435.525027423515
2018-08-16,2339.8064885078716,1571.7157821047465,779.4528951171609,0.0048560377833988255,0.48260105212981974,2351.1686772219073,1.3511686772219074,-0.03463579690283303,66.84827836179979,33.15172163820022,2435.525027423515
2018-08-17,2351.1686772219073,1878.2056775505425,469.65452437154084,-0.0014071620347261282,0.5792110728405709,2347.8602019220834,1.3478602019220833,-0.03599422075911496,79.99648684418872,20.003513155811262,2435.525027423515
2018-08-20,2347.8602019220834,1982.5483652223613,370.5087665073988,0.002213474977522889,0.20600221714091863,2353.05713172976,1.3530571317297597,-0.03386041808857776,84.25415339426829,15.745846605731728,2435.525027423515
2018-08-21,2353.05713172976,1984.6676349184017,370.5087665073988,0.0009006452361328687,0.0,2355.1764014258006,1.3551764014258008,-0.03299026907668989,84.26832205506575,15.73167794493425,2435.525027423515
2018-08-22,2355.1764014258006,2007.6436398096912,352.94885794443826,0.00229965633361906,0.32760226943174625,2360.5924977541295,1.3605924977541295,-0.030766479024300963,85.04829366863471,14.951706331365292,2435.525027423515
2018-08-23,2360.5924977541295,1854.055340567387,505.5759479606082,-0.00040718981656029385,0.2653015581340243,2359.6312885279954,1.3596312885279955,-0.0311611410439111,78.57394286901489,21.4260571309851,2435.525027423515
2018-08-24,2359.6312885279954,1866.724026743387,505.5759479606082,0.005368926169775801,0.0,2372.2999747039953,1.3722999747039952,-0.02595951673976593,78.68836347209034,21.311636527909656,2435.525027423515
2018-08-27,2372.2999747039953,1929.0744322601188,451.7968342030973,0.0036130724826612948,0.06982764528275603,2380.871266463216,1.3808712664632163,-0.02244023787270033,81.02388648361314,18.976113516386857,2435.525027423515
2018-08-28,2380.871266463216,1946.5609986467155,432.6946813442773,-0.0006785694358955041,0.19100346721649322,2379.2556799909926,1.3792556799909925,-0.023103580049041228,81.81386368085018,18.186136319149835,2435.525027423515
2018-08-29,2379.2556799909926,1938.0484651724037,453.00499385626483,0.004958600766152399,0.18656423725782859,2391.0534590286684,1.3910534590286683,-0.018259540712620814,81.05416705989118,18.94583294010882,2435.525027423515
2018-08-30,2391.0534590286684,1988.922187624656,398.4389071941536,-0.0015442415960698064,0.07000264395791345,2387.3610948188098,1.38736109481881,-0.01977558516639699,83.31048838573817,16.68951161426183,2435.525027423515
2018-08-31,2387.3610948188098,2029.7451826173053,357.95035813793396,0.00014009021808858435,0.1538060848873304,2387.695540755239,1.3876955407552392,-0.019638265314347314,85.00854267103449,14.99145732896551,2435.525027423515
2018-09-03,2387.695540755239,2089.2335981608344,298.27370231229753,-7.883764026606066e-05,0.1882402821072044,2387.507300473132,1.387507300473132,-0.0197155547201171,87.50689883741136,12.49310116258864,2435.525027423515
2018-09-04,2387.507300473132,2030.5713998545352,358.0662426782111,0.0004734402526811454,0.05985239275867195,2388.637642532746,1.3886376425327462,-0.01925144860464434,85.00960395572841,14.990396044271595,2435.525027423515
2018-09-05,2388.637642532746,2080.928611637161,298.5081907621249,-0.0038519195920000415,0.0715145544680011,2379.4368023992856,1.3794368023992858,-0.023029213164589724,87.4546703463136,12.545329653686393,2435.525027423515
2018-09-06,2379.4368023992856,1778.2624116257264,594.5387807950615,-0.0027887313383599954,0.32041980475988435,2372.8011924207876,1.3728011924207877,-0.025753722214499897,74.94359060952347,25.056409390476535,2435.525027423515
2018-09-07,2372.8011924207876,1720.9833749900147,652.4469908513576,0.0002651606137902274,0.07333706435900729,2373.4303658413723,1.3734303658413722,-0.025495390473499357,72.5103799023795,27.4896200976205,2435.525027423515
2018-09-10,2373.4303658413723,1722.5619451468137,652.4469908513576,0.0006651006827576023,0.0,2375.008935998171,1.3750089359981712,-0.02484724679235273,72.528651115279,27.471348884720992,2435.525027423515
2018-09-11,2375.008935998171,1793.4878795422558,593.5619144641452,0.005069815875521799,0.19031953539767857,2387.049794006401,1.3870497940064008,-0.019903401883081706,75.13407906468859,24.865920935311394,2435.525027423515
2018-09-12,2387.049794006401,1968.51616120925,417.5398494530131,-0.00041632283776960044,0.19386449810697062,2386.056010662263,1.386056010662263,-0.0203114384800982,82.50083620890682,17.499163791093178,2435.525027423515
2018-09-13,2386.056010662263,1975.6572572710154,417.42950539173296,0.002946599731551869,0.13029647416294843,2393.0867626627482,1.3930867626627483,-0.01742468842771905,82.55685870213641,17.4431412978636,2435.525027423515
2018-09-14,2393.0867626627482,1910.965489848636,478.1895025619386,-0.0016429702063115448,0.4278499706110141,2389.154992410575,1.3891549924105746,-0.019039030390089695,79.98499452396506,20.015005476034936,2435.525027423515
2018-09-17,2389.154992410575,1977.2581507695227,397.94607464163755,-0.005839205511459444,0.2464240934582427,2375.20422541116,1.37520422541116,-0.024767063090362362,83.24581649088508,16.754183509114927,2435.525027423515
2018-09-18,2375.20422541116,1764.487615381973,621.7314626923095,0.004637433928956325,0.34583443918481593,2386.2190780742826,1.3862190780742827,-0.020244484780101768,73.94491275318875,26.055087246811254,2435.525027423515
2018-09-19,2386.2190780742826,1766.3778090450976,624.7235687523989,0.0020460400170609905,0.23857074324683641,2391.1013777974968,1.3911013777974968,-0.01823986578902581,73.872978596673,26.127021403327007,2435.525027423515
2018-09-20,2391.1013777974968,1919.9179811783472,488.69894057007144,0.007325303775725267,0.3899776157803106,2408.6169217484185,1.4086169217484183,-0.011048174571033686,79.71039162942839,20.289608370571614,2435.525027423515
2018-09-21,2408.6169217484185,1918.275470137193,492.55150238324643,0.0009175600952004981,0.12014070165730058,2410.8269725204395,1.4108269725204394,-0.01014075183994434,79.56918899624304,20.430811003756947,2435.525027423515
2018-09-24,2410.8269725204395,1986.486251200248,419.0444810523994,-0.0021968562357069787,0.22977503811206929,2405.5307322526473,1.4055307322526471,-0.012315330301737037,82.57995728618329,17.420042713816724,2435.525027423515
2018-09-25,2405.5307322526473,1881.5607659317843,522.7203072870112,-0.0005194941046051671,0.22115624617311858,2404.2810732187954,1.4042810732187956,-0.012828426664854176,78.25876878083953,21.741231219160472,2435.525027423515
2018-09-26,2404.2810732187954,1827.315401583567,574.8774732598289,-0.0008685333834964615,0.05930511857866678,2402.192874843396,1.4021928748433963,-0.013685818131534577,76.0686379815648,23.93136201843519,2435.525027423515
2018-09-27,2402.192874843396,1916.7989873795227,491.0740038128751,0.002364554656907769,0.28362967781943643,2407.872991192398,1.4078729911923977,-0.01135362433962317,79.60548560455045,20.39451439544954,2435.525027423515
2018-09-28,2407.872991192398,2027.0566920003087,382.9543064678869,0.0008879236087693254,0.1163966763581262,2410.010998468196,1.4100109984681959,-0.010475781881950086,84.10985233215563,15.890147667844372,2435.525027423515
2018-10-01,2410.010998468196,2098.9833633300173,328.5760602268358,0.0072814709558632895,0.061803200645293856,2427.5594235568533,1.4275594235568532,-0.0032705900276001065,86.46475727686173,13.53524272313825,2435.525027423515
2018-10-02,2427.5594235568533,2100.5773023437405,328.5760602268358,0.0006566014402182851,0.0,2429.153362570576,1.4291533625705761,-0.0026161360615043483,86.47363870516885,13.526361294831151,2435.525027423515
2018-10-03,2429.153362570576,2042.5592618315663,386.3870563964291,-8.523312927488647e-05,0.06916037616234033,2428.9463182279956,1.4289463182279958,-0.002701146209316052,84.09240033438398,15.907599665616015,2435.525027423515
2018-10-04,2428.9463182279956,1910.8331785525395,496.7083952395803,-0.00881235796577473,0.12153348887321325,2407.54157379212,1.4075415737921197,-0.01148970070777644,79.3686472272537,20.631352772746293,2435.525027423515
2018-10-05,2407.54157379212,1708.163616161764,680.00414297866,-0.00804713607548635,0.38804091911309724,2388.167759140424,1.388167759140424,-0.019444377598200724,71.5261149315819,28.47388506841808,2435.525027423515
2018-10-08,2388.167759140424,1791.507762782956,596.7612600407467,4.240224870755149e-05,0.2806797443593219,2388.2690228237025,1.3882690228237027,-0.019402799834828066,75.01281244542616,24.98718755457385,2435.525027423515
2018-10-09,2388.2690228237025,1739.3782140243313,651.174372068048,0.0009561583083204095,0.17172506568898607,2390.5525860923794,1.3905525860923795,-0.018465193674774394,72.76050835039509,27.239491649604915,2435.525027423515
2018-10-10,2390.5525860923794,1702.9073692417187,625.7654160029082,-0.025885145220294725,0.33168987842930225,2328.672785244627,1.3286727852446272,-0.043872364675276776,73.12780825335356,26.87219174664643,2435.525027423515
2018-10-11,2328.672785244627,1492.2111172914717,799.7478336123261,-0.015765991071593377,0.733436315514371,2291.958950903798,1.2919589509037976,-0.05894666443711005,65.1063631267498,34.8936368732502,2435.525027423515
2018-10-12,2291.958950903798,1263.6459898549988,1049.7501315891623,0.009353208761400333,0.7310542417451869,2313.396121444161,1.313396121444161,-0.050144796133978264,54.62298385224899,45.377016147751,2435.525027423515
2018-10-15,2313.396121444161,1226.350269291766,1073.5892925381388,-0.005816798726996919,0.4874781323646243,2299.939561829905,1.299939561829905,-0.055669912674657596,53.32097806587765,46.67902193412235,2435.525027423515
2018-10-16,2299.939561829905,1175.0498879085692,1149.7400711224536,0.01080480444509857,0.2297097924988072,2324.7899590310226,1.3247899590310226,-0.04546661074948444,50.54434631154086,49.45565368845914,2435.525027423515
2018-10-17,2324.7899590310226,1535.5468970554584,798.682727086554,0.0040604378362527616,0.46382133035987133,2334.2296241420127,1.3342296241420128,-0.04159078725980503,65.78388352088008,34.21611647911991,2435.525027423515
2018-10-18,2334.2296241420127,1368.8162463051701,947.9842188898742,-0.007466771377890868,0.2965659178184578,2316.800465195044,1.316800465195044,-0.04874700973780044,59.082181088475124,40.91781891152488,2435.525027423515
2018-10-19,2316.800465195044,1244.0578340884406,1080.8937609726709,0.00351827012663386,0.2797894516829349,2324.951595061111,1.324951595061111,-0.04540024475928983,53.50897785275141,46.4910221472486,2435.525027423515
2018-10-22,2324.951595061111,1409.7451152407143,912.9143048416915,-0.0009859022370938275,0.4595360751736851,2322.6594200824056,1.3226594200824056,-0.04634138679351085,60.695300527130144,39.30469947286986,2435.525027423515
2018-10-23,2322.6594200824056,1311.729490050756,1006.2373332971765,-0.0020203550696669126,0.2484154051995115,2317.9668233479324,1.3179668233479322,-0.048268115807434175,56.58965766197519,43.41034233802482,2435.525027423515
2018-10-24,2317.9668233479324,1295.4182386857779,993.1052401022415,-0.012702228635605217,0.30911276115822195,2288.5234787880195,1.2885234787880195,-0.06035723180024355,56.60497917949346,43.39502082050654,2435.525027423515
2018-10-25,2288.5234787880195,1269.4736198847122,1039.7014428237585,0.009023977298842523,0.5365020798866742,2309.1750627084707,1.3091750627084706,-0.0518779167909873,54.97520046815875,45.02479953184125,2435.525027423515
2018-10-26,2309.1750627084707,1300.0856393282484,989.0787828479394,-0.008665709610085726,0.5676725985482365,2289.1644221761876,1.2891644221761878,-0.060094067438986154,56.79302136332897,43.20697863667103,2435.525027423515
2018-10-29,2289.1644221761876,1331.892328638676,953.3335318773212,-0.001720523708142463,0.4849773627571177,2285.2258605159973,1.2852258605159972,-0.061711197879381174,58.282743585701354,41.717256414298646,2435.525027423515
2018-10-30,2285.2258605159973,1473.5221234022122,830.6906894898274,0.008308567089186925,0.30053251598990566,2304.2128128920394,1.3042128128920396,-0.05391536241792916,63.949046509848216,36.05095349015179,2435.525027423515
2018-10-31,2304.2128128920394,1602.2232995175714,708.4702668863754,0.002812567257523879,0.51829092655979,2310.6935664039465,1.3106935664039465,-0.05125443574341948,69.33949714548507,30.660502854514952,2435.525027423515
2018-11-01,2310.6935664039465,1662.3061819033965,659.9292349701186,0.004994972348294047,0.26892685958047663,2322.235416873515,1.3222354168735149,-0.046515477884391254,71.58215613391177,28.417843866088226,2435.525027423515
2018-11-02,2322.235416873515,1652.807364171958,663.3209331752481,-0.0026298451405633028,0.1749002171849021,2316.128297347206,1.3161282973472064,-0.0490229945214794,71.36078627703883,28.639213722961177,2435.525027423515
2018-11-05,2316.128297347206,1583.7088408544466,744.3737822863428,0.00516134007225566,0.09602757525922426,2328.0826231407896,1.3280826231407894,-0.04411467879530939,68.02631595256199,31.973684047438,2435.525027423515
2018-11-06,2328.0826231407896,1586.9386619207585,748.1315549293607,0.0030014371654485394,0.1807167944645158,2335.0702168501193,1.3350702168501192,-0.041245649066338874,67.9610681712797,32.038931828720294,2435.525027423515
2018-11-07,2335.0702168501193,1581.4180814652198,778.170842418229,0.010500201174422852,0.18589653181068688,2359.588923883449,1.3595889238834489,-0.031178535504682192,67.0209147643606,32.979085235639396,2435.525027423515
2018-11-08,2359.588923883449,1638.1360338374482,720.4418991665617,-0.0004284605971852651,0.5436053533809905,2358.57793300401,1.35857793300401,-0.03159363732792575,69.45439499431893,30.545605005681058,2435.525027423515
2018-11-09,2358.57793300401,1504.2129871553348,851.572404002492,-0.0011839938833932973,0.13629402673379978,2355.785391157827,1.3557853911578266,-0.032740224537968654,63.85186837482003,36.14813162517997,2435.525027423515
2018-11-12,2355.785391157827,1541.844496935546,785.1841229733894,-0.012206872220545395,0.07767407921967734,2327.0286199089355,1.3270286199089356,-0.04454744102110719,66.25808053000584,33.74191946999416,2435.525027423515
2018-11-13,2327.0286199089355,1657.59767823822,664.2347886725752,-0.002232956205903358,0.6305313014066005,2321.832466910795,1.321832466910795,-0.046680924742125374,71.39178652470385,28.60821347529615,2435.525027423515
2018-11-14,2321.832466910795,1829.2472717052676,483.20761598697004,-0.0040388698806655965,0.5074812861123348,2312.4548876922377,1.3124548876922377,-0.050531256441848305,79.10412788769267,20.89587211230733,2435.525027423515
2018-11-15,2312.4548876922377,1797.6837446894958,525.2381198866469,0.004526348574242167,0.3198091343160421,2322.921864576143,1.3229218645761431,-0.046233629948156274,77.38890283412584,22.611097165874135,2435.525027423515
2018-11-16,2322.921864576143,1802.1537653355138,525.2381198866469,0.0019243095147469802,0.0,2327.3918852221605,1.3273918852221605,-0.04439828824741987,77.43233001620136,22.56766998379865,2435.525027423515
2018-11-19,2327.3918852221605,1570.3663033542111,747.3686698599264,-0.004149241934433112,0.7215789614823679,2317.7349732141374,1.3177349732141375,-0.04836331094243973,67.75435161926616,32.24564838073384,2435.525027423515
2018-11-20,2317.7349732141374,1537.684655383479,744.8089592849373,-0.015205085548176345,0.17728210532127453,2282.4936146684163,1.2824936146684163,-0.0628330282103432,67.36862900739648,32.63137099260353,2435.525027423515
2018-11-21,2282.4936146684163,1542.7825755092426,725.6321878008127,-0.006168188716009104,0.6157805027742366,2268.4147633100556,1.2684147633100555,-0.06861365095075267,68.01148539775966,31.988514602240336,2435.525027423515
2018-11-22,2268.4147633100556,1546.6464295295834,721.5542026968687,-9.4396795095264e-05,0.21413108360338948,2268.2006322264524,1.2682006322264523,-0.06870157083709838,68.18825493454715,31.811745065452847,2435.525027423515
2018-11-23,2268.2006322264524,1441.7771023020532,824.6969838733245,-0.000761196353860516,0.1032460272036591,2266.4740861753776,1.2664740861753776,-0.06941047180573312,63.613218041906606,36.386781958093394,2435.525027423515
2018-11-26,2266.4740861753776,1453.7585221264746,824.6969838733245,0.005286369651214429,0.0,2278.4555059997992,1.278455505999799,-0.06449103156614899,63.804560514713984,36.19543948528601,2435.525027423515
2018-11-27,2278.4555059997992,1353.9760741217838,931.7803640619157,0.0032043338852458803,0.31507021072944047,2285.7564381836996,1.2857564381836997,-0.06149334847864485,59.23536084175599,40.764639158243995,2435.525027423515
2018-11-28,2285.7564381836996,1280.7215967684008,1028.300395749648,0.010178492312521437,0.29000143301684866,2309.021992518049,1.309021992518049,-0.051940765740884465,55.46597654410993,44.53402345589006,2435.525027423515
2018-11-29,2309.021992518049,1505.7358567113956,798.6041684800281,-0.002027684163163679,0.6726750839119668,2304.3400251914236,1.3043400251914234,-0.053863130435932716,65.34347536606768,34.65652463393233,2435.525027423515
2018-11-30,2304.3400251914236,1433.6421837150426,885.6623348767079,0.006494047422139326,0.6222901969164344,2319.3045185917504,1.3193045185917502,-0.047718872737149254,61.81345193021615,38.18654806978386,2435.525027423515
2018-12-03,2319.3045185917504,1531.9973351623732,796.6991237892254,0.0040494640891532985,0.5618044766887789,2328.6964589515987,1.3286964589515988,-0.04386264450951982,65.78776419199319,34.21223580800681,2435.525027423515
2018-12-04,2328.6964589515987,1579.7471728964074,711.0208915260263,-0.01628739305346849,0.5252487091846616,2290.768064422434,1.290768064422434,-0.05943562943149727,68.96146307569141,31.03853692430859,2435.525027423515
2018-12-05,2290.768064422434,1622.6273789658906,667.0440597619453,-0.0004787152883914958,1.096625694597967,2289.6714387278357,1.2896714387278356,-0.059885891975404726,70.86725857345884,29.132741426541166,2435.525027423515
2018-12-06,2289.6714387278357,1626.134251439458,667.0440597619453,0.0015316051090352722,0.0,2293.178311201403,1.293178311201403,-0.05844600840447822,70.91181019357894,29.088189806421067,2435.525027423515
2018-12-07,2293.178311201403,1572.5021575334495,687.4522768340157,-0.014488134948621556,0.5012165264051972,2259.954434367465,1.2599544343674651,-0.07208736969612739,69.58114436380548,30.418855636194525,2435.525027423515
2018-12-10,2259.954434367465,1367.3753321080394,903.7421721838701,0.004939511060349622,0.23960156311579908,2271.1175042919094,1.2711175042919094,-0.0675039349957034,60.207159229938675,39.792840770061325,2435.525027423515
2018-12-11,2271.1175042919094,1710.9774785720033,567.42916657102,0.0032094952539176713,0.3502095019573309,2278.4066451430235,1.2784066451430234,-0.0645110933007752,75.09535149133131,24.904648508668675,2435.525027423515
2018-12-12,2278.4066451430235,1825.2653810056272,455.55954623603486,0.0010613917861386213,0.12178279256964146,2280.824927241662,1.280824927241662,-0.06351817305918084,80.02654474725641,19.973455252743587,2435.525027423515
2018-12-13,2280.824927241662,1842.9871080410062,455.55954623603486,0.007769876075850668,0.0,2298.546654277041,1.298546654277041,-0.05624182531656441,80.18053949923755,19.819460500762446,2435.525027423515
2018-12-14,2298.546654277041,1784.8921322849587,455.55954623603486,-0.02527465589960798,0.0,2240.4516785209935,1.2404516785209934,-0.08009498843413043,79.66662032466745,20.333379675332562,2435.525027423515
2018-12-17,2240.4516785209935,1692.5014637760823,497.5474327188379,-0.02249670569076756,0.3307180636051367,2190.0488964949204,1.1900488964949205,-0.10078982074278986,77.28144638619067,22.718553613809323,2435.525027423515
2018-12-18,2190.0488964949204,1394.6297114745983,781.3709506035478,-0.006414575692468838,0.7893695732093995,2176.000662078146,1.1760006620781458,-0.10655787250107374,64.09141944574066,35.90858055425935,2435.525027423515
2018-12-19,2176.000662078146,1080.3242813622614,1087.6892536492307,-0.003670553601314408,0.3110773898423416,2168.0135350114924,1.1680135350114926,-0.109837299719731,49.83014468848945,50.169855311510545,2435.525027423515
2018-12-20,2168.0135350114924,1057.6783493924704,1087.6892536492307,-0.01044547536446605,0.0,2145.367603041701,1.1453676030417008,-0.11913547227587507,49.30056498909067,50.69943501090934,2435.525027423515
2018-12-21,2145.367603041701,1076.4285539998866,1071.7635072367405,0.0013165381032702594,0.9202942841101082,2148.192061236627,1.1481920612366272,-0.11797578056130709,50.10858076536371,49.891419234636295,2435.525027423515
2018-12-24,2148.192061236627,1027.1534508174439,1071.7635072367405,-0.022937941197900713,0.0,2098.9169580541843,1.0989169580541844,-0.13820760024191603,48.93730773273058,51.06269226726942,2435.525027423515
2018-12-25,2098.9169580541843,1049.458479027092,1048.9338275080759,-0.0002499629711424367,0.5246515190165286,2098.392306535168,1.098392306535168,-0.13842301643066757,50.01250127341256,49.98749872658744,2435.525027423515
2018-12-26,2098.392306535168,1081.9976995278416,1048.9338275080759,0.015506738372710549,0.0,2130.9315270359175,1.1309315270359175,-0.12506276755850865,50.77580794127526,49.22419205872474,2435.525027423515
2018-12-27,2130.9315270359175,1072.315390998321,1064.5968589711345,0.002806623703135669,0.8689045468242498,2136.9122499694554,1.1369122499694555,-0.12260714798318251,50.180600116530215,49.81939988346979,2435.525027423515
2018-12-28,2136.9122499694554,1082.2514464647072,1064.5968589711345,0.004649725540451399,0.0,2146.8483054358417,1.1468483054358418,-0.11852751203015055,50.411174544770375,49.588825455229625,2435.525027423515
2018-12-31,2146.8483054358417,1089.8726736066335,1064.5968589711345,0.003549960713399747,0.0,2154.469532577768,1.1544695325777679,-0.11539831932791467,50.58659020824623,49.41340979175377,2435.525027423515
2019-01-01,2154.469532577768,1077.234766288884,1076.8630501261366,-0.0001725325687491619,0.37171616274737757,2154.0978164150206,1.1540978164150206,-0.11555094192820081,50.00862811706865,49.99137188293134,2435.525027423515
2019-01-02,2154.0978164150206,1059.7642900190403,1076.8630501261366,-0.008110344914103673,0.0,2136.627340145177,1.1366273401451772,-0.12272412884811723,49.59986564372207,50.400134356277924,2435.525027423515
2019-01-03,2136.627340145177,1053.2424444563105,1067.9705132610654,-0.0072143523291028355,0.343156811523266,2121.212957717376,1.121212957717376,-0.1290531060724276,49.652838515077626,50.347161484922374,2435.525027423515
2019-01-04,2121.212957717376,1079.0165083859213,1060.1821421573327,0.00847896613135557,0.42433670135529544,2139.198650543254,1.1391986505432543,-0.12166837685660636,50.44022013158538,49.55977986841461,2435.525027423515
2019-01-07,2139.198650543254,1080.8507140272893,1068.876841871665,0.004921892295054464,0.7224833999620455,2149.727555898954,1.149727555898954,-0.11734532320815416,50.278497433843825,49.721502566156175,2435.525027423515
2019-01-08,2149.727555898954,1081.7109160516748,1074.5506870768422,0.0030394768916801596,0.31309087263480584,2156.261603128517,1.1562616031285171,-0.1146625147147119,50.166033401616104,49.833966598383896,2435.525027423515
2019-01-09,2156.261603128517,1078.2648102141395,1074.5506870768422,-0.001598185411517572,0.0,2152.8154972909815,1.1528154972909817,-0.1160774481679645,50.08626199370014,49.91373800629987,2435.525027423515
2019-01-10,2152.8154972909815,1077.0424095650378,1076.1367896467607,0.00016894244828447036,0.27095899873002144,2153.1791992117987,1.1531791992117988,-0.11592811612796416,50.02102983157668,49.9789701684233,2435.525027423515
2019-01-11,2153.1791992117987,1082.0377975383913,1076.3135585223772,0.0024021023660563134,0.2760410835221071,2158.3513560607685,1.1583513560607686,-0.11380448496395135,50.13260674634693,49.86739325365307,2435.525027423515
2019-01-14,2158.3513560607685,1069.1240974487328,1078.9329990935362,-0.0047695012628934386,0.24267893684809247,2148.057096542269,1.148057096542269,-0.11803119559208619,49.77167968066136,50.22832031933865,2435.525027423515
2019-01-15,2148.057096542269,1084.5198981302574,1073.7871302661133,0.0047717222557077665,0.2414180050212162,2158.3070283963707,1.1583070283963708,-0.113822685419253,50.24863857928773,49.751361420712264,2435.525027423515
2019-01-16,2158.3070283963707,1180.7101679825269,970.6932196373357,-0.0031986370269281306,0.5449431410311647,2151.4033876198628,1.1514033876198626,-0.11665724499009478,54.8809291078029,45.119070892197094,2435.525027423515
2019-01-17,2151.4033876198628,1188.0198790783365,970.6932196373357,0.003397647850641672,0.0,2158.7130987156725,1.1587130987156726,-0.1136559573771555,55.033708730685404,44.96629126931458,2435.525027423515
2019-01-18,2158.7130987156725,1165.5379571549083,981.0264400365527,-0.005627751798717218,0.2067866523893945,2146.564397191461,1.1465643971914612,-0.11864408165730844,54.2978332576411,45.702166742358905,2435.525027423515
2019-01-21,2146.564397191461,1252.1625650283522,893.9722642940194,-0.00020011878965808805,0.4295678690893833,2146.134829322372,1.1461348293223717,-0.11882045753694526,58.345009265970226,41.65499073402976,2435.525027423515
2019-01-22,2146.134829322372,1321.993906850304,804.7109239273999,-0.00905348456173305,0.08963706848964335,2126.704830777704,1.1267048307777041,-0.1267982029207495,62.1616073711024,37.8383926288976,2435.525027423515
2019-01-23,2126.704830777704,1394.1236637592867,743.5923423022488,0.005177575714540916,0.7543484699475054,2137.7160060615356,1.1377160060615354,-0.12227713450229849,65.21556931819858,34.784430681801425,2435.525027423515
2019-01-24,2137.7160060615356,1490.7826394804174,641.1957082051431,-0.0026840133861120163,0.11909361331759985,2131.9783476855605,1.1319783476855605,-0.12463295442259092,69.92484896006499,30.07515103993501,2435.525027423515
2019-01-25,2131.9783476855605,1546.4012991634438,581.1207549189554,-0.002090215225684089,0.3278853589246572,2127.5220540823993,1.1275220540823994,-0.12646265994931893,72.68555906135633,27.314440938643656,2435.525027423515
2019-01-28,2127.5220540823993,1635.1502396489564,483.0386740573907,-0.004386859519572628,0.4890655067907865,2118.188913706347,1.118188913706347,-0.13029474554522247,77.19567546918262,22.80432453081738,2435.525027423515
2019-01-29,2118.188913706347,1631.164815698776,481.0178940780425,-0.002835537420984302,0.3886772188547411,2112.1827097768187,1.1121827097768189,-0.1327608273394557,77.2265016728184,22.773498327181585,2435.525027423515
2019-01-30,2112.1827097768187,1706.0757040055078,421.81195057160613,0.0074354101695846,0.6245913837576242,2127.887654577114,1.1278876545771142,-0.12631254837559325,80.1769633061086,19.82303669389139,2435.525027423515
2019-01-31,2127.887654577114,1558.4128135024446,572.0870145360001,0.0012275899320679518,0.8058155424536518,2130.499828038445,1.1304998280384448,-0.12524001845620503,73.14775589244135,26.852244107558633,2435.525027423515
2019-02-01,2130.499828038445,1777.9173857150429,354.3850071700129,0.0008460760347821505,0.698297503061386,2132.3023928850557,1.1323023928850557,-0.12449990499963426,83.38017120120934,16.61982879879066,2435.525027423515
2019-02-04,2132.3023928850557,1663.7894236223551,483.88323753343724,0.007208296685321525,0.7309426677116626,2147.6726611557924,1.1476726611557924,-0.11818904056684443,77.46941392488414,22.530586075115863,2435.525027423515
2019-02-05,2147.6726611557924,1860.809179132753,296.7591391307171,0.004607618882829234,1.5287304742542198,2157.56831826347,1.1575683182634697,-0.11412599173907445,86.24566663225917,13.754333367740829,2435.525027423515
2019-02-06,2157.56831826347,1867.9286325340179,283.6836012508138,-0.0027605542907821468,0.20696694174806232,2151.612233784832,1.151612233784832,-0.11657149503367159,86.81530078717785,13.18469921282215,2435.525027423515
2019-02-07,2151.612233784832,1653.8552119373646,477.7915964428048,-0.009279286058688219,0.34445550938014674,2131.646808380169,1.1316468083801694,-0.12476908084365346,77.58579917815388,22.414200821846137,2435.525027423515
2019-02-08,2131.646808380169,1711.4718759538357,425.7117687711664,0.002597445469421089,0.6175929048674281,2137.183644725002,1.137183644725002,-0.1224957162579936,80.08071183672453,19.91928816327546,2435.525027423515
2019-02-11,2137.183644725002,1752.3862411006407,381.1838956703117,-0.0016907802766357172,0.4560408877242568,2133.5701367709526,1.1335701367709525,-0.1239793831936079,82.13398804656997,17.866011953430025,2435.525027423515
2019-02-12,2133.5701367709526,1802.582881916355,354.9672876000912,0.011239392758742861,0.627735195067717,2157.550169516446,1.1575501695164463,-0.11413344341656462,83.54766936058562,16.45233063941438,2435.525027423515
2019-02-13,2157.550169516446,1871.163372032374,286.914361079842,0.0002445197350324779,0.7589948556841304,2158.077733112216,1.1580777331122158,-0.11391683156087462,86.70509608261071,13.294903917389291,2435.525027423515
2019-02-14,2158.077733112216,1813.4740140135264,337.0144806557452,-0.0035166659321393956,0.18516514303845544,2150.4884946692714,1.1504884946692715,-0.11703289005236672,84.32846855534676,15.67153144465325,2435.525027423515
2019-02-15,2150.4884946692714,1941.477920912189,229.80606855176717,0.009670126041703364,0.6034130199404424,2171.283989463956,1.171283989463956,-0.1084944868084946,89.41612107550696,10.583878924493034,2435.525027423515
2019-02-18,2171.283989463956,2043.561401848429,126.98695620386175,-0.00033880018239651477,0.7356314116651447,2170.548358052291,1.170548358052291,-0.10879652903897141,94.14954494182236,5.85045505817763,2435.525027423515
2019-02-19,2170.548358052291,2052.255412581103,126.98695620386175,0.004005444384789003,0.0,2179.2423687849646,1.1792423687849647,-0.105226863100506,94.17288512637246,5.827114873627537,2435.525027423515
2019-02-20,2179.2423687849646,2120.5896317396146,60.24449693129433,0.0007304189330861188,0.2900133127326028,2180.8341286709087,1.1808341286709085,-0.10457330386049768,97.23754795748681,2.7624520425131935,2435.525027423515
2019-02-21,2180.8341286709087,2115.410550059073,60.24449693129433,-0.0023748168705053363,0.0,2175.6550469903673,1.1756550469903675,-0.1066997782847906,97.23097202313244,2.76902797686756,2435.525027423515
2019-02-22,2175.6550469903673,2129.5523786293165,63.75466984509546,0.00811341922445985,0.23518447815070692,2193.307048474412,1.193307048474412,-0.09945205909271215,97.09321729990148,2.90678270009851,2435.525027423515
2019-02-25,2193.307048474412,2136.405369156281,63.75466984509546,0.003124501210047592,0.0,2200.1600390013764,1.2001600390013762,-0.09663829596164142,97.1022712568658,2.8977287431341976,2435.525027423515
2019-02-26,2200.1600390013764,2199.8421226020514,0.0,-0.00014449694280838088,0.08287747904292005,2199.8421226020514,1.1998421226020515,-0.09676882896612526,100.0,0.0,2435.525027423515
2019-02-27,2199.8421226020514,2204.1416613143897,0.0,0.001954476036331476,0.4631246573899057,2204.1416613143897,1.2041416613143898,-0.09500348528707192,100.0,0.0,2435.525027423515
2019-02-28,2204.1416613143897,2195.1874779104637,0.0,-0.00406243553265373,0.0,2195.1874779104637,1.1951874779104639,-0.09867997528536943,100.0,0.0,2435.525027423515
2019-03-01,2195.1874779104637,2142.2049858085516,57.58162475721,0.0020950978909901607,0.18646676674980886,2199.7866105657617,1.199786610565762,-0.09679162160248278,97.38239952545212,2.6176004745478756,2435.525027423515
2019-03-04,2199.7866105657617,2194.128703870092,0.0,-0.002572025244855225,0.18158762257835898,2194.128703870092,1.194128703870092,-0.0991146963530859,100.0,0.0,2435.525027423515
2019-03-05,2194.128703870092,2088.594297546726,109.37731588792408,0.0017514512971730234,0.32911930558051394,2197.97161343465,1.19797161343465,-0.0975368396194094,95.02371571955808,4.976284280441918,2435.525027423515
2019-03-06,2197.97161343465,2135.7383807274837,54.88275889210139,-0.0033442078005633258,0.06653144376456294,2190.621139619585,1.190621139619585,-0.10055486396007518,97.49464853143743,2.5053514685625706,2435.525027423515
2019-03-07,2190.621139619585,2058.313506752791,114.93662227066558,-0.00792971923896646,0.3592271829968349,2173.250129023457,1.1732501290234567,-0.10768721135972581,94.71130263674195,5.288697363258043,2435.525027423515
2019-03-08,2173.250129023457,1807.2781843439484,361.79964886355503,-0.0019198415130560198,0.4087059736879153,2169.0778332075033,1.1690778332075031,-0.10940031049398824,83.32011681072102,16.679883189278975,2435.525027423515
2019-03-11,2169.0778332075033,1823.3364312275608,361.2676059790455,0.00715797458320977,0.24536622220494947,2184.6040372066063,1.1846040372066065,-0.1030254205526897,83.46301664621161,16.536983353788386,2435.525027423515
2019-03-12,2184.6040372066063,1751.0481013734493,436.53048521251577,0.0013615965770905625,0.39032222880534584,2187.5785865859652,1.1875785865859654,-0.10180410303557685,80.04503756394026,19.95496243605973,2435.525027423515
2019-03-13,2187.5785865859652,1912.837359329814,287.5816738114005,0.005869707554272852,0.2576138972791448,2200.4190331412146,1.2004190331412148,-0.0965319557939478,86.93059506030257,13.069404939697439,2435.525027423515
2019-03-14,2200.4190331412146,1916.9542648800261,274.74806405167453,-0.00396138375383448,0.3043150909772079,2191.702328931701,1.1917023289317008,-0.10011093942637439,87.46417063919466,12.535829360805337,2435.525027423515
2019-03-15,2191.702328931701,1850.350403016547,345.8115522132863,0.002034777368834728,0.2467102496140206,2196.1619552298334,1.1961619552298335,-0.09827986553145718,84.25382283898564,15.746177161014351,2435.525027423515
2019-03-18,2196.1619552298334,1909.1035835616556,288.89728280294383,0.0008373294739885129,0.07139551677123741,2198.0008663645995,1.1980008663645996,-0.09752482868557777,86.85636174107756,13.143638258922424,2435.525027423515
2019-03-19,2198.0008663645995,1980.5966894953249,219.2232613215772,0.0008276086147824824,0.5768253148826072,2199.8199508169023,1.1998199508169023,-0.09677793245917066,90.0344907209261,9.965509279073895,2435.525027423515
2019-03-20,2199.8199508169023,1973.2406412252894,219.86418479072393,-0.0030525792796793905,0.11781029096631729,2193.1048260160132,1.1931048260160133,-0.099535089427495,89.9747525889983,10.02524741100171,2435.525027423515
2019-03-21,2193.1048260160132,2039.1628938488977,172.67172636186538,0.008540309597865559,0.46812832360942613,2211.834620210763,1.2118346202107633,-0.09184484030919138,92.193280420513,7.806719579486991,2435.525027423515
2019-03-22,2211.834620210763,1950.6074363182338,220.80317509238532,-0.0182762347739599,0.3802869286908251,2171.410611410619,1.1714106114106189,-0.10844249721888366,89.83134862047376,10.168651379526251,2435.525027423515
2019-03-25,2171.410611410619,1846.2544465939277,325.4821450974896,0.00015012373941858392,0.22944661410316985,2171.7365916914173,1.1717365916914173,-0.10830865327265937,85.01281663979361,14.987183360206396,2435.525027423515
2019-03-26,2171.7365916914173,1723.8471694514687,456.9210989179281,0.004158734863396019,0.2866045960547107,2180.768268369397,1.180768268369397,-0.10460034538163598,79.04770050329203,20.95229949670796,2435.525027423515
2019-03-27,2180.768268369397,1938.0103434231132,229.3176119224355,-0.006163109221090202,0.23694264276413093,2167.3279553455486,1.1673279553455487,-0.11011879124957535,89.41933954402973,10.580660455970273,2435.525027423515
2019-03-28,2167.3279553455486,2001.9377837792429,171.0397562501082,0.0026067050304354744,0.0650823298035379,2172.977540029351,1.172977540029351,-0.1077991334262357,92.1287839796173,7.871216020382701,2435.525027423515
2019-03-29,2172.977540029351,2014.6363710718251,171.0397562501082,0.005843864954264921,0.0,2185.6761273219336,1.1856761273219334,-0.10258523204990044,92.17451505682682,7.825484943173164,2435.525027423515
2019-04-01,2185.6761273219336,1737.5461916755364,467.74961127976377,0.008976478897358975,0.6095588606505822,2205.2958029553,1.2052958029553,-0.09452960732321813,78.7897110830694,21.210288916930605,2435.525027423515
2019-04-02,2205.2958029553,1774.4906784415173,431.0588531330284,0.00011505423395141712,0.41206483648668146,2205.5495315745457,1.2055495315745457,-0.09442542912082286,80.45571650230431,19.544283497695684,2435.525027423515
2019-04-03,2205.5495315745457,1792.8392347648041,413.28947229561777,0.0002625991743032685,0.25106487460969673,2206.128707060422,1.2061287070604223,-0.09418762598623998,81.26630277857588,18.7336972214241,2435.525027423515
2019-04-04,2206.128707060422,1780.9067359732667,431.3845918694273,0.0027934094518371477,0.2492855989162996,2212.291327842694,1.2122913278426939,-0.09165732113907887,80.50055223558236,19.499447764417628,2435.525027423515
2019-04-05,2212.291327842694,1831.1740993698081,384.68614892400996,0.0016132235416772556,0.060168961675866786,2215.860248293818,1.2158602482938181,-0.09019196134563034,82.63942190306392,17.360578096936077,2435.525027423515
2019-04-08,2215.860248293818,1928.1788598717067,288.9228079170281,0.0005602426849222741,0.10244186042644196,2217.1016677887346,1.2171016677887345,-0.08968224804729075,86.96844569129794,13.03155430870206,2435.525027423515
2019-04-09,2217.1016677887346,1870.8533300757658,337.32733273532943,-0.004023723903711085,0.05770366730424797,2208.1806628110953,1.2081806628110954,-0.09334511534579548,84.72374392112015,15.276256078879854,2435.525027423515
2019-04-10,2208.1806628110953,1878.8087928409252,335.8250389600334,0.0029223917673693034,0.20245320687246987,2214.6338318009584,1.2146338318009584,-0.09069551457503688,84.83609190206683,15.163908097933179,2435.525027423515
2019-04-11,2214.6338318009584,1732.8599338309155,481.2920869170113,-0.00021755788524191466,0.15005043102320997,2214.1520207479266,1.2141520207479264,-0.09089334093592694,78.26291589705599,21.737084102944017,2435.525027423515
2019-04-12,2214.1520207479266,1992.5426389301472,230.27222325491738,0.003912487198693748,0.3686122396584895,2222.8148621850646,1.2228148621850647,-0.0873364727700916,89.6405127043034,10.359487295696587,2435.525027423515
2019-04-15,2222.8148621850646,1990.7424742855128,231.18010934494438,-0.00040141829613749014,0.3631054660000065,2221.922583630457,1.221922583630457,-0.08770283260813905,89.59549216304318,10.404507836956821,2435.525027423515
2019-04-16,2221.922583630457,1904.1500111173937,323.83827825957076,0.0027299356832659605,0.19209851987093435,2227.9882893769645,1.2279882893769645,-0.08521232001713352,85.46499190307104,14.535008096928955,2435.525027423515
2019-04-17,2227.9882893769645,2039.5719448327561,193.51800532102723,0.0022898059209481847,0.2201067987088847,2233.0899501537833,1.2330899501537833,-0.08311763377109826,91.33407029539046,8.665929704609548,2435.525027423515
2019-04-18,2233.0899501537833,2003.9351307145696,232.3883501140197,0.0014480073561673468,0.22518636033280706,2236.3234808285893,1.2363234808285894,-0.08178998136005866,89.60846442358525,10.391535576414757,2435.525027423515
2019-04-19,2236.3234808285893,1993.2448416080904,242.90501988421698,-7.763605657684636e-05,0.17361933628187645,2236.1498614923075,1.2361498614923074,-0.08186126756501522,89.13735505534888,10.862644944651112,2435.525027423515
2019-04-22,2236.1498614923075,1901.4012712645278,340.1862959202257,0.002431726865039785,0.09737865469069933,2241.5875671847534,1.2415875671847534,-0.07962860494351953,84.82386765075293,15.176132349247068,2435.525027423515
2019-04-23,2241.5875671847534,2109.971271280305,145.98751821350402,0.006411180414916506,0.2029752985451903,2255.9587894938086,1.2559587894938087,-0.073727937881084,93.528803855222,6.47119614477801,2435.525027423515
2019-04-24,2255.9587894938086,2100.8850445204785,145.98751821350402,-0.004027656357084686,0.0,2246.8725627339827,1.2468725627339827,-0.07745864344046727,93.50263470056943,6.497365299430564,2435.525027423515
2019-04-25,2246.8725627339827,2007.1528556631906,244.1149804691966,0.0019561738708744336,0.11029808884511798,2251.2678361323874,1.2512678361323872,-0.07565399214396451,89.15655540619373,10.843444593806263,2435.525027423515
2019-04-26,2251.2678361323874,1958.2339385084115,293.57458950065086,0.00024017216787663997,0.06904129922589365,2251.8085280090622,1.2518085280090623,-0.0754319899593896,86.96271970511566,13.03728029488435,2435.525027423515
2019-04-29,2251.8085280090622,1910.8591799951598,342.5092964285662,0.0006927535779619465,0.15721870324769152,2253.368476423726,1.2533684764237258,-0.0747914921623648,84.80012035261294,15.199879647387077,2435.525027423515
2019-04-30,2253.368476423726,1918.6547523961613,328.4423484990416,-0.002783111414816797,0.17388764608520443,2247.097100895203,1.247097100895203,-0.07736645052161328,85.38370467532552,14.61629532467449,2435.525027423515
2019-05-01,2247.097100895203,1833.7185688714737,404.3115591474384,-0.004034971551820532,0.16591901369790296,2238.0301280189124,1.2380301280189125,-0.08108925064651373,81.93448988529336,18.065510114706633,2435.525027423515
2019-05-02,2238.0301280189124,1857.050322490675,372.70756891294786,-0.0036962132509860135,0.29745242353781987,2229.757891403623,1.2297578914036231,-0.08448574073474757,83.28484135655059,16.715158643449403,2435.525027423515
2019-05-03,2229.757891403623,1845.2206598125756,405.0936034490226,0.009219104880052731,0.31692226072683005,2250.314263261598,1.2503142632615982,-0.07604551875939747,81.99835418267841,18.00164581732159,2435.525027423515
2019-05-06,2250.314263261598,1772.5318085685637,468.4704603618615,-0.004138086170096256,0.3450111509715103,2241.002268930425,1.241002268930425,-0.07986892202001761,79.09549370579394,20.90450629420607,2435.525027423515
2019-05-07,2241.002268930425,1741.8003671589809,468.4704603618615,-0.013713257606048801,0.0,2210.2708275208424,1.2102708275208425,-0.09248691652368846,78.80483900304095,21.195160996959046,2435.525027423515
2019-05-08,2210.2708275208424,1452.7772046869259,753.0184428562518,-0.002024720193536056,0.48297561676262496,2205.7956475431774,1.2057956475431775,-0.09432437658970105,65.8618220733654,34.1381779266346,2435.525027423515
2019-05-09,2205.7956475431774,1462.2753747294237,735.1482885126924,-0.003795448735419371,0.11692733503344159,2197.423663242116,1.197423663242116,-0.09776182198927375,66.5449908085525,33.4550091914475,2435.525027423515
2019-05-10,2197.423663242116,1434.0258126005228,768.9345542353551,0.0025196340998678846,0.16372789938558777,2202.9603668358777,1.2029603668358777,-0.09548851190975527,65.0953977288398,34.904602271160215,2435.525027423515
2019-05-13,2202.9603668358777,1556.846020851264,605.5362779667995,-0.01841979030975327,0.2778229130669166,2162.3822988180636,1.1623822988180637,-0.11214942385314042,71.99679823971091,28.00320176028908,2435.525027423515
2019-05-14,2162.3822988180636,1154.5738861879638,1016.8938805545362,0.004201601136580857,0.6977894774937385,2171.4677667425,1.1714677667425,-0.10841902986328789,53.170206063891214,46.829793936108786,2435.525027423515
2019-05-15,2171.4677667425,1275.8923082898618,904.549057841164,0.004132504072113186,0.22917830154452848,2180.441366131026,1.180441366131026,-0.10473456787357927,58.51532300333324,41.48467699666675,2435.525027423515
2019-05-16,2180.441366131026,1275.234053896512,917.8375235518885,0.0057925021573892455,0.2430516611751653,2193.0715774484006,1.1930715774484004,-0.09954874092655097,58.14830975011878,41.851690249881216,2435.525027423515
2019-05-17,2193.0715774484006,1417.6593130778333,767.3125995952564,-0.0036932970444742974,0.26245251168366845,2184.9719126730897,1.1849719126730895,-0.1028743749003801,64.88226712916745,35.117732870832555,2435.525027423515
2019-05-20,2184.9719126730897,1372.4078108193717,804.8149640593446,-0.003546561742705956,0.17468797810950037,2177.2227748787163,1.1772227748787163,-0.10605608632075958,63.03479031427193,36.96520968572806,2435.525027423515
2019-05-21,2177.2227748787163,1265.9564929260498,916.6043543569543,0.002451780527872316,0.12102453934736135,2182.560847283004,1.1825608472830038,-0.10386433204019085,58.0032622917247,41.996737708275305,2435.525027423515
2019-05-22,2182.560847283004,1380.6243289460344,803.9788863215584,0.0009357668021634513,0.12247846691674172,2184.603215267593,1.1846032152675932,-0.10302575803187963,63.19794456481751,36.80205543518248,2435.525027423515
2019-05-23,2184.603215267593,1348.9426357393788,818.9988365482137,-0.007626896666431682,0.2273691771334506,2167.9414722875927,1.1679414722875925,-0.1098668878878214,62.22228104322329,37.777718956776695,2435.525027423515
2019-05-24,2167.9414722875927,1325.9573372011914,842.8050601774504,0.00037866570732769667,0.2832901566134104,2168.7623973786417,1.1687623973786416,-0.10952982500330755,61.13889372131594,38.86110627868406,2435.525027423515
2019-05-27,2168.7623973786417,1325.9573372011914,842.8050601774504,0.0,0.0,2168.7623973786417,1.1687623973786416,-0.10952982500330755,61.13889372131594,38.86110627868406,2435.525027423515
2019-05-28,2168.7623973786417,1377.850310358687,783.0988964764239,-0.0036026032879279413,0.06530257697441241,2160.949206835111,1.1609492068351108,-0.11273783578355234,63.76134644907563,36.23865355092437,2435.525027423515
2019-05-29,2160.949206835111,1334.698919692712,810.0431599326379,-0.0075000037754231474,0.3127926305288576,2144.74207962535,1.1447420796253498,-0.11939230536496581,62.2312087020674,37.7687912979326,2435.525027423515
2019-05-30,2144.74207962535,1229.538579584089,918.7971013134642,0.0016755400597310288,0.3780756688286998,2148.335680897553,1.1483356808975533,-0.11791681189569736,57.23214442309127,42.76785557690872,2435.525027423515
2019-05-31,2148.335680897553,1221.2752307275507,908.7499915108953,-0.008523090139925027,0.16125809960803306,2130.025222238446,1.1300252222384461,-0.12543488641882283,57.336186350136785,42.66381364986321,2435.525027423515
2019-06-03,2130.025222238446,1406.6013252381679,709.6461071721176,-0.006468369333993862,0.36230024069780625,2116.2474324102855,1.1162474324102853,-0.13109189658009213,66.46677055320175,33.53322944679824,2435.525027423515
2019-06-04,2116.2474324102855,1257.49941596211,881.230352551486,0.0106236802743358,0.5394109527994284,2138.7297685135964,1.1387297685135964,-0.12186089470157957,58.79655459399456,41.20344540600543,2435.525027423515
2019-06-05,2138.7297685135964,1416.384974790511,734.4905220815997,0.005678944828525712,0.6978358449489893,2150.8754968721105,1.1508754968721107,-0.11687399117081898,65.85155565025846,34.148444349741546,2435.525027423515
2019-06-06,2150.8754968721105,1428.4694693366034,734.4905220815997,0.005618407278183302,0.0,2162.959991418203,1.162959991418203,-0.11191222957526004,66.04234359415908,33.95765640584092,2435.525027423515
2019-06-07,2162.959991418203,1397.076052019879,780.781978538263,0.006887801530794935,0.2869072516436631,2177.8580305581418,1.1778580305581419,-0.1057952572706482,64.14908742521826,35.85091257478175,2435.525027423515
2019-06-10,2177.8580305581418,1555.520303125165,630.1467096135822,0.003585624990718017,0.2858781795642512,2185.667012738747,1.185667012738747,-0.10258897439829928,71.16913482516361,28.830865174836383,2435.525027423515
2019-06-11,2185.667012738747,1531.814648316359,655.565267076779,0.000783697902931868,0.13483674484497918,2187.3799153931377,1.1873799153931377,-0.10188567525946723,70.02965682991771,29.97034317008229,2435.525027423515
2019-06-12,2187.3799153931377,1531.221352402714,655.565267076779,-0.00027123587881061617,0.0,2186.7866194794933,1.1867866194794932,-0.10212927608761069,70.02152559206625,29.97847440793373,2435.525027423515
2019-06-13,2186.7866194794933,1562.5234560924862,632.8858150562628,0.003943069521482823,0.13136426674853402,2195.409271148749,1.1954092711487494,-0.09858890940192,71.17230835391776,28.827691646082233,2435.525027423515
2019-06-14,2195.409271148749,1561.3847161862645,632.8858150562628,-0.000518691398996407,0.0,2194.2705312425273,1.1942705312425272,-0.09905646358157327,71.15734791835877,28.842652081641223,2435.525027423515
2019-06-17,2194.2705312425273,1538.4733595452028,658.1460505018795,0.0010704599870940967,0.1351088708786217,2196.619410047082,1.1966194100470822,-0.09809203957520629,70.03823022360652,29.96176977639348,2435.525027423515
2019-06-18,2196.619410047082,1549.9911744291542,658.1460505018795,0.0052434276194002205,0.0,2208.1372249310334,1.2081372249310336,-0.09336295046535814,70.19451313663556,29.80548686336445,2435.525027423515
2019-06-19,2208.1372249310334,1580.6076336283716,630.7197903325501,0.00144474672763506,0.17655964774546012,2211.327423960922,1.2113274239609217,-0.09205308955489022,71.47777468418461,28.52222531581538,2435.525027423515
2019-06-20,2211.327423960922,1601.0749462603087,630.7197903325501,0.00925566807075362,0.0,2231.794736592859,1.231794736592859,-0.08364943432594385,71.73934591783156,28.26065408216844,2435.525027423515
2019-06-21,2231.794736592859,1501.2865507940141,727.4680447663678,-0.0013621956278642156,0.29110847043406546,2228.754595560382,1.2287545955603818,-0.08489768306009593,67.35988582074204,32.64011417925797,2435.525027423515
2019-06-24,2228.754595560382,1533.098141205003,696.3347907673358,0.00030435670814021876,0.15102034528348754,2229.432931972339,1.229432931972339,-0.08461916553130078,68.76628218856976,31.23371781143024,2435.525027423515
2019-06-25,2229.432931972339,1565.0122985362104,650.1043465435603,-0.006421492518235317,0.14692528170530567,2215.116645079771,1.215116645079771,-0.09049727671117747,70.65146217073598,29.348537829264004,2435.525027423515
2019-06-26,2215.116645079771,1634.1567134862735,579.8031875657845,-0.0005222045666455344,0.34640995510796724,2213.959901052058,1.2139599010520579,-0.09097222318665543,73.8114865002629,26.18851349973711,2435.525027423515
2019-06-27,2213.959901052058,1614.7717119959636,599.2368212038485,2.19661375668867e-05,0.3773186644171612,2214.008533199812,1.214008533199812,-0.09095225535745777,72.93430390090697,27.06569609909304,2435.525027423515
2019-06-28,2214.008533199812,1592.4842609601922,625.4597253977074,0.0017775239341104587,0.23833833267418716,2217.9439863578996,1.2179439863578994,-0.08933640123410647,71.80002158554153,28.19997841445847,2435.525027423515
2019-07-01,2217.9439863578996,1676.9971168728227,554.2873294524652,0.006014786689583884,0.19866713700984176,2231.2844463252877,1.2312844463252879,-0.08385895394156084,75.15837434508526,24.84162565491475,2435.525027423515
2019-07-02,2231.2844463252877,1800.7879165905904,436.2595008256049,0.002582804312735165,0.29615171629934933,2237.0474174161955,1.2370474174161954,-0.08149274089672742,80.49842406427452,19.50157593572547,2435.525027423515
2019-07-03,2237.0474174161955,1893.7100174954157,355.7175937398375,0.0055341669213953,0.17631357637523956,2249.427611235253,1.2494276112352534,-0.07640956840633661,84.18630624239123,15.81369375760878,2435.525027423515
2019-07-04,2249.427611235253,2108.83838553305,140.10061676927796,-0.00021721478410097195,0.48860893292533325,2248.939002302328,1.2489390023023281,-0.07661018590253288,93.77036831030759,6.229631689692402,2435.525027423515
2019-07-05,2248.939002302328,2106.0930083062167,140.10061676927796,-0.001220743303407823,0.0,2246.1936250754948,1.2461936250754948,-0.07773740783452732,93.76275423430741,6.23724576569258,2435.525027423515
2019-07-08,2246.1936250754948,2096.785633945537,140.10061676927796,-0.004143620682017901,0.0,2236.886250714815,1.2368862507148153,-0.08155891418567573,93.73680191719593,6.263198082804062,2435.525027423515
2019-07-09,2236.886250714815,2095.8243446377933,145.71350784652623,0.002079498574421468,0.17037806965755534,2241.5378524843195,1.2415378524843197,-0.07964901725703466,93.49939561872532,6.500604381274688,2435.525027423515
2019-07-10,2241.5378524843195,2113.6447410321607,139.83017119740012,0.005325388430095446,0.2659445828697773,2253.4749122295607,1.2534749122295605,-0.0747477907819083,93.79490890098023,6.205091099019773,2435.525027423515
2019-07-11,2253.4749122295607,2069.8311616849574,187.63894854023857,0.0017729054687734003,0.15062747889186817,2257.470110225196,1.2574701102251962,-0.07310740608019084,91.68808713389696,8.311912866103041,2435.525027423515
2019-07-12,2257.470110225196,2033.9073385750905,235.0026000437161,0.00506754368166118,0.15053643807546038,2268.909938618807,1.268909938618807,-0.06841033737229396,89.64248884260371,10.357511157396283,2435.525027423515
2019-07-15,2268.909938618807,2135.318079993041,130.4079765691982,-0.0014032650667950008,0.49067373573317763,2265.726056562239,1.2657260565622392,-0.06971760460244669,94.24431845184917,5.755681548150829,2435.525027423515
2019-07-16,2265.726056562239,2130.2056912760677,130.4079765691982,-0.0022564019609371266,0.0,2260.613667845266,1.260613667845266,-0.07181669562364701,94.23130195025769,5.768698049742321,2435.525027423515
2019-07-17,2260.613667845266,2118.1791571493227,130.32134509339207,-0.005358352811383638,0.09867420537299987,2248.500502242715,1.248500502242715,-0.07679022924213141,94.2040775635404,5.795922436459589,2435.525027423515
2019-07-18,2248.500502242715,2116.0722636747255,134.66866852103814,0.000996410697179595,0.24136161352477892,2250.7409321957634,1.2507409321957637,-0.07587033315080749,94.01669616459772,5.98330383540228,2435.525027423515
2019-07-19,2250.7409321957634,2053.858077868151,187.36637876265848,-0.0042281523514435815,0.19536558698867082,2241.2244566308095,1.2412244566308095,-0.07977769417473468,91.6399993669388,8.360000633061217,2435.525027423515
2019-07-22,2241.2244566308095,1972.0184698486214,279.8705837658774,0.004758379711651717,0.28247331297392997,2251.889053614499,1.2518890536144989,-0.07539892702448647,87.57174189746789,12.428258102532102,2435.525027423515
2019-07-23,2251.889053614499,2035.8526079335902,234.50976850405118,0.008203478227975403,0.062007914125847115,2270.3623764376416,1.2703623764376415,-0.06781398225276913,89.6708221146611,10.329177885338883,2435.525027423515
2019-07-24,2270.3623764376416,2080.9196914914096,189.0461725186414,-0.00017464719804449746,0.15069218449575766,2269.965864010051,1.269965864010051,-0.06797678592882506,91.67184954117863,8.328150458821364,2435.525027423515
2019-07-25,2269.965864010051,1967.2499559561952,283.63939229166806,-0.008403877813601857,0.1063407095885866,2250.8893482478634,1.2508893482478634,-0.07580939513931961,87.3987856172291,12.601214382770905,2435.525027423515
2019-07-26,2250.8893482478634,2120.6568090568,146.39123608127966,0.007178805525377863,0.4058953261896799,2267.0480451380795,1.2670480451380794,-0.06917481051864338,93.54264959689624,6.457350403103759,2435.525027423515
2019-07-29,2267.0480451380795,2026.6816104310533,235.87631281054985,-0.0019806028840482215,0.27452522466695817,2262.557923241603,1.2625579232416029,-0.07101840557347494,89.57479451078069,10.425205489219302,2435.525027423515
2019-07-30,2262.557923241603,2055.0266983866286,205.3051386028681,-0.0009838803370464388,0.3819453281868857,2260.331836989497,1.2603318369894967,-0.0719324122977093,90.91703548819137,9.08296451180863,2435.525027423515
2019-07-31,2260.331836989497,1927.600898584242,308.10905388434026,-0.010893039737788324,0.11801479604580133,2235.7099524685823,1.2357099524685822,-0.08204188940990376,86.218737652255,13.781262347744997,2435.525027423515
2019-08-01,2235.7099524685823,1649.8324085919326,558.6617550982407,-0.012173219852762429,0.26573301890475276,2208.494163690173,1.208494163690173,-0.09321639530574344,74.70395148498955,25.29604851501046,2435.525027423515
2019-08-02,2208.494163690173,1352.7900972993407,840.9589927201309,-0.006676528248580005,0.37211725707787324,2193.7490900194716,1.1937490900194718,-0.09927056165783377,61.66567104022518,38.33432895977482,2435.525027423515
2019-08-05,2193.7490900194716,1339.894434587911,807.8939791953579,-0.020950744296739376,0.3293697591844502,2147.788413783269,1.1477884137832688,-0.11814151380108617,62.3848432177602,37.6151567822398,2435.525027423515
2019-08-06,2147.788413783269,1144.6081345983866,1017.1409646361406,0.006500028290341353,0.23249452435541815,2161.7490992345274,1.1617490992345276,-0.11240940869271576,52.94824154217023,47.05175845782977,2435.525027423515
2019-08-07,2161.7490992345274,1192.9520943700666,967.0321832659661,-0.0008163859529857209,0.06609797053309768,2159.984277636033,1.159984277636033,-0.11313402518346127,55.22966563792203,44.77033436207795,2435.525027423515
2019-08-08,2159.984277636033,1282.4108231695673,899.8147558294093,0.010296973729496672,0.17869318560449302,2182.2255789989767,1.1822255789989766,-0.10400198953919093,58.76618968776961,41.23381031223038,2435.525027423515
2019-08-09,2182.2255789989767,1365.1702161309825,803.7452590935486,-0.006099325341310968,0.23258580081118746,2168.9154752245313,1.1689154752245314,-0.10946697291015883,62.942527347205946,37.05747265279405,2435.525027423515
2019-08-12,2168.9154752245313,1248.8230048999453,903.4894308514431,-0.007654996085739163,0.2253504921115687,2152.3124357513884,1.1523124357513885,-0.11628399974675296,58.02238486179502,41.977615138204975,2435.525027423515
2019-08-13,2152.3124357513884,1222.8687545441526,949.3647121352534,0.009255640861947079,0.18489187271225788,2172.233466679406,1.1722334666794056,-0.10810464182445256,56.29545687892822,43.70454312107178,2435.525027423515
2019-08-14,2172.233466679406,1229.8101947120583,904.9114745314785,-0.017268768763245124,0.18580325160729352,2134.721669243537,1.134721669243537,-0.12350657652579777,57.60986138993266,42.39013861006734,2435.525027423515
2019-08-15,2134.721669243537,1232.2828943632965,914.3448269867147,0.005577332294890436,0.5358884033726504,2146.627721350011,1.1466277213500113,-0.11861808144879604,57.40552412079703,42.59447587920297,2435.525027423515
2019-08-16,2146.627721350011,1165.0098837890841,996.5623214294011,0.006961842391132178,0.08626348310402195,2161.572205218485,1.161572205218485,-0.11248203944544888,53.89641303568338,46.103586964316634,2435.525027423515
2019-08-19,2161.572205218485,1232.2040891336042,945.3531887447292,0.007395113899622219,0.334651038357997,2177.5572778783335,1.1775572778783334,-0.10591874303918758,56.58652939472534,43.413470605274654,2435.525027423515
2019-08-20,2177.5572778783335,1204.0515339122414,960.425042770817,-0.006007052640204291,0.2619915872714269,2164.4765766830583,1.1644765766830583,-0.11128953621437121,55.627838475267055,44.37216152473296,2435.525027423515
2019-08-21,2164.4765766830583,1293.7555865838424,878.9897840936287,0.003820227986520708,0.3288251838637846,2172.7453706774713,1.1727453706774713,-0.10789445962870359,59.54474021870514,40.45525978129485,2435.525027423515
2019-08-22,2172.7453706774713,1472.052468231633,702.6397708487524,0.0008960407552527361,0.307260841017614,2174.692239080385,1.1746922390803851,-0.10709509670654405,67.69015135926183,32.309848640738174,2435.525027423515
2019-08-23,2174.692239080385,1368.1171754042996,767.467325738873,-0.017983113764065473,0.07111158361606607,2135.5845011431725,1.1355845011431724,-0.1231523071629621,64.06289119779387,35.93710880220613,2435.525027423515
2019-08-26,2135.5845011431725,1446.831769566443,711.114795288079,0.010471167822850846,0.7467050929785233,2157.946564854522,1.1579465648545222,-0.11397068781618591,67.04669119849042,32.95330880150959,2435.525027423515
2019-08-27,2157.946564854522,1420.1207803620941,741.1349029355434,0.0015334570823066773,0.6592287331985508,2161.2556832976375,1.1612556832976373,-0.11261199989228632,65.70813399529287,34.29186600470713,2435.525027423515
2019-08-28,2161.2556832976375,1375.9500224108608,792.1194677968455,0.003152707457394488,0.34094941228852244,2168.069490207706,1.168069490207706,-0.10981432512674438,63.46429524632264,36.535704753677365,2435.525027423515
2019-08-29,2168.069490207706,1372.279692987917,812.7341435505828,0.007815407396914553,0.2919152773070078,2185.0138365385,1.1850138365385,-0.1028571614187126,62.8041649000211,37.19583509997889,2435.525027423515
2019-08-30,2185.0138365385,1394.3074089165284,788.7087868868605,-0.0009142462632072412,0.32398741870908443,2183.0161958033887,1.1830161958033885,-0.10367737090644868,63.87068550370505,36.12931449629496,2435.525027423515
2019-09-02,2183.0161958033887,1412.5398914021928,770.3369149730087,-6.385176090550893e-05,0.13938942818716818,2182.8768063752013,1.1828768063752015,-0.10373460268465573,64.71001420129615,35.289985798703846,2435.525027423515
2019-09-03,2182.8768063752013,1273.7447430471902,898.7031314433132,-0.004777609003971062,0.128494711181486,2172.4478744905036,1.1724478744905036,-0.10801660831681725,58.63177469083888,41.36822530916111,2435.525027423515
2019-09-04,2172.4478744905036,1468.5218217204506,723.7229205376094,0.009112700930603124,0.4263709592250195,2192.24474225806,1.19224474225806,-0.09988823043334338,66.98712937533796,33.01287062466206,2435.525027423515
2019-09-05,2192.24474225806,1481.5064954862148,730.2786995660773,0.008913444935032766,0.46954785327611004,2211.7851950522922,1.2117851950522924,-0.0918651337399361,66.98238593875696,33.01761406124303,2435.525027423515
2019-09-06,2211.7851950522922,1437.842926706269,773.8597936300946,-3.7288754854203354e-05,0.2650246382074539,2211.7027203363637,1.2117027203363637,-0.0918989969583387,65.01067767767617,34.98932232232383,2435.525027423515
2019-09-09,2211.7027203363637,1458.8775360198247,756.5088610267061,0.0016655388069546362,0.12628014099715598,2215.386397046531,1.2153863970465308,-0.09038651949713838,65.8520580411952,34.14794195880479,2435.525027423515
2019-09-10,2215.386397046531,1519.0631695712332,699.4079325221359,0.0013924004638425913,0.18777180834776566,2218.471102093369,1.218471102093369,-0.08911997326496868,68.4734260517449,31.5265739482551,2435.525027423515
2019-09-11,2218.471102093369,1544.6283629377633,686.3654407009515,0.005644744046261918,0.30418613747248346,2230.993803638715,1.230993803638715,-0.08397828865719725,69.23499116933894,30.76500883066105,2435.525027423515
2019-09-12,2230.993803638715,1522.2440394918362,709.736759760787,0.0004424017728326124,0.12490503334949034,2231.980799252623,1.2319807992526228,-0.08357303902814606,68.20148452896899,31.798515471031013,2435.525027423515
2019-09-13,2231.980799252623,1594.5246277807457,637.5364464530837,3.596580276732375e-05,0.17235333338017542,2232.0610742338295,1.2320610742338296,-0.08354007899681704,71.43732069822853,28.56267930177146,2435.525027423515
2019-09-16,2232.0610742338295,1582.926681666753,637.5364464530837,-0.005196070236551997,0.0,2220.4631281198367,1.2204631281198366,-0.08830206911533456,71.28813181451413,28.711868185485866,2435.525027423515
2019-09-17,2220.4631281198367,1402.9566475289998,820.1413624071871,0.0011866361494510258,0.46457624579613516,2223.098009936187,1.2230980099361868,-0.08722021539316704,63.10817792371066,36.89182207628934,2435.525027423515
2019-09-18,2223.098009936187,1431.6157639281519,793.745252556859,0.001017951767627645,0.2183224203506166,2225.3610164850106,1.2253610164850106,-0.08629104959797185,64.33184338734438,35.668156612655636,2435.525027423515
2019-09-19,2225.3610164850106,1608.849659051713,611.6872674770489,-0.0021677785853679854,0.28701205632885224,2220.536926528762,1.2205369265287618,-0.08827176829391237,72.45318192328986,27.546818076710146,2435.525027423515
2019-09-20,2220.536926528762,1601.6280615024032,605.3166486457516,-0.006121139539820741,0.2843313166379761,2206.9447101481546,1.2069447101481545,-0.09385258402257934,72.57218788208264,27.427812117917355,2435.525027423515
2019-09-23,2206.9447101481546,1713.6001902444805,496.2539947929086,0.00131832704093382,0.308564990426168,2209.854185037389,1.209854185037389,-0.09265798538102399,77.54358644326062,22.45641355673937,2435.525027423515
2019-09-24,2209.854185037389,1806.1113758404551,386.606666055406,-0.00775442255763048,0.11781632613691702,2192.718041895861,1.1927180418958612,-0.09969389876667123,82.36861016014903,17.631389839850968,2435.525027423515
2019-09-25,2192.718041895861,1865.5293275407776,345.96767746426696,0.008564239792977268,0.2509607298165437,2211.4970050050447,1.2114970050050449,-0.09198346142862857,84.35595089293471,15.644049107065271,2435.525027423515
2019-09-26,2211.4970050050447,1797.1360569847575,407.308977082212,-0.003188777069159543,0.07205015555960663,2204.4450340669696,1.2044450340669695,-0.09487892374524254,81.52328723158183,18.476712768418167,2435.525027423515
2019-09-27,2204.4450340669696,1789.6013349391324,405.95625484534554,-0.004031601670782092,0.12572511435969835,2195.557589784478,1.1955575897844777,-0.09852801138853129,81.5101067385258,18.4898932614742,2435.525027423515
2019-09-30,2195.557589784478,1682.8755610395856,519.7595066206272,0.0032235446287836034,0.2409751704335831,2202.635067660213,1.2026350676602129,-0.09562207620164387,76.40283157878028,23.597168421219713,2435.525027423515
2019-10-01,2202.635067660213,1662.6815342015027,521.5510562997275,-0.008354755369681333,0.12567025137575158,2184.2325905012303,1.1842325905012303,-0.10317793251671947,76.12200007600637,23.877999923993613,2435.525027423515
2019-10-02,2184.2325905012303,1451.0956510183573,706.220480786917,-0.012323073473498147,0.44300437524591313,2157.3161318052744,1.1573161318052745,-0.11422953674697045,67.2639317726725,32.7360682273275,2435.525027423515
2019-10-03,2157.3161318052744,1088.6820496892633,1078.2033161337936,0.00443571244691654,0.4547497688437161,2166.885365823057,1.166885365823057,-0.11030051367800797,50.2417925221321,49.758207477867906,2435.525027423515
2019-10-04,2166.885365823057,1238.3493822408825,947.7349146050221,0.008860150760931162,0.27743294256512174,2186.0842968459046,1.1860842968459044,-0.10241764209727211,56.646918146184035,43.35308185381596,2435.525027423515
2019-10-07,2186.0842968459046,1662.8710045273215,517.074697200954,-0.002808032209227096,0.6821099467602139,2179.9457017282757,1.1799457017282755,-0.10493808226869694,76.28038639719264,23.71961360280734,2435.525027423515
2019-10-08,2179.9457017282757,1493.2058725822676,665.8089527398621,-0.009601558602836735,0.2855672326667669,2159.0148253221296,1.1590148253221297,-0.11353207172496149,69.16144600162613,30.838553998373865,2435.525027423515
2019-10-09,2159.0148253221296,1296.3882924308605,876.6444887417198,0.006492755717117049,0.4552840453954083,2173.03278117258,1.17303278117258,-0.10777645201561292,59.65801821596646,40.34198178403354,2435.525027423515
2019-10-10,2173.03278117258,1503.6996671456645,678.8655686559349,0.004386705396996149,0.2071754604964201,2182.5652358015996,1.1825652358015994,-0.1038625301623427,68.89597811235157,31.10402188764842,2435.525027423515
2019-10-11,2182.5652358015996,1473.3290935011416,727.1255841371169,0.008196521021782255,0.3961611300830947,2200.4546776382585,1.2004546776382585,-0.09651732055241158,66.95566641174638,33.044333588253615,2435.525027423515
2019-10-14,2200.4546776382585,1585.329314339029,611.1020281591431,-0.0018284108193515891,0.13538229592869305,2196.431342498172,1.196431342498172,-0.09816925805861032,72.17750373821887,27.822496261781133,2435.525027423515
2019-10-15,2196.431342498172,1811.8687904015178,404.25536182131617,0.008965820758259468,0.3504117967682252,2216.124152222834,1.2161241522228337,-0.0900836052720757,81.75845151022624,18.241548489773773,2435.525027423515
2019-10-16,2216.124152222834,1771.2799783799167,442.96424856072105,-0.0008482942078449351,0.2605818838455339,2214.244226940638,1.2142442269406377,-0.09085548207934657,79.9947881461679,20.005211853832083,2435.525027423515
2019-10-17,2214.244226940638,1846.7164732541721,368.80374122823974,0.000576263235215535,0.2369632618667178,2215.520214482412,1.215520214482412,-0.09033157551817106,83.35362779281165,16.64637220718834,2435.525027423515
2019-10-18,2215.520214482412,1862.914069593643,332.1919406647375,-0.00921418098132798,0.13609150762415703,2195.1060102583806,1.1951060102583808,-0.0987134250143461,84.86670169402724,15.133298305972747,2435.525027423515
2019-10-21,2195.1060102583806,1723.1962556419944,487.3549192055811,0.007036181631782323,0.44641640739254673,2210.5511748475756,1.2105511748475757,-0.09237180897046005,77.95323968289557,22.046760317104432,2435.525027423515
2019-10-22,2210.5511748475756,1901.481780558395,306.82040116723437,-0.0010173902090736542,0.2005953393734905,2208.3021817256295,1.2083021817256294,-0.0932952210054927,86.10604999142481,13.893950008575198,2435.525027423515
2019-10-23,2208.3021817256295,1970.2522776742774,245.29336541292227,0.0032801042454750906,0.07354366770337115,2215.5456430871996,1.2155456430871996,-0.09032113481052029,88.92853477524733,11.071465224752673,2435.525027423515
2019-10-24,2215.5456430871996,1996.741543129049,245.29336541292227,0.011956091059293517,0.0,2242.034908541971,1.2420349085419713,-0.0794449314636001,89.05934227525297,10.940657724747034,2435.525027423515
2019-10-25,2242.034908541971,1967.4059997976983,311.2947455165397,0.016353820644171346,0.09899178095654307,2278.700745314238,1.2787007453142376,-0.06439033897967283,86.33893695095047,13.661063049049535,2435.525027423515
2019-10-28,2278.700745314238,1981.2631430370907,311.2947455165397,0.006081159743282605,0.0,2292.5578885536306,1.2925578885536306,-0.058700747173649814,86.42150991821039,13.578490081789596,2435.525027423515
2019-10-29,2292.5578885536306,1957.5129768022653,318.2488270867656,-0.007326351386135022,0.16199076790543632,2275.761803889031,1.275761803889031,-0.06559703625936208,86.01572332645215,13.984276673547852,2435.525027423515
2019-10-30,2275.761803889031,1833.9583475464053,442.36661139080377,0.0002474578170772457,0.14262825428557419,2276.324958937209,1.276324958937209,-0.06536581094168437,80.5666317695985,19.43336823040151,2435.525027423515
2019-10-31,2276.324958937209,1970.9494104607616,299.0824967061414,-0.002764566520082612,0.43394525928083855,2270.031907166903,1.2700319071669028,-0.06794966932927948,86.82474480812876,13.175255191871255,2435.525027423515
2019-11-01,2270.031907166903,1995.3810115747103,299.0824967061414,0.010762668593694125,0.0,2294.463508280852,1.294463508280852,-0.05791832050762746,86.96503580785942,13.034964192140574,2435.525027423515
2019-11-04,2294.463508280852,1955.7115686492598,362.0844107069936,0.010169031231568093,0.19930112682528547,2317.795979356253,1.3177959793562533,-0.04833826248618134,84.37807236133186,15.621927638668149,2435.525027423515
2019-11-05,2317.795979356253,1876.3494619002604,441.184805436844,-0.0001129141742758355,0.300143011966222,2317.534267337104,1.3175342673371042,-0.04844571858546265,80.96318092660721,19.036819073392802,2435.525027423515
2019-11-06,2317.534267337104,1933.7764494406047,386.1940090254881,0.0010511996147473113,0.06170219736288257,2319.9704584660926,1.3199704584660927,-0.04744544509142856,83.35349454058006,16.64650545941995,2435.525027423515
2019-11-07,2319.9704584660926,1951.059489305025,386.53890440667755,0.007598344703606763,0.12283867100476847,2337.5983937117026,1.3375983937117026,-0.04020760723424255,83.46427232981965,16.535727670180357,2435.525027423515
2019-11-08,2337.5983937117026,2066.5656343890864,278.16044597577996,0.003049149363012038,0.12507708513707705,2344.7260803648664,1.3447260803648664,-0.03728105687121708,88.13676154732347,11.863238452676526,2435.525027423515
2019-11-11,2344.7260803648664,2004.5960964534706,334.8955496218678,-0.0022324289107209516,0.06531900168481365,2339.4916460753384,1.3394916460753383,-0.039430258472756496,85.68511453401945,14.314885465980554,2435.525027423515
2019-11-12,2339.4916460753384,2010.3930884017668,334.0912706464362,0.0021341016460736384,0.12182165004062415,2344.4843590482033,1.3444843590482032,-0.037380305006194714,85.74990405216145,14.250095947838535,2435.525027423515
2019-11-13,2344.4843590482033,2051.813942111855,292.90934842970705,0.00010191217204624792,0.1511964513181141,2344.723290541562,1.344723290541562,-0.03728220234222346,87.50772214310825,12.492277856891745,2435.525027423515
2019-11-14,2344.723290541562,2169.4563041180845,175.72852358628174,0.00019684078060122623,0.1257232043350534,2345.1848277043664,1.3451848277043665,-0.03709270021943378,92.50683692345488,7.493163076545114,2435.525027423515
2019-11-15,2345.1848277043664,2185.7780231910883,167.3033202720123,0.0033671187300250427,0.20988170687117227,2353.0813434631004,1.3530813434631006,-0.03385047701506472,92.89003243611685,7.109967563883149,2435.525027423515
2019-11-18,2353.0813434631004,2035.4252845880724,320.6141990027923,0.0012571346655660953,0.2605296512667332,2356.0394835908646,1.3560394835908647,-0.032635896957600274,86.39181553468107,13.608184465318926,2435.525027423515
2019-11-19,2356.0394835908646,2193.913583929063,160.46727814758333,-0.0007039871469770587,0.1717775517936263,2354.3808620766463,1.3543808620766464,-0.03331690885258909,93.18431096971942,6.815689030280579,2435.525027423515
2019-11-20,2354.3808620766463,2175.4066641689487,167.9673730851825,-0.00467504004972541,0.2026884917211749,2343.374037254131,1.3433740372541312,-0.03783619101909552,92.83224229615519,7.167757703844825,2435.525027423515
2019-11-21,2343.374037254131,2178.4281525688866,167.9673730851825,0.001289375213646471,0.0,2346.395525654069,1.346395525654069,-0.036595600852327936,92.84147232430642,7.158527675693585,2435.525027423515
2019-11-22,2346.395525654069,2131.578147405339,213.050034155154,-0.0007532166142717456,0.2586499952155575,2344.6281815604934,1.3446281815604935,-0.03732125305202849,90.91326992353405,9.08673007646595,2435.525027423515
2019-11-25,2344.6281815604934,2150.6738640460344,213.02419000316115,0.008133431406599279,0.12382650233791127,2363.6980540491954,1.3636980540491956,-0.0294913714971361,90.98767333508464,9.012326664915362,2435.525027423515
2019-11-26,2363.6980540491954,2051.532731005378,308.0133045834224,-0.0017565773484825575,0.29513724908142275,2359.5460355888004,1.3595460355888003,-0.031196144970471074,86.94607776505786,13.053922234942148,2435.525027423515
2019-11-27,2359.5460355888004,2082.4761300290747,280.57321468137997,0.0014847386187064604,0.3251228887155,2363.0493447104545,1.3630493447104546,-0.029757724472957214,88.12664596660133,11.873354033398686,2435.525027423515
2019-11-28,2363.0493447104545,1879.698342383316,482.93340187179183,-0.00017672100512045041,0.4176004553467092,2362.631744255108,1.3626317442551081,-0.02992918666309874,79.55951438280316,20.440485617196824,2435.525027423515
2019-11-29,2362.631744255108,1978.987599170287,375.76554547007123,-0.003334671022645508,0.10768657051422628,2354.753144640358,1.354753144640358,-0.03316405369424735,84.04225316248757,15.95774683751243,2435.525027423515
2019-12-02,2354.753144640358,1834.9549849196228,504.20266433297786,-0.006622985268436521,0.38729523281323985,2339.1576492526005,1.3391576492526007,-0.039567393923625294,78.44511828888152,21.554881711118483,2435.525027423515
2019-12-03,2339.1576492526005,1680.2499717310548,642.9908714343617,-0.006804503361400038,0.27748211010342433,2323.2408431654167,1.3232408431654168,-0.046102660820070085,72.3235379006902,27.67646209930979,2435.525027423515
2019-12-04,2323.2408431654167,1519.643296078147,812.9520324835695,0.004026481121756742,0.18226262432622883,2332.5953285617165,1.3325953285617165,-0.042261811191768084,65.14817540233875,34.85182459766125,2435.525027423515
2019-12-05,2332.5953285617165,1634.9121037929528,699.6529504173535,0.0008444352196332883,0.12564815116145248,2334.5650542103062,1.334565054210306,-0.0414530633339506,70.03069376218265,29.96930623781736,2435.525027423515
2019-12-06,2334.5650542103062,1770.2173081348374,583.401340789985,0.008161518001031487,0.23992276259142528,2353.6186489248225,1.3536186489248228,-0.033629865255517144,75.21257995400002,24.787420045999966,2435.525027423515
2019-12-09,2353.6186489248225,1936.4915539279468,411.7001374273332,-0.0023057930697573115,0.18312613451075754,2348.19169135528,1.34819169135528,-0.03585811481503143,82.46735396675743,17.53264603324257,2435.525027423515
2019-12-10,2348.19169135528,1880.7179067085062,469.5718944450246,0.0008935002223093846,0.06644382603136945,2350.289801153531,1.3502898011535307,-0.03499665382628092,80.02068110006873,19.97931889993128,2435.525027423515
2019-12-11,2350.289801153531,2006.3828146446635,352.41912344744867,0.003621739299725313,0.12434672558092433,2358.8019380921123,1.3588019380921121,-0.03150166328307713,85.05940164978418,14.940598350215808,2435.525027423515
2019-12-12,2358.8019380921123,2085.2426872074434,294.66779295761245,0.008948840397349,0.18244930390134634,2379.910480165056,1.379910480165056,-0.022834726242699444,87.6185345871843,12.3814654128157,2435.525027423515
2019-12-13,2379.910480165056,2090.2373204479877,282.89301436374427,-0.002848907725661043,0.42966184638152144,2373.130334811732,1.3731303348117323,-0.025618579940354214,88.0793309067794,11.920669093220582,2435.525027423515
2019-12-16,2373.130334811732,1975.2872466327003,414.99897086024555,0.007229220590859287,0.29883773180755147,2390.286217492946,1.390286217492946,-0.018574561715108295,82.63810551961774,17.361894480382254,2435.525027423515
2019-12-17,2390.286217492946,2052.5342859640223,341.08769654021205,0.001395550452023775,0.3817631016374029,2393.6219825042344,1.3936219825042344,-0.01720493300108228,85.75014354675326,14.249856453246734,2435.525027423515
2019-12-18,2393.6219825042344,2108.233718915346,284.8857524167437,-0.00020993756567155852,0.06924550042695353,2393.1194713320897,1.3931194713320898,-0.017411258605001922,88.09563183829819,11.904368161701798,2435.525027423515
2019-12-19,2393.1194713320897,2177.2834657037843,227.8475578831029,0.005019202926844102,0.0685822437627887,2405.1310235868873,1.4051310235868875,-0.012479446318308107,90.52660517665674,9.473394823343257,2435.525027423515
2019-12-20,2405.1310235868873,2187.4656678222714,228.8157492027704,0.0046360856555438534,0.24434828169517328,2416.2814170250417,1.4162814170250417,-0.007901216444829773,90.53025249498913,9.46974750501088,2435.525027423515
2019-12-23,2416.2814170250417,2256.5036247689936,164.48769194765,0.0019492347449332481,0.2587683040575043,2420.9913167166437,1.420991316716644,-0.005967383025517914,93.20577109005377,6.794228909946226,2435.525027423515
2019-12-24,2420.9913167166437,2312.4870979705825,109.97706079520535,0.0006083632101339109,0.06799905555104846,2422.464158765788,1.4224641587657878,-0.005362650151677473,95.46011608067559,4.53988391932441,2435.525027423515
2019-12-25,2422.464158765788,2312.4870979705825,109.97706079520535,0.0,0.0,2422.464158765788,1.4224641587657878,-0.005362650151677473,95.46011608067559,4.53988391932441,2435.525027423515
2019-12-26,2422.464158765788,2326.544240019468,109.97706079520535,0.005802827669511235,0.0,2436.5213008146734,1.4365213008146736,0.0,95.4863082560192,4.513691743980793,2436.5213008146734
2019-12-27,2436.5213008146734,2275.056263248522,158.64276517684556,-0.0011583204252564316,0.26079791976354927,2433.6990284253675,1.4336990284253677,-0.0011583204252564316,93.48141395776909,6.518586042230921,2436.5213008146734
2019-12-30,2433.6990284253675,2359.4015323682474,52.79359185288797,-0.008835892997888672,0.11290876505506392,2412.1951242211353,1.4121951242211352,-0.009983978627810197,97.81138800411372,2.1886119958862906,2436.5213008146734
2019-12-31,2412.1951242211353,2255.8735886581762,164.17286039899304,0.0032548464911474895,0.2949889797206735,2420.0464490571694,1.4200464490571694,-0.006761628454467261,93.21612771263322,6.783872287366775,2436.5213008146734
2020-01-01,2420.0464490571694,2200.0422264156086,219.94411637800977,-2.483682227438777e-05,0.06010626355099367,2419.9863427936184,1.4199863427936186,-0.006786297339377412,90.91134885810523,9.088651141894774,2436.5213008146734
2020-01-02,2419.9863427936184,2174.679240759877,274.9433937130625,0.01224647063301565,0.055054331666719594,2449.6226344729394,1.4496226344729393,0.0,88.77609188273118,11.223908117268817,2449.6226344729394
2020-01-03,2449.6226344729394,2272.432401649389,159.36384898696508,-0.007277195918146462,0.39414891344391484,2431.7962506363538,1.4317962506363537,-0.007277195918146462,93.4466611277461,6.553338872253901,2449.6226344729394
2020-01-06,2431.7962506363538,2182.128252529223,264.2065582777277,0.005978527258109212,0.11912113926748145,2446.334810806951,1.4463348108069507,-0.0013421755741965802,89.19990194675862,10.800098053241381,2449.6226344729394
2020-01-07,2446.334810806951,2121.512515456439,319.0172148802952,-0.0023729705535693313,0.06993435539435433,2440.5297303367342,1.4405297303367344,-0.0037119611846505585,86.9283618669018,13.071638133098201,2449.6226344729394
2020-01-08,2440.5297303367342,2030.6891359283386,424.3206435437062,0.005933158262863225,0.11930955833465345,2455.009779472045,1.4550097794720451,0.0,82.71613224958487,17.283867750415123,2455.009779472045
2020-01-09,2455.009779472045,2187.9600917333705,278.52264658293836,0.004673284375564135,0.4557374479758147,2466.4827383163088,1.4664827383163086,0.0,88.70769933816501,11.292300661834991,2466.4827383163088
2020-01-10,2466.4827383163088,1996.95903595225,461.9732602251672,-0.00306121831772721,0.4922532091409085,2458.932296177417,1.4589322961774167,-0.00306121831772721,81.2124448914947,18.78755510850531,2466.4827383163088
2020-01-13,2458.932296177417,1925.8497794121847,563.2941627841599,0.012286489573500647,0.2111550898314676,2489.1439421963446,1.4891439421963444,0.0,77.3699642983633,22.630035701636697,2489.1439421963446
2020-01-14,2489.1439421963446,2072.0406205562917,414.67902989562106,-0.0009739459833297825,0.1782938037696245,2486.719650451913,1.4867196504519131,-0.0009739459833297825,83.32425491469208,16.675745085307916,2489.1439421963446
2020-01-15,2486.719650451913,2170.614661958924,310.7216584371397,-0.002164831912142229,0.11829786934937142,2481.3363203960635,1.4813363203960637,-0.0031366694661265626,87.47764839924872,12.522351600751294,2489.1439421963446
2020-01-16,2481.3363203960635,2028.8958654233843,464.9816137367979,0.005054195459532451,0.26894633746408886,2493.8774791601822,1.493877479160182,0.0,81.35507387101545,18.644926128984544,2493.8774791601822
2020-01-17,2493.8774791601822,2030.3231756377938,467.48700823552457,0.0015769438338488762,0.11501910700969117,2497.8101838733182,1.4978101838733182,0.0,81.28412594144368,18.71587405855633,2497.8101838733182
2020-01-20,2497.8101838733182,2185.5839108891532,312.0619540979753,-6.578517745292611e-05,0.1643188861897575,2497.6458649871283,1.4976458649871285,-6.578517745292611e-05,87.50575658172487,12.494243418275133,2497.8101838733182
2020-01-21,2497.6458649871283,2137.34192148832,364.18784390941056,0.001555024459251264,0.05217806787931477,2501.529765397731,1.501529765397731,0.0,85.44139474384761,14.558605256152388,2501.529765397731
2020-01-22,2501.529765397731,2141.6390119011717,364.6837601344066,0.0019160302244434213,0.1226639860958542,2506.322772035578,1.506322772035578,0.0,85.44944952009439,14.550550479905619,2506.322772035578
2020-01-23,2506.322772035578,2044.652947228444,469.7157231053066,0.0032102402723006573,0.21979665136424142,2514.3686703337507,1.5143686703337509,0.0,81.31874101648913,18.68125898351087,2514.3686703337507
2020-01-24,2514.3686703337507,2136.940856668555,366.565900847574,-0.0043199364300779974,0.1128635760979158,2503.5067575161293,1.5035067575161292,-0.0043199364300779974,85.35790248030867,14.64209751969133,2514.3686703337507
2020-01-27,2503.5067575161293,2089.5645578928143,380.7727824829,-0.01324918218847726,0.19563713911959432,2470.337340375714,1.470337340375714,-0.017511882993750505,84.58620301529393,15.413796984706075,2514.3686703337507
2020-01-28,2470.337340375714,2198.3883858281242,293.7885924202377,0.008840751226845134,0.2991861959186701,2492.176978248362,1.492176978248362,-0.008825949967966706,88.21156783870427,11.788432161295718,2514.3686703337507
2020-01-29,2492.176978248362,2101.9843356370006,396.15344543282487,0.002391805587439899,0.32925565214185254,2498.1377810698255,1.4981377810698255,-0.006455254336974692,84.14204979265905,15.857950207340945,2514.3686703337507
2020-01-30,2498.1377810698255,2096.827867200677,416.05238947270686,0.005901386110595208,0.30390737226412057,2512.880256673384,1.5128802566733839,-0.0005919631746641452,83.44320671994582,16.556793280054173,2514.3686703337507
2020-01-31,2512.880256673384,2126.750465115802,358.7835153677842,-0.010882443012226739,0.199378442699106,2485.533980483586,1.485533980483586,-0.011467964181377188,85.56513336027781,14.434866639722188,2514.3686703337507
2020-02-03,2485.533980483586,1932.1981560514791,591.3169112871275,0.015280856006495203,0.4768935899170485,2523.5150673386065,1.5235150673386064,0.0,76.56772812889315,23.432271871106856,2523.5150673386065
2020-02-04,2523.5150673386065,2028.408913525534,540.6503185377405,0.018047906792449053,0.1029101776752728,2569.0592320632745,1.5690592320632746,0.0,78.95531906037327,21.04468093962672,2569.0592320632745
2020-02-05,2569.0592320632745,2164.627820618156,408.3981780824011,0.0015440541766320592,0.31579065493808384,2573.025998700557,1.5730259987005568,0.0,84.12770884209283,15.872291157907167,2573.025998700557
2020-02-06,2573.025998700557,2136.2236835489666,447.1965414666306,0.00403968957961931,0.28624091607482455,2583.420225015597,1.583420225015597,0.0,82.68974837556942,17.31025162443058,2583.420225015597
2020-02-07,2583.420225015597,2035.9922510804545,538.0138883634621,-0.003644039587722747,0.19865851478726892,2574.0061394439167,1.5740061394439167,-0.003644039587722747,79.0981893897233,20.901810610276694,2583.420225015597
2020-02-10,2574.0061394439167,2092.9628980465354,503.46844115129966,0.008712178036515139,0.14145569642299718,2596.431339197835,1.5964313391978346,0.0,80.6092141336252,19.3907858663748,2596.431339197835
2020-02-11,2596.431339197835,2142.4633242620976,451.4792443850622,-0.0009585350912626467,0.0740319971698463,2593.9425686471595,1.5939425686471593,-0.0009585350912626467,82.59486351617547,17.405136483824542,2596.431339197835
2020-02-12,2593.9425686471595,2102.467905848854,507.32924352738087,0.006112155650903395,0.18125903401981938,2609.797149376235,1.6097971493762353,0.0,80.56058710736819,19.439412892631793,2609.797149376235
2020-02-13,2609.797149376235,2170.6004301730845,434.7179802741728,-0.0017161253050061998,0.24821128853337626,2605.3184104472575,1.6053184104472575,-0.0017161253050061998,83.31420917570131,16.68579082429868,2609.797149376235
2020-02-14,2605.3184104472575,2100.004337095245,509.49963168618655,0.001606543874786981,0.23657905349463598,2609.5039687814315,1.6095039687814316,-0.00011233846081626364,80.4752306269107,19.524769373089292,2609.797149376235
2020-02-17,2609.5039687814315,2212.4055387494745,396.9665516758769,-5.0537710483578024e-05,0.13187835608004486,2609.3720904253514,1.6093720904253512,-0.00016287049397134545,84.78689363113531,15.213106368864693,2609.797149376235
2020-02-18,2609.3720904253514,2220.205485690961,396.9665516758769,0.0029892045561867864,0.0,2617.1720373668377,1.6171720373668377,0.0,84.83223318879455,15.167766811205457,2617.1720373668377
2020-02-19,2617.1720373668377,2012.8714677540902,625.598853952904,0.008137900006598198,0.24663324351368385,2638.470321706994,1.6384703217069942,0.0,76.28933519524433,23.710664804755673,2638.470321706994
2020-02-20,2638.470321706994,2107.878659667788,516.0826173698966,-0.005499036525043355,0.13983687712412,2623.9612770376843,1.6239612770376843,-0.005499036525043355,80.3319270796356,19.6680729203644,2638.470321706994
2020-02-21,2623.9612770376843,2193.9263940836963,399.17046934805904,-0.011762526328427003,0.12798585332772236,2593.0968634317555,1.5930968634317555,-0.017196880291563632,84.60641887400267,15.393581125997313,2638.470321706994
2020-02-24,2593.0968634317555,2059.659549851656,450.8956511945613,-0.03183130701731718,0.07771635878757042,2510.555201046217,1.510555201046217,-0.048480788132580055,82.04000250595324,17.959997494046764,2638.470321706994
2020-02-25,2510.555201046217,1340.9352739082888,1128.9019543500735,-0.016218712407074953,0.8478861207240423,2469.8372282583623,1.4698372282583625,-0.06391320457966432,54.29245533131212,45.70754466868788,2638.470321706994
2020-02-26,2469.8372282583623,1357.4919674456023,1111.287374864933,-0.00042832213221311033,0.1393778513296656,2468.7793423105354,1.4687793423105355,-0.06431415127181528,54.986362862835804,45.01363713716419,2638.470321706994
2020-02-27,2468.7793423105354,1360.9848895745552,1028.3308928158926,-0.0321873885438938,0.32716648016383515,2389.3157823904476,1.3893157823904474,-0.09443143523985242,56.961281535290645,43.03871846470937,2638.470321706994
2020-02-28,2389.3157823904476,1382.7983134433803,1010.1376405434088,0.0015151499115448885,0.7267289294729147,2392.935953986789,1.3929359539867892,-0.09305936310905827,57.78668297158338,42.21331702841661,2638.470321706994
2020-03-02,2392.935953986789,1396.30264646246,1062.7726823092619,0.027639425399054174,0.754408351533379,2459.0753287717216,1.4590753287717217,-0.06799204503434042,56.78161340262383,43.218386597376174,2638.470321706994
2020-03-03,2459.0753287717216,1334.3863280043022,1083.6920881055237,-0.016671678245161026,1.194086352589117,2418.078416109826,1.4180784161098257,-0.08353018178145843,55.183749175142395,44.81625082485761,2638.470321706994
2020-03-04,2418.078416109826,1256.5639914823971,1208.2053491051013,0.019309102701800862,0.8338589498115943,2464.7693405874984,1.4647693405874982,-0.06583397193837581,50.98099732053972,49.01900267946028,2638.470321706994
2020-03-05,2464.7693405874984,1433.4842117742485,985.1837556528219,-0.018704132837614518,0.7239805821774954,2418.6679674270704,1.4186679674270706,-0.08330673741962713,59.267507201460134,40.73249279853986,2638.470321706994
2020-03-06,2418.6679674270704,1192.3067690696253,1208.8477526640222,-0.007240946640581392,0.4862310495127173,2401.1545217336475,1.4011545217336474,-0.08994446441975212,49.655561867329254,50.344438132670746,2638.470321706994
2020-03-09,2401.1545217336475,1119.1565144372319,1208.8477526640222,-0.030464617737128497,0.0,2328.0042671012543,1.3280042671012544,-0.11766895843076208,48.07364532156827,51.92635467843172,2638.470321706994
2020-03-10,2328.0042671012543,1222.4304827195494,1163.0974500362051,0.024709433082838128,0.9046835144220486,2385.5279327557546,1.3855279327557546,-0.09586705860219602,51.243603813408356,48.756396186591644,2638.470321706994
2020-03-11,2385.5279327557546,1138.0620737821948,1191.9391238839503,-0.023276497553086695,0.8248424939269235,2330.0011976661453,1.3300011976661454,-0.11691210680030717,48.843840720860534,51.15615927913946,2638.470321706994
2020-03-12,2330.0011976661453,1050.3800598473435,1163.8443975383702,-0.04968956256177026,1.1562012947025295,2214.224457385714,1.214224457385714,-0.1607923579169952,47.43783117125823,52.562168828741775,2638.470321706994
2020-03-13,2214.224457385714,1156.1304464008235,1105.6387701902863,0.02147242075969613,1.4734585025706641,2261.76921659111,1.2617692165911096,-0.14277253832143633,51.11619867845396,48.88380132154603,2638.470321706994
2020-03-16,2261.76921659111,969.1204820755261,1129.2438130170274,-0.07224650521366505,1.64079527852749,2098.364295092553,1.0983642950925532,-0.2047042266008935,46.18456787231889,53.81543212768112,2638.470321706994
2020-03-17,2098.364295092553,1014.1284853768404,1047.426928075092,-0.017541702232879985,1.7552194711845406,2061.5554134519325,1.0615554134519325,-0.21865506824492864,49.19239515753555,50.80760484246445,2638.470321706994
2020-03-18,2061.5554134519325,990.6177952405211,1029.076393102772,-0.02030565117749883,1.7013136231941512,2019.6941883432933,1.0196941883432933,-0.2345207858784537,49.047910369693206,50.952089630306794,2638.470321706994
2020-03-19,2019.6941883432933,995.3873696255289,1008.5439502900032,-0.007804581762296925,1.3031438816434675,2003.9313199155322,1.003931319915532,-0.2404950309924041,49.67173074910998,50.32826925089001,2638.470321706994
2020-03-20,2003.9313199155322,977.8119605108865,1000.6362840348213,-0.012716541288899319,1.3293759229447841,1978.448244545708,0.9784482445457079,-0.25015330728991336,49.42317612839107,50.57682387160892,2638.470321706994
2020-03-23,1978.448244545708,1032.7454647069876,988.2484479458375,0.02150456461239747,0.9756743270164389,2020.9939126528252,1.0209939126528251,-0.23402818063713682,51.100869638512215,48.89913036148778,2638.470321706994
2020-03-24,2020.9939126528252,1097.8493622750043,1009.9694593398688,0.04296148960096491,0.5274969865437813,2107.818821614873,1.107818821614873,-0.20112089028494706,52.084617094077565,47.91538290592245,2638.470321706994
2020-03-25,2107.818821614873,1040.7824880855412,1053.1628645820972,-0.006581907707136514,0.7465462253391921,2093.9453526676384,1.0939453526676384,-0.2063790388542509,49.704376800455094,50.295623199544906,2638.470321706994
2020-03-26,2093.9453526676384,1079.3874621727525,1046.2844369692386,0.015151563737770823,0.6882393645806497,2125.671899141991,1.1256718991419912,-0.19435444027782012,50.778648511486544,49.221351488513456,2638.470321706994
2020-03-27,2125.671899141991,1028.263980742524,1061.9083958159044,-0.016700377230320362,0.9275537550911818,2090.1723765584284,1.0901723765584284,-0.20780902503911314,49.19517606656017,50.80482393343983,2638.470321706994
2020-03-30,2090.1723765584284,1080.5784936071561,1044.4919358401112,0.016696255907036717,0.5942524391029547,2125.070429447267,1.125070429447267,-0.19458240179392128,50.84906733600428,49.15093266399573,2638.470321706994
2020-03-31,2125.070429447267,1060.5386845416945,1061.7202700337073,-0.0013230031498752126,0.8149446899262478,2122.2589545754017,1.1222589545754018,-0.19564797181331284,49.97216208018665,50.02783791981336,2638.470321706994
2020-04-01,2122.2589545754017,1008.2559795770642,1060.6077976721667,-0.02515959572749371,0.5216796155340347,2068.863777249231,1.068863777249231,-0.2158851436650795,48.73476884580796,51.26523115419202,2638.470321706994
2020-04-02,2068.863777249231,1042.248497076848,1034.070614069432,0.0036035885876264384,0.36127455518354035,2076.31911114628,1.07631911114628,-0.2130595163174026,50.19693222885429,49.8030677711457,2638.470321706994
2020-04-03,2076.31911114628,1034.6769565167187,1037.8094134464454,-0.0018459306965584732,0.3501421266947546,2072.486369963164,1.0724863699631642,-0.21451215391259693,49.92442756258556,50.07557243741445,2638.470321706994
2020-04-06,2072.486369963164,1104.1314154467561,1037.8094134464454,0.033512625191002954,0.0,2141.940828893202,1.1419408288932016,-0.18818839413458166,51.54817540021824,48.45182459978175,2638.470321706994
2020-04-07,2141.940828893202,1063.6928585423475,1070.0804771140436,-0.003813127387384818,0.8899373325574359,2133.7733356563913,1.1337733356563913,-0.19128393520230402,49.85032106116999,50.14967893883,2638.470321706994
2020-04-08,2133.7733356563913,1078.8710829432082,1070.0804771140436,0.007113325556761252,0.0,2148.9515600572518,1.148951560057252,-0.18553127455041507,50.20453243322363,49.79546756677637,2638.470321706994
2020-04-09,2148.9515600572518,1075.8973651101273,1070.0804771140436,-0.0013837993784289182,0.0,2145.9778422241707,1.1459778422241707,-0.18665833586644198,50.13553001064669,49.864469989353324,2638.470321706994
2020-04-10,2145.9778422241707,1180.287813223294,965.552101962425,-6.427234975936447e-05,0.13792703845156262,2145.8399151857193,1.1458399151857193,-0.18671061124635313,55.0035352064528,44.99646479354718,2638.470321706994
2020-04-13,2145.8399151857193,1222.0433081559809,965.552101962425,0.019458811739492266,0.0,2187.595410118406,1.1875954101184063,-0.17088496614086923,55.862400446791774,44.13759955320821,2638.470321706994
2020-04-14,2187.595410118406,1280.7120968397273,965.552101962425,0.02681884795167444,0.0,2246.2641988021524,1.2462641988021526,-0.14864905611335388,57.01520317702088,42.98479682297912,2638.470321706994
2020-04-15,2246.2641988021524,1216.0081886182875,1029.099394762031,-0.000514906226280365,0.4383630222889202,2245.1075833803184,1.2451075833803182,-0.14908742201511083,54.162579896835936,45.837420103164064,2638.470321706994
2020-04-16,2245.1075833803184,1468.9212858147855,816.0057840687878,0.01773611509667683,0.3969735240553005,2284.9270698835735,1.2849270698835733,-0.13399553859476088,64.28744729649655,35.71255270350343,2638.470321706994
2020-04-17,2284.9270698835735,1421.8864378248275,856.6163987500455,-0.0028115703968738526,0.23125245629451666,2278.502836574873,1.278502836574873,-0.1364303711020085,62.404418155663045,37.595581844336955,2638.470321706994
2020-04-20,2278.502836574873,1563.5686599632977,700.7395327311009,-0.0062298118100271305,0.33826313809088976,2264.3081926943987,1.2643081926943989,-0.141810247374898,69.05281997424296,30.947180025757028,2638.470321706994
2020-04-21,2264.3081926943987,1551.5230467813637,660.211578394963,-0.023218379762832808,0.21164447423662597,2211.7346251763265,1.2117346251763266,-0.16173602295991918,70.14960244869664,29.85039755130337,2638.470321706994
2020-04-22,2211.7346251763265,1817.3559819938896,441.58262353661786,0.021342515425157638,0.7643014986473857,2258.9386055305076,1.2589386055305076,-0.14384536109958712,80.45176515840221,19.548234841597786,2638.470321706994
2020-04-23,2258.9386055305076,1910.435152993767,338.7014873425996,-0.004339190613743771,0.1393034869764013,2249.1366403363663,1.2491366403363662,-0.147560379272617,84.94082212399753,15.059177876002483,2638.470321706994
2020-04-24,2249.1366403363663,1985.8613912589349,280.4499272359009,0.007636120389689083,0.692152806144902,2266.3113184948356,1.2663113184948358,-0.14105104770380184,87.62526909047249,12.374730909527509,2638.470321706994
2020-04-27,2266.3113184948356,2073.0937580567684,205.58097045353227,0.005455300829400711,0.44733122781640955,2278.6747285103006,1.2786747285103006,-0.13636522277192753,90.97804667417661,9.021953325823395,2638.470321706994
2020-04-28,2278.6747285103006,2051.2317044048723,189.5254729975177,-0.016640177131687195,0.36408771167404325,2240.75717740239,1.24075717740239,-0.15073625844208782,91.54190043843903,8.45809956156098,2638.470321706994
2020-04-29,2240.75717740239,1993.8237852847653,279.79564480942446,0.014665691143694426,0.2990023658744114,2273.6194300941897,1.2736194300941897,-0.13828121870886123,87.69382240906371,12.306177590936285,2638.470321706994
2020-04-30,2273.6194300941897,2198.2646400607728,80.51500327822731,0.002269602896820988,0.6856906537080402,2278.779643339,1.278779643339,-0.1363254592665979,96.46674905519816,3.533250944801844,2638.470321706994
2020-05-01,2278.779643339,2054.239588207755,162.49356585806953,-0.027227946087082677,0.27640866614483695,2216.7331540658242,1.2167331540658242,-0.15984154309847276,92.66968306221109,7.330316937788914,2638.470321706994
2020-05-04,2216.7331540658242,2085.902986261594,170.2254162512734,0.01777175948074139,0.2925186768668235,2256.1284025128675,1.2561284025128674,-0.14491044907670791,92.45497658459168,7.5450234154083144,2638.470321706994
2020-05-05,2256.1284025128675,2015.402882610645,260.2081619259192,0.008635431388566817,0.11434605633470962,2275.6110445365643,1.2756110445365643,-0.13752638192862943,88.56534984084192,11.434650159158085,2638.470321706994
2020-05-06,2275.6110445365643,1938.7020002355084,350.00114538720317,0.005753224443860727,0.0928614645757261,2288.7031456227114,1.2887031456227116,-0.13256437762695628,84.70744683264833,15.292553167351667,2638.470321706994
2020-05-07,2288.7031456227114,1766.107399713095,527.9756736489942,0.002350644621460507,0.1865907254776138,2294.083073362089,1.2940830733620894,-0.1305253447467618,76.98532891944404,23.014671080555964,2638.470321706994
2020-05-08,2294.083073362089,1878.0619055541233,441.0613312776076,0.0109151075479339,0.10849052279383051,2319.123236831731,1.319123236831731,-0.12103493537446997,80.98154835962217,19.018451640377823,2638.470321706994
2020-05-11,2319.123236831731,1842.3027719167835,496.58008980087794,0.008520299642603257,0.3748895202074558,2338.8828617176614,1.3388828617176616,-0.11354588964848034,78.76849251714161,21.2315074828584,2638.470321706994
2020-05-12,2338.8828617176614,2131.591149081982,166.71558117926332,-0.01734850946174249,0.34748037199853044,2298.3067302612453,1.2983067302612454,-0.12892454716931412,92.74615615991722,7.253843840082781,2638.470321706994
2020-05-13,2298.3067302612453,1839.0797979426188,441.481867504524,-0.00772092975252503,0.5001960072537927,2280.561665447143,1.2805616654471428,-0.13565005954976883,80.6415290499078,19.3584709500922,2638.470321706994
2020-05-14,2280.561665447143,1859.6622231995848,441.481867504524,0.009025156201128315,0.0,2301.1440907041087,1.301144090704109,-0.1278491663247694,80.81467956361487,19.185320436385126,2638.470321706994
2020-05-15,2301.1440907041087,1910.8746201571957,410.6349306072905,0.00885014551789598,0.283657018443335,2321.5095507644864,1.3215095507644863,-0.12013050453318941,82.31172770872011,17.688272291279876,2638.470321706994
2020-05-18,2321.5095507644864,1846.9636313910632,497.20103076900057,0.009758784489220407,0.2653015376751078,2344.164662160064,1.3441646621600638,-0.11154404774828963,78.78984190850963,21.210158091490364,2638.470321706994
2020-05-19,2344.164662160064,2103.1123712794174,233.93478829653833,-0.003036263919083848,0.4816779194681616,2337.047159575956,1.337047159575956,-0.11424163449980684,89.99015542591854,10.009844574081445,2638.470321706994
2020-05-20,2337.047159575956,2010.2150200439096,358.9437050271172,0.013740230000706344,0.6020118307219304,2369.1587250710268,1.3691587250710269,-0.10207111083278453,84.84931797820528,15.150682021794726,2638.470321706994
2020-05-21,2369.1587250710268,2111.512901045034,236.3003827760745,-0.009009713458214219,0.6154897310279424,2347.8132838211086,1.3478132838211088,-0.11016119283003378,89.93529918224624,10.06470081775376,2638.470321706994
2020-05-22,2347.8132838211086,2184.7535922040315,167.47643577335097,0.0018812161029626573,0.22451307101406037,2352.2300279773826,1.3522300279773827,-0.10848721373694459,92.88009957438732,7.119900425612682,2638.470321706994
2020-05-25,2352.2300279773826,2184.2135974075695,167.8309888240654,-7.88365693583648e-05,0.18544174574770228,2352.044586231635,1.352044586231635,-0.10855749754655264,92.86446397289778,7.135536027102209,2638.470321706994
2020-05-26,2352.044586231635,2084.1948427270368,251.92060330797474,-0.006772465237210756,0.084173788272181,2336.1154460350117,1.3361154460350115,-0.11459476090539078,89.21626053474587,10.783739465254115,2638.470321706994
2020-05-27,2336.1154460350117,1950.2565190453593,388.90366030866625,0.0013033317014281565,0.44891403050252876,2339.1601793540253,1.3391601793540255,-0.1134407841886681,83.3742185019555,16.625781498044507,2638.470321706994
2020-05-28,2339.1601793540253,2122.602574143487,205.78998029770173,-0.004603201186423322,0.6065061158888131,2328.3925544411886,1.3283925544411885,-0.11752179462272538,91.16171455259222,8.838285447407774,2638.470321706994
2020-05-29,2328.3925544411886,2064.0619698331225,290.7453784253696,0.011344647949041109,0.30369087977897713,2354.8073482584923,1.3548073482584924,-0.10751039006001861,87.65311401629556,12.346885983704423,2638.470321706994
2020-06-01,2354.8073482584923,2132.3148811201077,220.5247051154015,-0.0008356360975509958,0.23848378383217597,2352.839586235509,1.3528395862355094,-0.10825618659477376,90.62729535810658,9.37270464189342,2638.470321706994
2020-06-02,2352.839586235509,2281.176955508928,78.00969749275887,0.0026976198476551527,0.4182887150912756,2359.186653001687,1.3591866530016867,-0.1058506007847081,96.69336474952061,3.306635250479399,2638.470321706994
2020-06-03,2359.186653001687,2211.584216642704,147.23227717847286,-0.00015690118458355773,0.21688863413245194,2358.816493821177,1.3588164938211773,-0.10599089388463967,93.75821402113552,6.241785978864475,2638.470321706994
2020-06-04,2358.816493821177,2208.26697256909,138.4848819442204,-0.005114700248819548,0.26902945702526415,2346.7518545133103,1.3467518545133101,-0.11056348248213477,94.09886981966653,5.901130180333472,2638.470321706994
2020-06-05,2346.7518545133103,2168.0435345059336,219.42211314615625,0.01734899796093825,0.5858732144666673,2387.46564765209,1.38746564765209,-0.09513265015333328,90.80941276110326,9.190587238896734,2638.470321706994
2020-06-08,2387.46564765209,2210.6553493134625,198.44538935848237,0.00906194861531584,0.5100812791919823,2409.100738671945,1.409100738671945,-0.08693278872534582,91.76267782525863,8.237322174741376,2638.470321706994
2020-06-09,2409.100738671945,2122.7923675041347,286.25047833595335,-2.4030888757575752e-05,0.5472286488018815,2409.042845840088,1.409042845840088,-0.08695473054192815,88.11766761100792,11.882332388992081,2638.470321706994
2020-06-10,2409.042845840088,2111.2957626217135,316.5700016594951,0.00781344278439211,0.40932016156920303,2427.8657642812086,1.4278657642812087,-0.07982070356945759,86.96097591897885,13.039024081021156,2638.470321706994
2020-06-11,2427.8657642812086,2114.0982026646657,191.38041379192546,-0.05040935525562351,0.29319917764367637,2305.478616456591,1.305478616456591,-0.12620634862209457,91.69888575735011,8.301114242649879,2638.470321706994
2020-06-12,2305.478616456591,1593.4535448460786,708.1991591892496,-0.0016594872726009013,1.178876643547554,2301.652704035328,1.301652704035328,-0.1276563980654356,69.2308419099192,30.7691580900808,2638.470321706994
2020-06-15,2301.652704035328,1753.4182607754658,574.9304270506913,0.011598615092548448,0.4827489581409104,2328.348687826157,1.328348687826157,-0.11753842039814943,75.30737427530796,24.692625724692043,2638.470321706994
2020-06-16,2328.348687826157,2111.132223054129,248.71558071173084,0.013528521782152803,0.7503501267862778,2359.84780376586,1.3598478037658603,-0.10560001969659272,89.46052451709686,10.539475482903132,2638.470321706994
2020-06-17,2359.84780376586,2077.5792027587377,276.9366749031747,-0.0022594364329086014,0.6924784810438912,2354.5158776619123,1.3545158776619122,-0.10762085959768297,88.2380629695231,11.761937030476902,2638.470321706994
2020-06-18,2354.5158776619123,2038.1495298856782,313.44435351077857,-0.001241017014655732,0.4910968441432987,2351.593883396457,1.3515938833964571,-0.1087283172944461,86.67098278644677,13.329017213553229,2638.470321706994
2020-06-19,2351.593883396457,1931.26199845761,419.1119873533035,-0.0005187535118869047,0.8154918246354589,2350.3739858109134,1.3503739858109132,-0.10919066760989482,82.16828513745213,17.831714862547873,2638.470321706994
2020-06-22,2350.3739858109134,1871.0965445981715,503.22441970321637,0.010188582172471872,0.427148684836363,2374.320964301388,1.374320964301388,-0.10011458352683356,78.80554367883099,21.194456321169007,2638.470321706994
2020-06-23,2374.320964301388,1910.6878115244058,474.5886389728399,0.004614155525127561,0.27555388743799597,2385.2764504972456,1.3852764504972455,-0.09596237226043203,80.10341154066629,19.896588459333717,2638.470321706994
2020-06-24,2385.2764504972456,1897.0027430679074,446.97713051347176,-0.017313119788382347,0.26220395476187774,2343.9798735813793,1.3439798735813793,-0.11161408400269224,80.93084605583523,19.06915394416476,2638.470321706994
2020-06-25,2343.9798735813793,1945.826613955832,418.1246782815861,0.008520302960419501,0.4431562865174093,2363.9512922374183,1.3639512922374184,-0.10404476685262543,82.31246643471059,17.68753356528941,2638.470321706994
2020-06-26,2363.9512922374183,1787.999413723991,516.7198615985103,-0.02505636097893349,0.39448357842502635,2304.7192753225013,1.3047192753225012,-0.1264941445953306,77.57992189629232,22.420078103707674,2638.470321706994
2020-06-29,2304.7192753225013,1807.87551704715,522.8738005275484,0.011294235497967486,0.9260347730200962,2330.7493175746986,1.3307493175746985,-0.11662856375553665,77.56627893935698,22.433721060643013,2638.470321706994
2020-06-30,2330.7493175746986,1788.8398366098977,582.006868240266,0.01720364647245254,0.6804611534087827,2370.846704850164,1.3708467048501638,-0.10143135386252422,75.45151835208812,24.54848164791188,2638.470321706994
2020-07-01,2370.846704850164,1805.3842127055127,592.2564376474094,0.011301424696900098,0.4552385651316806,2397.640650352922,1.3976406503529222,-0.09127624797320599,75.29836518411415,24.701634815885853,2638.470321706994
2020-07-02,2397.640650352922,2114.088352341361,299.37884236984786,0.006600882561762278,0.3262389242673432,2413.467194711209,1.4134671947112087,-0.08527786920499314,87.59548739564819,12.404512604351806,2638.470321706994
2020-07-03,2413.467194711209,2129.5298776863606,283.66882123316833,-0.00011124899160352975,0.26849579167984844,2413.198698919529,1.4131986989195289,-0.08537963111964164,88.24511129729282,11.754888702707179,2638.470321706994
2020-07-06,2413.198698919529,2190.8975636433624,283.66882123316833,0.02543001783669041,0.0,2474.5663848765307,1.474566384876531,-0.0621208188252137,88.53662512483689,11.463374875163112,2638.470321706994
2020-07-07,2474.5663848765307,2055.691256014172,412.16149599290475,-0.002713054258913772,0.2662348198505051,2467.8527520070766,1.4678527520070768,-0.06466533593204649,83.2987808669825,16.701219133017496,2638.470321706994
2020-07-08,2467.8527520070766,2104.692215981806,385.19212199538197,0.008927431327575563,0.40987050572356365,2489.884337977188,1.489884337977188,-0.056315199950279005,84.5297182636075,15.470281736392492,2638.470321706994
2020-07-09,2489.884337977188,2218.6296625480477,292.58882782433443,0.008568330693033754,0.33874134945220047,2511.218490372382,1.5112184903723818,-0.048229396513463474,88.34873074779937,11.65126925220064,2638.470321706994
2020-07-10,2511.218490372382,2235.8710279856723,313.6361840156429,0.015247069012802372,0.2661272809049097,2549.507212001315,1.549507212001315,-0.0337176844377477,87.6981644711864,12.301835528813603,2638.470321706994
2020-07-13,2549.507212001315,2304.8061569062243,211.86755968399703,-0.012878369300756032,0.5913746494462242,2516.6737165902214,1.5166737165902213,-0.04616182494634802,91.58144505235859,8.418554947641411,2638.470321706994
2020-07-14,2516.6737165902214,2267.0911262395357,279.52887855990656,0.01189915403487185,0.10153439456264754,2546.620004799442,1.546620004799442,-0.03481195757704347,89.02353401633941,10.976465983660596,2638.470321706994
2020-07-15,2546.620004799442,2334.6407198307265,212.12659238453784,5.7844285973107645e-05,0.09174134874933841,2546.7673122152646,1.5467673122152648,-0.034756126963899625,91.6707509411206,8.32924905887939,2638.470321706994
2020-07-16,2546.7673122152646,2391.5224276226195,141.39773863422835,-0.005437146099685042,0.08933426661967418,2532.920166256848,1.5329201662568481,-0.04000429892342283,94.41759987077735,5.582400129222631,2638.470321706994
2020-07-17,2532.920166256848,2309.372700079213,210.98937589363356,-0.0049579495048041045,0.08730462777033017,2520.3620759728465,1.5203620759728467,-0.044763909134189483,91.62860852791586,8.371391472084136,2638.470321706994
2020-07-20,2520.3620759728465,2368.241018213527,198.73149139307085,0.018493546652720516,0.24446197320689408,2566.9725096065977,1.5669725096065976,-0.027098205923400287,92.2581371382303,7.741862861769701,2638.470321706994
2020-07-21,2566.9725096065977,2351.058654414964,198.73149139307085,-0.006693629843817828,0.0,2549.790145808035,1.5497901458080352,-0.033610450407335346,92.20596676476322,7.79403323523679,2638.470321706994
2020-07-22,2549.790145808035,2358.485160635614,198.73149139307085,0.002912595074876956,0.0,2557.216652028685,1.5572166520286852,-0.030795748964779324,92.22860170117328,7.77139829882672,2638.470321706994
2020-07-23,2557.216652028685,2258.6039277649174,255.5368141964575,-0.016844841845190195,0.1848510064112319,2514.140741961375,1.5141407419613753,-0.04712184128915353,89.83601793123547,10.163982068764522,2638.470321706994
2020-07-24,2514.140741961375,2092.1602943626326,396.6310771745733,-0.010082717328065427,0.33851366143348466,2488.791371537206,1.4887913715372059,-0.056729442411522446,84.06330551806785,15.936694481932145,2638.470321706994
2020-07-27,2488.791371537206,1932.5739762739415,584.9573914711364,0.011547772359127295,0.6405783023237622,2517.5313677450777,1.5175313677450775,-0.04583676873942377,76.76464337383509,23.235356626164926,2638.470321706994
2020-07-28,2517.5313677450777,2277.1112707952425,221.74469062403085,-0.007418142456962484,0.390430059358385,2498.855961419273,1.4988559614192734,-0.05291488751611029,91.12615156505113,8.873848434948876,2638.470321706994
2020-07-29,2498.855961419273,1999.3212775137167,514.1583490223179,0.005852144078146715,0.31199597576776106,2513.4796265360346,1.5134796265360348,-0.047372408983586745,79.54396194048694,20.456038059513055,2638.470321706994
2020-07-30,2513.4796265360346,1998.963436733683,514.1583490223179,-0.00014236868135142355,0.0,2513.121785756001,1.513121785756001,-0.047508033317538834,79.5410492266435,20.458950773356495,2638.470321706994
2020-07-31,2513.121785756001,1789.5181048913819,738.6316959106939,0.005979819653488816,0.5217704881301408,2528.149800802076,1.5281498008020757,-0.04181230313538076,70.78370531380865,29.21629468619134,2638.470321706994
2020-08-03,2528.149800802076,2099.723386843917,445.8217888970125,0.0068806741330498244,0.3222935974713852,2545.5451757409296,1.5455451757409295,-0.03521932583495779,82.48619615374739,17.5138038462526,2638.470321706994
2020-08-04,2545.5451757409296,2035.6148025814914,523.842052489195,0.00546510800999922,0.24077781040835006,2559.4568550706863,1.5594568550706862,-0.02994669524468596,79.53307743979425,20.466922560205756,2638.470321706994
2020-08-05,2559.4568550706863,2039.149193712228,523.842052489195,0.0013809145185372795,0.0,2562.991246201423,1.562991246201423,-0.028607134552394275,79.56130153524423,20.43869846475577,2638.470321706994
2020-08-06,2562.991246201423,2047.0100134202758,539.1566865831359,0.009042346061983952,0.4204178803218556,2586.1667000034117,1.5861667000034116,-0.019823464100874877,79.15228408971376,20.847715910286237,2638.470321706994
2020-08-07,2586.1667000034117,2165.084427398156,408.18161545315337,-0.00498833163078205,0.16049507370105737,2573.2660428513095,1.5732660428513094,-0.02471290971865081,84.13760533672347,15.862394663276532,2638.470321706994
2020-08-10,2573.2660428513095,2061.214942761338,514.1687346223764,0.0008229364928231675,0.4844739478856301,2575.3836773837147,1.5753836773837149,-0.023910310381078936,80.03525691578851,19.964743084211477,2638.470321706994
2020-08-11,2575.3836773837147,2032.3306897492962,514.9279490756485,-0.010920717874294272,0.1487864010941358,2547.2586388249447,1.5472586388249447,-0.03456991050141467,79.78501510497632,20.214984895023687,2638.470321706994
2020-08-12,2547.2586388249447,1950.3834354631451,636.5440284699495,0.015573143811752566,0.2706312362866513,2586.9274639330947,1.5869274639330948,-0.019535128877460006,75.39381999129712,24.60618000870288,2638.470321706994
2020-08-13,2586.9274639330947,2379.3006378843434,193.56074482747343,-0.005437369782255952,0.4588149675084682,2572.861382711817,1.572861382711817,-0.024866278940265163,92.47682964468692,7.523170355313072,2638.470321706994
2020-08-14,2572.861382711817,2439.2234768923113,135.00544254597224,0.0005315236707486015,0.40831443886037927,2574.2289194382834,1.5742289194382835,-0.024347972285376662,94.75549973327814,5.244500266721869,2638.470321706994
2020-08-17,2574.2289194382834,2398.032026298688,203.01739418005576,0.010418848470676423,0.21120472296666554,2601.0494204787437,1.6010494204787435,-0.014182801648509935,92.1947890500793,7.805210949920697,2638.470321706994
2020-08-18,2601.0494204787437,2392.2283208785207,228.8770512221883,0.007710715322845951,0.6273094082892526,2621.105372100709,1.621105372100709,-0.006581445871655989,91.26791873160168,8.732081268398328,2638.470321706994
2020-08-19,2621.105372100709,2389.3878803890825,218.0094540974738,-0.005229868955312633,0.41599357758555283,2607.3973344865562,1.6073973344865564,-0.011776894727523302,91.63880965842884,8.36119034157116,2638.470321706994
2020-08-20,2607.3973344865562,2480.615396087201,152.8894529974618,0.010012863882614909,0.48686079586518305,2633.504849084663,1.6335048490846629,-0.0018819512887749967,94.19444953554567,5.805550464454325,2638.470321706994
2020-08-21,2633.504849084663,2576.3373107944985,77.20097709189527,0.007607139515499295,0.25504788118273464,2653.538287886394,1.653538287886394,0.0,97.09064016734472,2.909359832655276,2653.538287886394
2020-08-24,2653.538287886394,2434.557652617698,233.95915264327553,0.005644733841964067,0.17657864081817115,2668.5168052609733,1.6685168052609733,0.0,91.23261460516098,8.767385394839025,2668.5168052609733
2020-08-25,2668.5168052609733,2533.7722302318016,139.8556557138292,0.001915326399511752,0.5925971946429046,2673.6278859456306,1.6736278859456308,0.0,94.76906803489732,5.2309319651026875,2673.6278859456306
2020-08-26,2673.6278859456306,2509.4126364699805,210.9896735049752,0.017494739741159337,0.08621222757433311,2720.4023099749556,1.7204023099749555,0.0,92.24417385872175,7.755826141278257,2720.4023099749556
2020-08-27,2720.4023099749556,2574.3587502610544,150.79092405179722,0.00174509642213172,0.3425376134785122,2725.149674312852,1.7251496743128518,0.0,94.46669203261948,5.533307967380517,2725.149674312852
2020-08-28,2725.149674312852,2524.690324621424,214.93561393897235,0.0053120987753434434,0.20778140151568278,2739.6259385603967,1.7396259385603967,0.0,92.15456347840262,7.845436521597379,2739.6259385603967
2020-08-31,2739.6259385603967,2479.1737573810215,273.62960428226626,0.004809935151152578,0.33298957377310673,2752.803361663288,1.7528033616632879,0.0,90.05996548489628,9.940034515103719,2752.803361663288
2020-09-01,2752.803361663288,2492.4885784569797,289.50467203313303,0.010603695575694072,0.26410287879197036,2781.9932504901126,1.7819932504901126,0.0,89.5936242123474,10.406375787652616,2781.9932504901126
2020-09-02,2781.9932504901126,2577.065849220959,231.48772872042204,0.009547229292015569,0.34504215375424097,2808.5535779413813,1.8085535779413813,0.0,91.75775991818186,8.242240081818142,2808.5535779413813
2020-09-03,2808.5535779413813,2630.3570041587504,69.56791970547886,-0.03867779305701369,0.6459197430557371,2699.924923864229,1.6999249238642293,-0.03867779305701369,97.42333873469671,2.5766612653032874,2808.5535779413813
2020-09-04,2699.924923864229,2544.2050416967736,134.87444091409355,-0.007720748480490092,0.1218052791173797,2679.079482610867,1.679079482610867,-0.046099920025530094,94.96564242346952,5.034357576530471,2808.5535779413813
2020-09-07,2679.079482610867,2608.5773909632126,70.30505526971517,-7.354629797984291e-05,0.19703637793948645,2678.8824462329276,1.6788824462329277,-0.046170075845054837,97.3755826662503,2.6244173337497085,2808.5535779413813
2020-09-08,2678.8824462329276,2373.9347388013666,211.34953377527208,-0.03493926125347813,0.14118566416972708,2585.2842725766386,1.5852842725766387,-0.07949618875648978,91.82490157785901,8.175098422140994,2808.5535779413813
2020-09-09,2585.2842725766386,1903.1960639772606,717.5308951155515,0.01370939625175116,0.603625044626008,2620.726959092812,1.6207269590928122,-0.06687663725690518,72.62092135825048,27.37907864174951,2808.5535779413813
2020-09-10,2620.726959092812,2103.4858973937635,482.3533144113696,-0.013312240394457553,0.41217805309615835,2585.839211805133,1.585839211805133,-0.079298599779426,81.34635316034804,18.65364683965197,2808.5535779413813
2020-09-11,2585.839211805133,1750.353253710819,835.9544231125456,0.0001811655636176912,0.6406160008798747,2586.3076768233645,1.5863076768233646,-0.07913180039133128,67.67768852082952,32.32231147917047,2808.5535779413813
2020-09-14,2586.3076768233645,1676.9385730975143,933.702765077318,0.009408649082832898,0.24167377556385644,2610.6413381748325,1.6106413381748323,-0.07046767464967318,64.23473606182554,35.76526393817444,2808.5535779413813
2020-09-15,2610.6413381748325,1833.9385279751477,797.5441134365738,0.007983211991678507,0.1518510057362211,2631.4826414117215,1.6314826414117216,-0.06304702104328364,69.69221453770594,30.307785462294074,2808.5535779413813
2020-09-16,2631.4826414117215,1806.811367629131,803.8919937387282,-0.007896415395966638,0.17214669263120386,2610.703361367859,1.6107033613678592,-0.07044559097161418,69.20783856050444,30.79216143949555,2808.5535779413813
2020-09-17,2610.703361367859,1498.3863706070538,1098.8107636090315,-0.005173405508888451,0.43275696690920495,2597.197134216085,1.597197134216085,-0.07525455287209326,57.692438932222736,42.30756106777728,2808.5535779413813
2020-09-18,2597.197134216085,1487.149091218138,1098.8107636090315,-0.004326694820686816,0.0,2585.9598548271697,1.5859598548271698,-0.07925564420863518,57.50859157546861,42.49140842453138,2808.5535779413813
2020-09-21,2585.9598548271697,1502.702538126165,1077.3261548805986,-0.0022936016618101407,0.1571179640555287,2580.0286930067637,1.5800286930067635,-0.0813674649931807,58.243636677347055,41.75636332265295,2808.5535779413813
2020-09-22,2580.0286930067637,1447.1151784390893,1146.5885127709726,0.0053003279538574866,0.0909063431447124,2593.703691210062,1.5937036912100622,-0.07649841128856094,55.79338855642199,44.20661144357801,2808.5535779413813
2020-09-23,2593.703691210062,1329.3084113567418,1224.7134191631842,-0.015299303781158957,0.09110168601173385,2554.021830519926,1.5540218305199258,-0.09062734263664018,52.04765266576177,47.95234733423823,2808.5535779413813
2020-09-24,2554.021830519926,1360.3405117046418,1201.7299180205969,0.0031513431518610524,0.16270810642712302,2562.0704297252387,1.5620704297252388,-0.08776159734036848,53.09535974975237,46.90464025024764,2808.5535779413813
2020-09-25,2562.0704297252387,1463.0108443680454,1120.6757539110602,0.00843699232584516,0.23005909373187283,2583.6865982791055,1.5836865982791055,-0.08006504893778776,56.624934515761346,43.375065484238654,2808.5535779413813
2020-09-28,2583.6865982791055,1461.5955699056099,1139.5535511985986,0.006758762009577257,0.30818333630073885,2601.1491211042085,1.6011491211042084,-0.0738474275392661,56.19037978434511,43.80962021565488,2808.5535779413813
2020-09-29,2601.1491211042085,1805.0922579980322,794.3255165393429,-0.0006656083470133467,0.47004824249863947,2599.417774537375,1.599417774537375,-0.07446388242210389,69.44217569333537,30.55782430666463,2808.5535779413813
2020-09-30,2599.417774537375,1605.855996102557,1010.6613753949218,0.006578241145999364,0.22331470294624864,2616.517371497479,1.616517371497479,-0.06837548265134441,61.37379455590991,38.626205444090076,2808.5535779413813
2020-10-01,2616.517371497479,1807.8923343242914,825.9292067664842,0.006613435776041898,0.339436864298663,2633.8215410907756,1.6338215410907755,-0.06221424373847306,68.64141347919752,31.358586520802483,2808.5535779413813
2020-10-02,2633.8215410907756,1718.535323852987,877.7250416425084,-0.014261093627370158,0.2154720544169681,2596.2603654954955,1.5962603654954957,-0.07558809421093282,66.19271883099464,33.80728116900536,2808.5535779413813
2020-10-05,2596.2603654954955,1530.6331536580778,1092.81017665609,0.010470045755015978,0.3520824999079893,2623.4433303141677,1.6234433303141675,-0.06590945926083991,58.34443366744188,41.655566332558124,2808.5535779413813
2020-10-06,2623.4433303141677,1637.3311261275082,966.3809996131945,-0.007521109507291013,0.1507536604463247,2603.7121257407025,1.6037121257407025,-0.07293485650746379,62.884491336065864,37.11550866393415,2808.5535779413813
2020-10-07,2603.7121257407025,1662.9326215124515,966.3809996131945,0.009832690462145521,0.0,2629.313621125646,1.6293136211256458,-0.06381931191325707,63.24588318986941,36.7541168101306,2808.5535779413813
2020-10-08,2629.313621125646,1788.7990901989313,854.2604377916597,0.005227944949016905,0.26648907417519185,2643.059527990591,1.6430595279905909,-0.058925010813606904,67.67910715801703,32.32089284198296,2808.5535779413813
2020-10-09,2643.059527990591,1799.5486388251784,858.8510398236099,0.005803936875330207,0.143306773332086,2658.3996786487883,1.6583996786487885,-0.053463070981417116,67.69293019700685,32.30706980299316,2808.5535779413813
2020-10-12,2658.3996786487883,1832.9974101368118,858.8510398236099,0.01258229587532722,0.0,2691.848449960422,1.691848449960422,-0.04155346328358178,68.09437619579818,31.90562380420181,2808.5535779413813
2020-10-13,2691.848449960422,1857.2977287231552,832.9692004252701,-0.0005875222329175811,0.22198646724168697,2690.2669291484253,1.6902669291484251,-0.042116571932965585,69.03767461138372,30.962325388616264,2808.5535779413813
2020-10-14,2690.2669291484253,1943.6106551469181,739.6041536548404,-0.002621345960231225,0.21925186097641583,2683.2148088017584,1.6832148088017584,-0.04462751578750146,72.43589476218175,27.564105237818247,2808.5535779413813
2020-10-15,2683.2148088017584,1933.634613692342,739.6041536548404,-0.0037179436479894967,0.0,2673.2387673471826,1.6732387673471827,-0.048179536846643334,72.3330305287771,27.666969471222902,2808.5535779413813
2020-10-16,2673.2387673471826,1932.316105306951,739.6041536548404,-0.0004932250727083254,0.0,2671.920258961791,1.6719202589617912,-0.04864899856378735,72.31937775185615,27.680622248143848,2808.5535779413813
2020-10-19,2671.920258961791,1904.9748594865264,739.6041536548404,-0.01023280755805489,0.0,2644.579013141367,1.644579013141367,-0.05838399028164698,72.03319885775315,27.966801142246855,2808.5535779413813
2020-10-20,2644.579013141367,1908.0896389386637,739.6041536548404,0.0011777978410398848,0.0,2647.693792593504,1.647693792593504,-0.0572749569783122,72.06609934563568,27.933900654364326,2808.5535779413813
2020-10-21,2647.693792593504,1940.355635353547,696.4759667024679,-0.004102510104406432,0.28555766424358614,2636.831602056015,1.6368316020560152,-0.0611424959929856,73.58663457463854,26.41336542536145,2808.5535779413813
2020-10-22,2636.831602056015,1981.8449158656217,658.7892083709539,0.001442080024221415,0.4186921430498589,2640.6341242365756,1.6406341242365756,-0.059788588340866755,75.0518558279476,24.94814417205239,2808.5535779413813
2020-10-23,2640.6341242365756,2144.491662692716,502.2943388214494,0.0023296969546542368,0.6835896045650072,2646.7860015141655,1.6467860015141653,-0.057598180678393396,81.02248015011043,18.977519849889575,2808.5535779413813
2020-10-26,2646.7860015141655,2014.7515415382302,595.1319589751106,-0.013942381809377014,0.3948913655767685,2609.8835005133406,1.6098835005133405,-0.0707375066612268,77.19699140371388,22.803008596286137,2808.5535779413813
2020-10-27,2609.8835005133406,2061.5614823368824,549.15562578929,0.0003194041468392861,0.293532213518443,2610.717108126172,1.6107171081261722,-0.07044069636735206,78.96533392760261,21.03466607239738,2808.5535779413813
2020-10-28,2610.717108126172,1846.420147026266,690.4330484666402,-0.02829257616742753,0.6391272138171391,2536.8531954929063,1.536853195492906,-0.09674032376751962,72.7838784801069,27.216121519893083,2808.5535779413813
2020-10-29,2536.8531954929063,1292.3029303522446,1267.5778323944762,0.00907721711872278,0.8487653519771627,2559.880762746721,1.559880762746721,-0.08854123957177029,50.48293456315596,49.51706543684404,2808.5535779413813
2020-10-30,2559.880762746721,1340.9104162334418,1194.358743829893,-0.009614355106515982,0.2522787852434204,2535.2691600633348,1.5352691600633346,-0.09730432775947218,52.89025865008921,47.1097413499108,2808.5535779413813
2020-11-02,2535.2691600633348,1352.1939876705944,1194.358743829893,0.004450640434907838,0.0,2546.5527315004874,1.5465527315004874,-0.09328675390018215,53.09899814538106,46.90100185461895,2808.5535779413813
2020-11-03,2546.5527315004874,1507.3053085383988,1071.5967992035485,0.012703202977618622,0.6359298492884263,2578.9021077419475,1.5789021077419476,-0.08176859149248072,58.44755813000499,41.552441869995,2808.5535779413813
2020-11-04,2578.9021077419475,1565.0419627171805,1031.352297598996,0.006782790444707976,0.2085454977828285,2596.3942603161768,1.5963942603161767,-0.07554042026882513,60.27751588568822,39.722484114311776,2808.5535779413813
2020-11-05,2596.3942603161768,1655.2071940178666,973.3193536662732,0.012375735018012923,0.3284939522930191,2628.5265476841396,1.6285265476841397,-0.06409955347520846,62.970914084021146,37.02908591597887,2808.5535779413813
2020-11-06,2628.5265476841396,1973.572865385213,656.669822465844,0.0006528905589442413,0.4618144551908662,2630.242687851057,1.630242687851057,-0.0634885129095607,75.03386947908021,24.9661305209198,2808.5535779413813
2020-11-09,2630.242687851057,2111.1938914611233,525.9062179175183,0.0026071440324724193,0.1423196526931732,2637.1001093786417,1.637100109378642,-0.061046892574651124,80.05740411419445,19.942595885805538,2808.5535779413813
2020-11-10,2637.1001093786417,1851.1017219022344,778.3523876369296,-0.0028993968838290085,0.7908264976689031,2629.454109539164,1.6294541095391644,-0.06376929028838174,70.39870805072377,29.60129194927623,2808.5535779413813
2020-11-11,2629.454109539164,1835.5601704244104,799.9177182352574,0.0022908858149113254,0.3509237984013433,2635.4778886596678,1.635477888659668,-0.06162449263601899,69.64809601790765,30.351903982092367,2808.5535779413813
2020-11-12,2635.4778886596678,2045.5237499562847,572.6863140275243,-0.006552065851192057,0.2436617680557485,2618.210063983809,1.6182100639838088,-0.06777279075341358,78.12680037001547,21.873199629984533,2808.5535779413813
2020-11-13,2618.210063983809,2049.444214398853,594.5243220111648,0.009838199302853123,0.52341980333708,2643.968536410018,1.6439685364100178,-0.05860135367330299,77.5139411145032,22.486058885496814,2808.5535779413813
2020-11-16,2643.968536410018,2328.8219227424947,344.44595948734514,0.011081578852524698,0.41950178352680045,2673.26788222984,1.67326788222984,-0.04816917034237367,87.1151723410512,12.884827658948797,2808.5535779413813
2020-11-17,2673.26788222984,2247.2450522657696,427.42572282452653,0.0005247857387513655,0.2971383322478163,2674.670775090296,1.6746707750902958,-0.0476696630972655,84.01950151004672,15.980498489953282,2808.5535779413813
2020-11-18,2674.670775090296,2337.78197704768,320.82779253196605,-0.0060048532552974265,0.13270047886971734,2658.609769579646,1.658609769579646,-0.053388267020934355,87.93249779629402,12.067502203705972,2808.5535779413813
2020-11-19,2658.609769579646,2335.995011492661,332.1242020777099,0.0035768483586924305,0.2020191197457275,2668.119213570371,1.668119213570371,-0.05000238039750915,87.55212284411856,12.447877155881446,2808.5535779413813
2020-11-20,2668.119213570371,2372.603210988624,277.85961505625784,-0.006617540713955483,0.06946969065590963,2650.462826044882,1.6504628260448824,-0.056289028323389445,89.5165624537021,10.48343754629791,2808.5535779413813
2020-11-23,2650.462826044882,2401.5374001083073,277.85961505625784,0.010916655323500501,0.0,2679.3970151645653,1.6793970151645654,-0.04598686092059012,89.62977067289178,10.370229327108213,2808.5535779413813
2020-11-24,2679.3970151645653,2413.923653999968,321.27766018417964,0.02082718563309105,0.24998163556853956,2735.2013141841476,1.7352013141841476,-0.02611745217657535,88.25396659038934,11.746033409610654,2808.5535779413813
2020-11-25,2735.2013141841476,2224.419583226496,506.0296095271198,-0.0017373936630874498,0.4891523588333455,2730.4491927536155,1.7304491927536154,-0.027809469543755294,81.46716624978482,18.532833750215175,2808.5535779413813
2020-11-26,2730.4491927536155,2224.8104533547976,505.51658984361893,-4.473606596422375e-05,0.12214955519904004,2730.3270431984165,1.7303270431984163,-0.02785296152345562,81.48512680548934,18.514873194510653,2808.5535779413813
2020-11-27,2730.3270431984165,2226.527643578728,505.51658984361893,0.0006289320644603524,0.0,2732.044233422347,1.732044233422347,-0.02724154707958748,81.4967640838533,18.503235916146714,2808.5535779413813
2020-11-30,2732.044233422347,2305.0756413517806,404.6305341729489,-0.008176316336443556,0.11675966739911761,2709.7061755247296,1.7097061755247296,-0.03519512790961421,85.06736494798766,14.932635052012344,2808.5535779413813
2020-12-01,2709.7061755247296,2376.708839260616,364.34225850086995,0.011567646160265399,0.42588051207424,2741.051097761486,1.7410510977614857,-0.024034606535572545,86.70793628041395,13.29206371958606,2808.5535779413813
2020-12-02,2741.051097761486,2448.484094343673,316.0992706753914,0.008585125347278844,0.17585598939513528,2764.5833650190643,1.7645833650190643,-0.01565582129807408,88.56611543442419,11.433884565575818,2808.5535779413813
2020-12-03,2764.5833650190643,2460.214274602108,306.98006883482725,0.0009444383015930757,0.19586061173554659,2767.1943434369355,1.7671943434369353,-0.014726168953757779,88.9064506957054,11.093549304294585,2808.5535779413813
2020-12-04,2767.1943434369355,2382.2928148816286,409.8268304882094,0.009007427321474193,0.12788705800364272,2792.119645369838,1.792119645369838,-0.0058513865288584155,85.32201758732569,14.67798241267432,2808.5535779413813
2020-12-07,2792.119645369838,2433.256944719492,361.8637899589031,0.0010748426606765893,0.07764555200164916,2795.120734678395,1.7951207346783948,-0.004782833188047064,87.05373311895455,12.946266881045442,2808.5535779413813
2020-12-08,2795.120734678395,2445.2918404368324,362.1970730039548,0.004424917538961015,0.13339260250397558,2807.488913440787,1.8074889134407872,-0.0003790792915456809,87.09889569750588,12.90110430249412,2808.5535779413813
2020-12-09,2807.488913440787,2529.855164900023,259.8294092424659,-0.006341730937230339,0.12326792797772515,2789.6845741424886,1.7896845741424885,-0.006718406209905159,90.68606495333495,9.31393504666505,2808.5535779413813
2020-12-10,2789.6845741424886,2435.1131957227767,361.4870697207274,0.002479022669844788,0.13870840885475158,2796.600265443504,1.7966002654435043,-0.0042560386213599255,87.07405294251446,12.925947057485537,2808.5535779413813
2020-12-11,2796.600265443504,2489.428340073579,310.65643775628104,0.001245981568911425,0.0769250707751762,2800.08477782986,1.8000847778298597,-0.0030153599981271872,88.90546314111789,11.09453685888211,2808.5535779413813
2020-12-14,2800.08477782986,2468.339478270609,310.65643775628104,-0.007531508320728131,0.0,2778.99591602689,1.77899591602689,-0.010524158109939452,88.82127044647031,11.178729553529688,2808.5535779413813
2020-12-15,2778.99591602689,2082.004938398437,720.0319798385409,0.008291124890542845,0.4484428350973395,2802.0369182369777,1.8020369182369778,-0.0023202903286538845,74.30326577240174,25.696734227598263,2808.5535779413813
2020-12-16,2802.0369182369777,2173.786219057869,622.550152001086,-0.0020344297182243176,0.12471871824272836,2796.3363710589547,1.7963363710589548,-0.004349999579278618,77.73693614100759,22.263063858992407,2808.5535779413813
2020-12-17,2796.3363710589547,2288.364456628792,517.7194785094268,0.003485833886133438,0.12059020519452304,2806.083935138219,1.8060839351382194,-0.0008793290690833899,81.55010717867476,18.449892821325232,2808.5535779413813
2020-12-18,2806.083935138219,2341.0082294971194,467.5087678973338,0.0008670668135641879,0.17188795903603013,2808.516997394453,1.8085169973944528,-1.302469257324912e-05,83.35389216689606,16.646107833103947,2808.5535779413813
2020-12-21,2808.516997394453,2387.5783370827426,415.8973146646004,-0.001795020522142865,0.17927754198531692,2803.475651747343,1.803475651747343,-0.0018080218351256283,85.16493929935218,14.835060700647821,2808.5535779413813
2020-12-22,2803.475651747343,2321.2921030740727,467.15724087385155,-0.005359885251742136,0.08870108403884913,2788.4493439479243,1.7884493439479243,-0.007158216297298847,83.24670154443459,16.753298455565417,2808.5535779413813
2020-12-23,2788.4493439479243,2230.6160721162973,567.7917072011983,0.003571316578221184,0.22575175115710164,2798.4077793174956,1.7984077793174955,-0.003612463975610658,79.71018693566964,20.28981306433036,2808.5535779413813
2020-12-24,2798.4077793174956,2283.3812188139686,518.0477062876328,0.0010795945488841774,0.17595654894083182,2801.4289251016016,1.8014289251016016,-0.0025367694231426263,81.50773336971794,18.492266630282057,2808.5535779413813
2020-12-25,2801.4289251016016,2075.1325371122975,725.9766203235114,-0.00011414448638247254,0.31976766579268545,2801.109157435809,1.8011091574358087,-0.0026506243512822714,74.08253018643212,25.917469813567884,2808.5535779413813
2020-12-28,2801.109157435809,2200.194107583169,622.2610107499877,0.007620538757185935,0.20769090241444793,2822.455118333157,1.8224551183331568,0.0,77.95320086019744,22.04679913980256,2822.455118333157
2020-12-29,2822.455118333157,2139.720468127506,679.3065320793966,-0.0012145872945815706,0.17340381562293514,2819.027000206903,1.8190270002069027,-0.0012145872945815706,75.90280149748338,24.097198502516605,2822.455118333157
2020-12-30,2819.027000206903,2094.778435944964,730.7946157826757,0.0023220960708274507,0.06423612281761402,2825.5730517276397,1.8255730517276398,0.0,74.13641047659885,25.86358952340114,2825.5730517276397
2020-12-31,2825.5730517276397,2263.310309961037,575.4041887514138,0.004650896205559585,0.17550697088362927,2838.714498712451,1.8387144987124513,0.0,79.73011414101704,20.269885858982946,2838.714498712451
2021-01-01,2838.714498712451,2313.0266285805155,525.6198284345974,-2.396919358005345e-05,0.068041697338276,2838.646457015113,1.838646457015113,-2.396919358005345e-05,81.48343457369835,18.51656542630166,2838.714498712451
2021-01-04,2838.646457015113,2340.242599591465,473.0551223875502,-0.008929866899575867,0.05262044830191327,2813.2977219790155,1.8132977219790156,-0.008953622051447563,83.18503161994602,16.814968380053973,2838.714498712451
2021-01-05,2813.2977219790155,2153.8839157210223,677.0453431905119,0.00626721331154223,0.23003432295512216,2830.929258911534,1.8309292589115338,-0.0027425229992126265,76.08398934522197,23.916010654778056,2838.714498712451
2021-01-06,2830.929258911534,2064.9672690960588,786.1444514719899,0.007129270925079423,0.22478711454728778,2851.1117205680484,1.8511117205680483,0.0,72.42673986428844,27.573260135711568,2851.1117205680484
2021-01-07,2851.1117205680484,2088.3384005533617,791.6305178943607,0.010121384466100336,0.3449600412083224,2879.9689184477224,1.8799689184477226,0.0,72.512532589378,27.487467410622003,2879.9689184477224
2021-01-08,2879.9689184477224,2146.2915393390517,746.577162284272,0.004479139720214187,0.08144620217457185,2892.868701623324,1.8928687016233239,0.0,74.19249750722068,25.80750249277932,2892.868701623324
2021-01-11,2892.868701623324,2187.9128907840663,696.3580385808938,-0.0029720575474231348,0.07331551361024571,2884.27092936496,1.88427092936496,-0.0029720575474231348,75.85670501715963,24.14329498284037,2892.868701623324
2021-01-12,2884.27092936496,2152.4359665985417,747.6895646338196,0.0054969183740627425,0.08438001635549176,2900.125531232361,1.9001255312323608,0.0,74.21871720442043,25.78128279557958,2900.125531232361
2021-01-13,2900.125531232361,2181.2795393027127,724.8468891662566,0.0020691853411112238,0.18449364183372535,2906.126428468969,1.9061264284689692,0.0,75.05797125460482,24.94202874539518,2906.126428468969
2021-01-14,2906.126428468969,2189.5644433441366,724.8468891662566,0.002850840885745276,0.0,2914.411332510393,1.9144113325103933,0.0,75.1288748749857,24.871125125014302,2914.411332510393
2021-01-15,2914.411332510393,2124.5889181063294,755.4049026867829,-0.011809421454463842,0.18322055665253997,2879.9938207931123,1.8799938207931124,-0.011809421454463842,73.77060682447039,26.2293931755296,2914.411332510393
2021-01-18,2879.9938207931123,2057.1384434236516,822.6848541569462,-5.920957582739028e-05,0.17052321251449698,2879.8232975805977,1.8798232975805975,-0.01186793179945611,71.43280093441491,28.567199065585093,2914.411332510393
2021-01-19,2879.8232975805977,2090.1680868095104,799.825325134277,0.0035315063850389627,0.12559086033351807,2889.9934119437876,1.8899934119437876,-0.008378337091344168,72.32432012375001,27.67567987624998,2914.411332510393
2021-01-20,2889.9934119437876,2138.9089038699713,773.9309189917362,0.007905350518620624,0.17445920749284136,2912.8398228617075,1.9128398228617076,-0.0005392202641937294,73.43036465934502,26.569635340654983,2914.411332510393
2021-01-21,2912.8398228617075,2286.0985772108525,624.0138096522459,-0.0009363494611692724,0.16615238954873054,2910.1123868630984,1.9101123868630983,-0.001475064826759298,78.55705461860563,21.442945381394356,2914.411332510393
2021-01-22,2910.1123868630984,2313.7013285102435,571.5485581482143,-0.008543484546121194,0.08066069989413423,2885.249886658458,1.8852498866584577,-0.010005947179328456,80.19067392425579,19.809326075744217,2914.411332510393
2021-01-25,2885.249886658458,2350.1380182144744,534.0810154981173,-0.0003572837661767192,0.22451906826382356,2884.2190337125917,1.8842190337125917,-0.010359655983012694,81.48264714796491,18.51735285203508,2914.411332510393
2021-01-26,2884.2190337125917,2408.5962182970457,480.61856067953596,0.0017320963510734089,0.08461160589621326,2889.214778976582,1.8892147789765819,-0.008645503554265854,83.36508022260011,16.634919777399894,2914.411332510393
2021-01-27,2889.214778976582,2066.273809016938,773.500351300075,-0.017112129918247954,0.39646449722406907,2839.7741603170125,1.8397741603170124,-0.025609690492484516,72.7619061364469,27.238093863553107,2914.411332510393
2021-01-28,2839.7741603170125,2008.5661778376925,841.098186146567,0.003482743031277824,0.31637987328863165,2849.6643639842596,1.8496643639842594,-0.022216139432302495,70.48430696692346,29.51569303307654,2914.411332510393
2021-01-29,2849.6643639842596,1860.8414422528851,949.656235924398,-0.013744315401486684,0.2318854036888005,2810.497678177283,1.810497678177283,-0.035655109206428226,66.21038888243143,33.78961111756858,2914.411332510393
2021-02-01,2810.497678177283,1828.7622833553175,1011.4458855766959,0.010571256110767813,0.3332785671259217,2840.2081689320135,1.8402081689320133,-0.02546077238673894,64.38831855212135,35.61168144787866,2914.411332510393
2021-02-02,2840.2081689320135,1831.9519097720745,1037.6328081578974,0.01034309714312398,0.1355612595689248,2869.5847179299717,1.8695847179299716,-0.015381018485749909,63.840314534905495,36.15968546509451,2914.411332510393
2021-02-03,2869.5847179299717,2158.780567583341,717.0508469255876,0.002176864317657623,0.34533255690510123,2875.831414508929,1.8758314145089288,-0.013237636558403265,75.06631149141856,24.93368850858143,2914.411332510393
2021-02-04,2875.831414508929,2071.498289969129,829.430163080462,0.008726881003540132,0.1365911048059504,2900.928453049591,1.9009284530495911,-0.0046262788338762295,71.4081137641114,28.591886235888598,2914.411332510393
2021-02-05,2900.928453049591,2212.4781730861464,697.986613844862,0.003287338531700934,0.38505077818805833,2910.4647869310083,1.9104647869310085,-0.0013541484468444498,76.01803612333457,23.981963876665432,2914.411332510393
2021-02-08,2910.4647869310083,2243.9692385942767,697.986613844862,0.010819943828056733,0.0,2941.9558524391387,1.9419558524391385,0.0,76.27474208132084,23.72525791867917,2941.9558524391387
2021-02-09,2941.9558524391387,2484.034863055861,452.2496602283069,-0.0019277410809100948,0.358932454637263,2936.284523284168,1.9362845232841677,-0.0019277410809100948,84.59789381301252,15.402106186987488,2941.9558524391387
2021-02-10,2936.284523284168,2337.290402985211,597.8773988699168,-0.00038031785413994434,0.2546336509326968,2935.167801855128,1.935167801855128,-0.002307325780698921,79.63055473380304,20.369445266196962,2941.9558524391387
2021-02-11,2935.167801855128,2259.2655327955254,677.0059218830409,0.0003760101288727835,0.34049392968086806,2936.2714546785664,1.9362714546785664,-0.001932183229690354,76.94334695096666,23.056653049033322,2941.9558524391387
2021-02-12,2936.2714546785664,2325.115103447392,621.0620263501837,0.0033735556374481224,0.07231983182056782,2946.1771297975756,1.9461771297975754,0.0,78.91973228395621,21.080267716043785,2946.1771297975756
2021-02-15,2946.1771297975756,2325.115103447392,621.0620263501837,0.0,0.0,2946.1771297975756,1.9461771297975754,0.0,78.91973228395621,21.080267716043785,2946.1771297975756
2021-02-16,2946.1771297975756,2284.7353574532895,679.8128275897626,0.0062355569390828425,0.07420236352375498,2964.548185043052,1.9645481850430517,0.0,77.0685856610595,22.931414338940495,2964.548185043052
2021-02-17,2964.548185043052,2452.642461399981,512.8928727263102,0.0003329846646513701,0.20200545421799398,2965.535334126291,1.9655353341262911,0.0,82.70488074027892,17.295119259721083,2965.535334126291
2021-02-18,2965.535334126291,2396.859278616469,549.0270950440854,-0.006625771825957916,0.14611497930175454,2945.8863736605545,1.9458863736605543,-0.006625771825957916,81.36292356850598,18.63707643149403,2965.535334126291
2021-02-19,2945.8863736605545,2498.7790346729303,453.00867865013964,0.002003247550645515,0.204609605330062,2951.78771332307,1.9517877133230699,-0.004635797336493885,84.65307391160083,15.346926088399174,2965.535334126291
2021-02-22,2951.78771332307,2422.402651660854,531.0813757234208,0.0005746734609499704,0.2404126747316007,2953.484027384275,1.9534840273842753,-0.0040637879452435355,82.01847814989648,17.98152185010352,2965.535334126291
2021-02-23,2953.484027384275,2251.9924727701555,708.494979106437,0.0023712417021328758,0.3411874657889033,2960.4874518765923,1.9604874518765922,-0.0017021824665549579,76.0682998788819,23.931700121118112,2965.535334126291
2021-02-24,2960.4874518765923,2354.8054454819994,651.1139823894616,0.015346113345648726,0.19325702338864267,3005.9194278714613,2.0059194278714614,0.0,78.33894094591464,21.661059054085346,3005.9194278714613
2021-02-25,3005.9194278714613,2322.5547333264603,626.0871397280497,-0.01905492019708266,0.14607441183822345,2948.64187305451,1.9486418730545103,-0.01905492019708266,78.76693180513361,21.233068194866387,3005.9194278714613
2021-02-26,2948.64187305451,2111.759275271151,803.5665006828045,-0.011298793999029222,0.6085556047891253,2915.3257759539556,1.9153257759539555,-0.030138416578137095,72.43647666031902,27.56352333968099,3005.9194278714613
2021-03-01,2915.3257759539556,2254.7950449403916,728.3761079294086,0.02327197100078604,0.45533605907989166,2983.1711528698,1.9831711528698,-0.007567825933967098,75.58383107758624,24.416168922413767,3005.9194278714613
2021-03-02,2983.1711528698,2156.1037189992912,807.2671749103059,-0.0066373191297305345,0.6750123252650928,2963.3708939095973,1.9633708939095973,-0.014154914987855594,72.75848336873983,27.241516631260165,3005.9194278714613
2021-03-03,2963.3708939095973,2219.895411605112,740.5325134988043,-0.0009931152430935342,0.310209978594695,2960.427925103916,1.9604279251039163,-0.015133972769109882,74.98562598943157,25.014374010568435,3005.9194278714613
2021-03-04,2960.427925103916,2134.9636846836947,807.2857221629549,-0.006140503574877165,0.10371195629499819,2942.2494068466494,1.9422494068466496,-0.021181546130096263,72.56229467548226,27.437705324517747,3005.9194278714613
2021-03-05,2942.2494068466494,2212.760296710401,770.4224350193265,0.013912255292779063,0.16669534527252738,2983.1827317297275,1.9831827317297277,-0.007563973914574973,74.1744806033851,25.825519396614883,3005.9194278714613
2021-03-08,2983.1827317297275,2210.1266948298844,777.8394251492948,0.0016034513067451073,0.38215704106894477,2987.966119979179,1.9879661199791792,-0.005972651071687318,73.96759555109297,26.032404448907037,3005.9194278714613
2021-03-09,2987.966119979179,2401.012839631277,596.944169328279,0.0033437089241317164,0.6490546675565334,2997.9570089595563,1.9979570089595562,-0.002648912954244853,80.08830121498475,19.911698785015233,3005.9194278714613
2021-03-10,2997.9570089595563,2369.1809757622555,651.1797067851388,0.007472980273193874,0.5500777712864547,3020.3606825473944,2.0203606825473943,0.0,78.44033295268798,21.559667047312015,3020.3606825473944
2021-03-11,3020.3606825473944,2328.575300755575,691.9941846780898,6.913177206846477e-05,0.1718050723548547,3020.569485433665,2.020569485433665,0.0,77.09060533071167,22.90939466928833,3020.569485433665
2021-03-12,3020.569485433665,2513.6080355354907,525.0242380454476,0.005979928034888449,0.29219420388496214,3038.632273580938,2.038632273580938,0.0,82.72169217018413,17.278307829815883,3038.632273580938
2021-03-15,3038.632273580938,2482.8420354354985,569.4495677751993,0.004495222981905078,0.2939835212268381,3052.2916032106978,2.0522916032106977,0.0,81.34353981198268,18.656460188017316,3052.2916032106978
2021-03-16,3052.2916032106978,2402.1329155229005,635.8010280326951,-0.004703895145535597,0.0930559695336714,3037.9339435555958,2.0379339435555957,-0.004703895145535597,79.07126883448446,20.928731165515536,3052.2916032106978
2021-03-17,3037.9339435555958,2552.9932919510425,506.1654249625311,0.006986581588780849,0.1568989634016846,3059.1587169135737,2.059158716913574,0.0,83.45409729269593,16.54590270730406,3059.1587169135737
2021-03-18,3059.1587169135737,2571.4367637754103,446.0384357104159,-0.013625810650910841,0.08887717281354071,3017.475199485826,2.017475199485826,-0.013625810650910841,85.21815735929097,14.781842640709037,3059.1587169135737
2021-03-19,3017.475199485826,2483.3511972100305,524.501126380104,-0.003189048876799938,0.27716918264862817,3007.8523235901343,2.0078523235901344,-0.01677140615155892,82.56227135000877,17.43772864999124,3059.1587169135737
2021-03-22,3007.8523235901343,2452.0735124346343,563.6934628678533,0.0026313298862048473,0.27884780529695924,3015.7669753024875,2.0157669753024874,-0.014184207367594404,81.30845428429319,18.691545715706823,3059.1587169135737
2021-03-23,3015.7669753024875,2295.4289015128097,690.9576047578776,-0.009742287541580796,0.1556604156094578,2986.3865062706873,1.9863865062706871,-0.02378830828245071,76.8630884412639,23.136911558736088,3059.1587169135737
2021-03-24,2986.3865062706873,2135.8415311664476,835.6994861433063,-0.004971054125030849,0.48873561248588543,2971.541017309754,1.9715410173097538,-0.028641109439466517,71.87656231984656,28.123437680153447,3059.1587169135737
2021-03-25,2971.541017309754,2248.704432058715,742.5628271126582,0.006638387875755658,0.3224272147806329,2991.2672591713736,1.9912672591713734,-0.022192852357362125,75.17564420778771,24.824355792212273,3059.1587169135737
2021-03-26,2991.2672591713736,2215.5413448198483,809.8051717072018,0.011392916246847351,0.329710985045325,3025.34651652705,2.02534651652705,-0.011052777418700699,73.23264732541055,26.76735267458944,3059.1587169135737
2021-03-29,3025.34651652705,2185.015995579489,846.8202560996449,0.0021451212668139874,0.27676852792887957,3031.836251679134,2.031836251679134,-0.00893136569978481,72.06906357061179,27.930936429388197,3059.1587169135737
2021-03-30,3031.836251679134,2269.2875794687097,757.7100356327614,-0.0015959425826453932,0.24902728702179022,3026.997615101471,2.0269976151014713,-0.0105130543355888,74.96826453206963,25.03173546793037,3059.1587169135737
2021-03-31,3026.997615101471,2275.449202776093,756.6109724677269,0.0016724691546143866,0.13843130764075692,3032.0601752438197,2.03206017524382,-0.008858167940071437,75.04630750255856,24.953692497441445,3059.1587169135737
2021-04-01,3032.0601752438197,2294.941472140227,757.8740028122817,0.006845279614880795,0.1410409986733029,3052.8154749525083,2.0528154749525083,-0.002073524961615947,75.17458853866458,24.82541146133543,3059.1587169135737
2021-04-02,3052.8154749525083,2289.6116062143815,763.0698497252708,-4.390013545052529e-05,0.13401901285599643,3052.6814559396526,2.0526814559396525,-0.0021173340690398,75.00329265470678,24.99670734529321,3059.1587169135737
2021-04-05,3052.6814559396526,2264.808437723479,821.8169706722633,0.011119388952307574,0.05880592687386616,3086.6254083957424,2.0866254083957423,0.0,73.37490424212511,26.625095757874888,3086.6254083957424
2021-04-06,3086.6254083957424,2360.516079261499,716.118843946763,-0.0032367015318106596,0.41919728796283506,3076.634923208262,2.076634923208262,-0.0032367015318106596,76.72395777136902,23.27604222863097,3086.6254083957424
2021-04-07,3076.634923208262,2150.189084169185,933.6445532214644,0.0023398012315614114,0.33390560961499316,3083.8336373906495,2.0838336373906494,-0.0009044735384796665,69.72454862994954,30.275451370050465,3086.6254083957424
2021-04-08,3083.8336373906495,2377.1169864133017,715.6564719104614,0.002898931000920646,0.23347962665396563,3092.773458323763,2.092773458323763,0.0,76.86036557303048,23.139634426969526,3092.773458323763
2021-04-09,3092.773458323763,2496.705578130725,607.2767287786417,0.0036242061491560396,0.23234339209759983,3103.9823069093663,2.103982306909366,0.0,80.43556087846046,19.564439121539543,3103.9823069093663
2021-04-12,3103.9823069093663,2601.580218257016,498.7279633871311,-0.0011836811237746492,0.1263359375885671,3100.308181644147,2.1003081816441473,-0.0011836811237746492,83.91360038528018,16.086399614719816,3103.9823069093663
2021-04-13,3100.308181644147,2657.1587827451644,442.7153591228296,-0.00013999891324445457,0.18580968347732016,3099.8741418679942,2.099874141867994,-0.0013235143229480828,85.71827955389027,14.281720446109722,3103.9823069093663
2021-04-14,3099.8741418679942,2485.4535977504074,608.7148193975543,-0.0018406310898139155,0.18902989794493502,3094.168417147962,2.0941684171479618,-0.0031617093111513395,80.32703016345066,19.672969836549324,3103.9823069093663
2021-04-15,3094.168417147962,2615.6573644499613,496.926869704276,0.005951782360719138,0.3501973373611316,3112.5842341542375,2.1125842341542374,0.0,84.03491014792398,15.965089852076012,3112.5842341542375
2021-04-16,3112.5842341542375,2563.517525951472,555.634805331637,0.0021101749012284454,0.18380791019118745,3119.152331283109,2.119152331283109,0.0,82.1863523701945,17.813647629805516,3119.152331283109
2021-04-19,3119.152331283109,2607.885117501623,500.89054810008906,-0.003326758227652382,0.40179085612521037,3108.775665601712,2.1087756656017116,-0.003326758227652382,83.88785161816621,16.112148381833798,3119.152331283109
2021-04-20,3108.775665601712,2533.444252250713,554.8460594783724,-0.006589524647691691,0.29245223621906863,3088.2903117290853,2.0882903117290854,-0.009894361120006079,82.03387623983697,17.96612376016304,3119.152331283109
2021-04-21,3088.2903117290853,2546.2450593726994,551.2453512836719,0.0029790265806115546,0.23506152509338854,3097.4904106563713,2.097490410656371,-0.006944810104169141,82.20348481508742,17.796515184912572,3119.152331283109
2021-04-22,3097.4904106563713,2547.188167075938,516.009137217353,-0.011071255053801243,0.239264558709102,3063.197304293291,2.0631973042932907,-0.017939177394006967,83.15455760900126,16.84544239099875,3119.152331283109
2021-04-23,3063.197304293291,2460.290860103486,623.8569825173141,0.006839434827833557,0.12765354243027321,3084.1478426208,2.0841478426208,-0.011222436400824765,79.77214406209586,20.227855937904145,3119.152331283109
2021-04-26,3084.1478426208,2457.190900536186,628.1200891617602,0.0003771372633543102,0.13224914988423261,3085.310989697946,2.085310989697946,-0.010849531536422985,79.64159557143205,20.35840442856795,3119.152331283109
2021-04-27,3085.310989697946,2525.433067715733,554.9460662384852,-0.0015984955034338277,0.4099119071449921,3080.3791339542186,2.0803791339542186,-0.012430684112481494,81.98448820401816,18.01551179598183,3119.152331283109
2021-04-28,3080.3791339542186,2463.9308200329915,615.9968795511356,-0.00014655156085019438,0.0789472397079918,3079.9276995841274,2.079927699584127,-0.012575413937172542,79.99963182141218,20.00036817858782,3119.152331283109
2021-04-29,3079.9276995841274,2418.827030020557,677.3791908540439,0.005285358254569106,0.20490305446391993,3096.2062208746006,2.0962062208746004,-0.0073565212504608235,78.12228441738932,21.877715582610683,3119.152331283109
2021-04-30,3096.2062208746006,2362.3909133513607,714.0204862538412,-0.006393250273816431,0.48864164029740326,3076.411399605202,2.076411399605202,-0.013702739442778333,76.79047456574007,23.209525434259927,3119.152331283109
2021-05-03,3076.411399605202,2378.0570527190903,709.6955853952738,0.003686515565056725,0.24550682131092916,3087.7526381143643,2.0877526381143645,-0.010066739239961375,77.01578887392118,22.984211126078815,3119.152331283109
2021-05-04,3087.7526381143643,2334.1149601529905,742.8700652558339,-0.0034872005524755334,0.47779206799466867,3076.985025408824,2.076985025408824,-0.013518835053797695,75.85720895222322,24.142791047776786,3119.152331283109
2021-05-05,3076.985025408824,2342.3639982866484,740.5118450994911,0.001914477297962236,0.24380916559614593,3082.8758433861394,2.0828758433861396,-0.011630239258640818,75.97983562367095,24.020164376329046,3119.152331283109
2021-05-06,3082.8758433861394,2335.393513232062,770.5266963298811,0.007474957587163988,0.19226451665353356,3105.920209561943,2.105920209561943,-0.004242217216663735,75.19167768837966,24.808322311620355,3119.152331283109
2021-05-07,3105.920209561943,2373.3049171993166,747.5187538482461,0.004798404492085018,0.2027780833326691,3120.8236710475626,2.1208236710475625,0.0,76.04738900236144,23.952610997638565,3120.8236710475626
2021-05-10,3120.8236710475626,2408.7009358518235,693.4454074802476,-0.005984743030746809,0.07096386365523415,3102.146343332071,2.102146343332071,-0.005984743030746809,77.64627033244972,22.35372966755029,3120.8236710475626
2021-05-11,3102.146343332071,2590.449561830196,476.9250562684304,-0.011208924849140156,0.3282273211185979,3067.374618098627,2.067374618098627,-0.01712658534501399,84.45168537763861,15.548314622361383,3120.8236710475626
2021-05-12,3067.374618098627,2238.6975005544587,794.8133446764757,-0.01103998600884415,0.431926682427459,3033.510845230934,2.0335108452309343,-0.027977494091269928,73.79889556267703,26.201104437322964,3120.8236710475626
2021-05-13,3033.510845230934,2401.545821844741,658.8824341362679,0.008873352403665269,0.5764452617613349,3060.428255981009,2.060428255981009,-0.019352395852047843,78.47090736897326,21.52909263102675,3120.8236710475626
2021-05-14,3060.428255981009,2456.1334764096923,637.3609985196109,0.010804441791331776,0.22822147643266713,3093.494474929303,2.093494474929303,-0.008757045895222193,79.39673066543374,20.603269334566267,3120.8236710475626
2021-05-17,3093.494474929303,2417.454362838888,680.4018369194845,0.001409966904553528,0.16694756496200797,3097.8561997583724,2.0978561997583722,-0.00735942613556273,78.03636472950053,21.963635270499474,3120.8236710475626
2021-05-18,3097.8561997583724,2451.5648304956962,619.4973030166816,-0.008649228536845688,0.07393693499312012,3071.062133512378,2.071062133512378,-0.015945001313861895,79.82791372872154,20.172086271278456,3120.8236710475626
2021-05-19,3071.062133512378,2467.954592102884,590.3815447117588,-0.004143842144665677,0.20732711754434285,3058.3361368146425,2.0583361368146424,-0.020022769890086445,80.69598898547953,19.304011014520484,3120.8236710475626
2021-05-20,3058.3361368146425,2308.1853945266785,764.3959235215849,0.004657820656841727,0.18811068207550596,3072.5813180482633,2.0725813180482633,-0.015458211704445946,75.12202788477744,24.877972115222565,3120.8236710475626
2021-05-21,3072.5813180482633,2429.5099754786534,649.8373612120322,0.0022020633278860835,0.13176375971579343,3079.3473366906856,2.0793473366906854,-0.013290188337668818,78.89691255451554,21.103087445484462,3120.8236710475626
2021-05-24,3079.3473366906856,2486.326552613668,615.6044895417259,0.007333925989972512,0.2649777964110402,3101.9310421553937,2.101931042155394,-0.006053731605357604,80.15415297195099,19.84584702804901,3120.8236710475626
2021-05-25,3101.9310421553937,2691.11256670834,401.5655972309432,-0.002982941300229802,0.5365749003117742,3092.6781639392834,2.0926781639392833,-0.009018614979561357,87.0156034367491,12.984396563250893,3120.8236710475626
2021-05-26,3092.6781639392834,2441.4187324132895,653.8195007669791,0.0008277839158421507,0.40088006633057577,3095.2382331802687,2.0952382331802686,-0.008198296528142412,78.8766016858354,21.1233983141646,3120.8236710475626
2021-05-27,3095.2382331802687,2302.476815576308,802.0958265171802,0.0030157319760260037,0.3733450480745769,3104.5726420934884,2.1045726420934883,-0.005207288417105382,74.16405029014533,25.83594970985467,3120.8236710475626
2021-05-28,3104.5726420934884,2182.6386134845334,919.7374009469426,-0.0007075459057486189,0.1359744881653065,3102.376014431476,2.102376014431476,-0.005911149927254389,70.35377411801295,29.64622588198705,3120.8236710475626
2021-05-31,3102.376014431476,2125.702083962308,976.4906012967939,-5.909315038588048e-05,0.18332917237436103,3102.192685259102,2.102192685259102,-0.005969893769168566,68.52256773291839,31.477432267081607,3120.8236710475626
2021-06-01,3102.192685259102,2422.7704987504444,689.0888205517643,0.003116064997845003,0.28733172803610396,3111.859319302209,2.111859319302209,-0.002872431348338478,77.85604200429333,22.14395799570666,3120.8236710475626
2021-06-02,3111.859319302209,2583.2804512297535,538.2222662779657,0.003098918433007025,0.3687697551087587,3121.5027175077194,2.1215027175077195,0.0,82.75759097503862,17.24240902496138,3121.5027175077194
2021-06-03,3121.5027175077194,2622.852896300266,499.2855687624413,0.00020366714769215477,0.15486603879404046,3122.1384650627074,2.1221384650627075,0.0,84.00821826611673,15.991781733883261,3122.1384650627074
2021-06-04,3122.1384650627074,2559.865815809779,585.0004066196117,0.007279548175396888,0.4005555796464421,3144.8662224293907,2.144866222429391,0.0,81.39824192051952,18.601758079480476,3144.8662224293907
2021-06-07,3144.8662224293907,2450.3146159720154,691.5176408751206,-0.0009647359752908979,0.35292805934548305,3141.832256847136,2.141832256847136,-0.0009647359752908979,77.98998850533586,22.01001149466415,3144.8662224293907
2021-06-08,3141.832256847136,2573.5406013411007,565.1433559008254,-0.001002058463926092,0.38645033165912995,3138.6839572419262,2.138683957241926,-0.00196582771736753,81.99425735117858,18.00574264882142,3144.8662224293907
2021-06-09,3138.6839572419262,2566.301259794619,564.7003773692186,-0.002447624604052012,0.26273493432794587,3131.0016371638376,2.1310016371638376,-0.0044086407131311844,81.96422605895721,18.03577394104279,3144.8662224293907
2021-06-10,3131.0016371638376,2441.6244012957545,688.681486296681,-0.00022221309728620575,0.13887387936320528,3130.3058875924353,2.1303058875924354,-0.0046298741527096565,77.99954665688101,22.000453343119005,3144.8662224293907
2021-06-11,3130.3058875924353,2504.875171958247,625.7322366946611,9.632319373897857e-05,0.3289408238260301,3130.607408652908,2.130607408652908,-0.00453399692323575,80.01243353078526,19.98756646921474,3144.8662224293907
2021-06-14,3130.607408652908,2404.669397634653,722.2307399311896,-0.0011842018506754703,0.21712360409650655,3126.9001375658427,2.1269001375658427,-0.005712829606363767,76.90266052137453,23.097339478625475,3144.8662224293907
2021-06-15,3126.9001375658427,2403.264532840817,722.2307399311896,-0.00044928354985129815,0.0,3125.4952727720065,2.1254952727720067,-0.00615954647584982,76.892278602276,23.107721397724017,3144.8662224293907
2021-06-16,3125.4952727720065,2416.4798128346392,687.4545718575763,-0.006898390878277816,0.15438815226487346,3103.9343846922156,2.1039343846922156,-0.013015446394904373,77.85215514709587,22.14784485290413,3144.8662224293907
2021-06-17,3103.9343846922156,2124.4318910212805,969.5628840455751,-0.003202261515056315,0.41661117074285686,3093.9947750668557,2.0939947750668555,-0.01617602904686899,68.66307300003037,31.336926999969627,3144.8662224293907
2021-06-18,3093.9947750668557,2281.4516036575537,773.1524699009169,-0.012731340668645452,0.3462238657970932,3054.6040735584706,2.0546040735584707,-0.028701427179052774,74.6889465448715,25.31105345512849,3144.8662224293907
2021-06-21,3054.6040735584706,2003.7541995696124,1081.513767101731,0.010038581883101694,0.32517561689409263,3085.2679666713434,2.0852679666713434,-0.01895096692284992,64.94587248871733,35.05412751128267,3144.8662224293907
2021-06-22,3085.2679666713434,2200.2610226940033,899.6602482403702,0.0047494429726437914,0.2095753721049157,3099.9212709343733,2.0999212709343733,-0.014291530486882809,70.97796461233365,29.022035387666346,3144.8662224293907
2021-06-23,3099.9212709343733,2257.3931497286417,839.4832459732565,-0.0009822427624289753,0.07876490480335006,3096.876395701898,2.0968763957018983,-0.015259735496927052,72.89258146891619,27.107418531083805,3144.8662224293907
2021-06-24,3096.876395701898,2120.8799527747924,990.7250543681279,0.004755957151361789,0.27539225647942683,3111.6050071429204,2.1116050071429204,-0.01057635299372961,68.16032073178167,31.83967926821833,3144.8662224293907
2021-06-25,3111.6050071429204,2152.792606125233,957.218637179054,-0.0005121999209330985,0.19828809569075395,3110.011243304287,2.110011243304287,-0.011083135707495528,69.22137695675852,30.778623043241478,3144.8662224293907
2021-06-28,3110.011243304287,2025.8054342926043,1094.0109850570323,0.003152778327236039,0.25223017966150235,3119.816419349637,2.119816419349637,-0.007965300050316038,64.93348203850108,35.0665179614989,3144.8662224293907
2021-06-29,3119.816419349637,2134.7737549540884,982.0214234043998,-0.0009684034523347318,0.14300490937506258,3116.795178358488,2.116795178358488,-0.008925989878583063,68.49259039467593,31.50740960532407,3144.8662224293907
2021-06-30,3116.795178358488,2081.619730388,1038.746672558895,0.0011458002159407954,0.18505356060114617,3120.3664029468946,2.1203664029468947,-0.007790417063772592,66.71074680275062,33.289253197249394,3144.8662224293907
2021-07-01,3120.3664029468946,2181.352175207215,947.0222333441322,0.002566367076920706,0.2318532647466074,3128.374408551347,2.1283744085513474,-0.005244043056719883,69.7279765888806,30.272023411119413,3144.8662224293907
2021-07-02,3128.374408551347,2157.790619126399,984.6819968027671,0.004506560128890502,0.1766132967313665,3142.4726159291663,2.1424726159291665,-0.0007611155231828093,68.66537541770697,31.33462458229302,3144.8662224293907
2021-07-05,3142.4726159291663,2327.757493280864,814.5186579050829,-6.251915839261546e-05,0.19646474321951074,3142.2761511859467,2.1422761511859467,-0.0008235870972734816,74.07870541239127,25.921294587608738,3144.8662224293907
2021-07-06,3142.2761511859467,2379.0421731495676,756.299186374685,-0.0022069325953660845,0.17470187378358787,3135.3413595242528,2.135341359524253,-0.0030287020914295804,75.87825057462184,24.12174942537815,3144.8662224293907
2021-07-07,3135.3413595242528,2209.273268987803,928.7906040102772,0.0008683308009054258,0.1994284413534482,3138.06387299808,2.1380638729980803,-0.002163001205836901,70.40243151192081,29.59756848807919,3144.8662224293907
2021-07-08,3138.06387299808,2311.0564715395835,813.4334085020059,-0.004325594859075355,0.1387067197188115,3124.4898800415895,2.1244898800415895,-0.006479239798016123,73.9658811603775,26.0341188396225,3144.8662224293907
2021-07-09,3124.4898800415895,2284.0090461047016,867.8405973418774,0.008756553695294711,0.07325822523098192,3151.8496434465787,2.1518496434465786,0.0,72.46567268377419,27.534327316225816,3151.8496434465787
2021-07-12,3151.8496434465787,2296.8475628897118,867.8405973418774,0.004073327803470583,0.0,3164.688160231589,2.164688160231589,0.0,72.57737402858771,27.422625971412284,3164.688160231589
2021-07-13,3164.688160231589,2285.989570044289,867.8405973418774,-0.0034309834952673812,0.0,3153.830167386166,2.153830167386166,-0.0034309834952673812,72.48296353062261,27.51703646937739,3164.688160231589
2021-07-14,3153.830167386166,2285.5583286114684,867.8405973418774,-0.0001367357815522663,0.0,3153.3989259533455,2.1533989259533457,-0.003567250138609923,72.47920045258755,27.52079954741245,3164.688160231589
2021-07-15,3153.3989259533455,2180.0376820509987,957.0768332247807,-0.005164082014343596,0.20498358248516035,3137.1145152757795,2.1371145152757793,-0.008712910580672029,69.49181075270229,30.5081892472977,3164.688160231589
2021-07-16,3137.1145152757795,2161.450190526556,952.2200801619845,-0.00747318737428293,0.1182548324489403,3113.6702706885408,2.113670270688541,-0.016120984741610278,69.41808228295749,30.58191771704252,3164.688160231589
2021-07-19,3113.6702706885408,2212.4034910177634,871.2247716135897,-0.009648423065215628,0.6029041792017582,3083.628262631353,2.083628262631353,-0.025613865725810925,71.74676396077174,28.25323603922826,3164.688160231589
2021-07-20,3083.628262631353,2124.4394681633325,986.6191308441139,0.008895474434615025,0.14191319791920368,3111.0585990074464,2.1110585990074466,-0.016946238778931644,68.28670693766793,31.71329306233207,3164.688160231589
2021-07-21,3111.0585990074464,2348.723162137378,777.3953329569591,0.004840762591773462,0.36931679490265124,3126.118495094337,2.126118495094337,-0.012187508905910471,75.13224997142984,24.867750028570164,3164.688160231589
2021-07-22,3126.118495094337,2262.376137458254,867.9333482473291,0.0013406371568520647,0.43290038998682,3130.309485705583,2.130309485705583,-0.01086321077634711,72.27324160084785,27.726758399152146,3164.688160231589
2021-07-23,3130.309485705583,2394.013133187746,750.9279874526806,0.004674181579060521,0.3462891166591256,3144.9411206404266,2.1449411206404267,-0.006239805816986799,76.12266943491255,23.87733056508746,3164.688160231589
2021-07-26,3144.9411206404266,2502.5006194937087,654.9817455760125,0.003987751741037604,0.21432122407676674,3157.4823650697213,2.1574823650697215,-0.0022769368724595562,79.25620257386457,20.743797426135416,3164.688160231589
2021-07-27,3157.4823650697213,2540.118788402819,606.7919317829533,-0.0033481247594285835,0.41621534583923314,3146.9107201857723,2.1469107201857724,-0.005617438163169841,80.71785361145764,19.28214638854236,3164.688160231589
2021-07-28,3146.9107201857723,2521.160893130869,629.0539607761216,0.0010499610618197597,0.3281832610327792,3150.214853906991,2.150214853906991,-0.0045733751926885224,80.03139500164727,19.96860499835273,3164.688160231589
2021-07-29,3150.214853906991,2425.8923003312984,726.7535777863376,0.0007717010817944736,0.2190808075834527,3152.645878117636,2.152645878117636,-0.0038052033894775406,76.94782078663832,23.052179213361683,3164.688160231589
2021-07-30,3152.645878117636,2473.828391840884,666.7082806642392,-0.003840965995122514,0.19757816833732517,3140.536672505123,2.140536672505123,-0.007631553727776574,78.77088057906919,21.229119420930807,3164.688160231589
2021-08-02,3140.536672505123,2387.035092141652,755.8452284282989,0.0007462571876157842,0.2098964340456966,3142.880320569951,2.142880320569951,-0.006890991641982813,75.95055645353914,24.049443546460875,3164.688160231589
2021-08-03,3142.880320569951,2323.6349087507588,845.9145065484397,0.008485558471539756,0.2455797588547638,3169.5494152991987,2.1695494152991985,0.0,73.31120624069565,26.688793759304343,3169.5494152991987
2021-08-04,3169.5494152991987,2397.5572883915083,760.4875197775274,-0.003629729536517412,0.20433989428047505,3158.0448081690356,2.1580448081690355,-0.003629729536517412,75.91903959657745,24.080960403422562,3169.5494152991987
2021-08-05,3158.0448081690356,2418.4890400849326,757.6689491176107,0.005735568091578047,0.26180484295760764,3176.1579892025434,2.1761579892025433,0.0,76.14511143043475,23.85488856956524,3176.1579892025434
2021-08-06,3176.1579892025434,2531.860993239061,646.5468495025804,0.0007083569352488439,0.44829644608612845,3178.407842741641,2.1784078427416413,0.0,79.6581533430625,20.341846656937516,3178.407842741641
2021-08-09,3178.407842741641,2594.5628453184668,588.5146014993911,0.001469164533708378,0.07944345276469283,3183.077446817858,2.1830774468178578,0.0,81.51114412601764,18.488855873982356,3183.077446817858
2021-08-10,3183.077446817858,2549.2656593697893,648.3318578734929,0.00456164534731629,0.07280721903365864,3197.5975172432823,2.1975975172432825,0.0,79.72440701566363,20.27559298433637,3197.5975172432823
2021-08-11,3197.5975172432823,2585.644974714951,614.6589705914272,0.0008463942220686693,0.2636288784345891,3200.303945306378,2.200303945306378,0.0,80.79373143626259,19.206268563737417,3200.303945306378
2021-08-12,3200.303945306378,2538.572265551141,676.906878348381,0.004741799170481897,0.08049469719870168,3215.4791438995217,2.215479143899522,0.0,78.9484910940062,21.051508905993803,3215.4791438995217
2021-08-13,3215.4791438995217,2478.0199876864135,741.7142606594683,0.0013233189381536281,0.31938793272874466,3219.734248345882,2.219734248345882,0.0,76.96349439272761,23.03650560727238,3219.734248345882
2021-08-16,3219.734248345882,2535.655032273003,681.0187446500215,-0.0009505354127997689,0.07888480776113661,3216.673776923025,2.2166737769230247,-0.0009505354127997689,78.82847960723377,21.171520392766215,3219.734248345882
2021-08-17,3216.673776923025,2580.267509966283,618.5043286187969,-0.00556535712958417,0.08678232793874516,3198.77183858508,2.19877183858508,-0.006510602473347449,80.6643186876254,19.335681312374607,3219.734248345882
2021-08-18,3198.77183858508,2537.276447113477,625.1486211827497,-0.011362726734811646,0.6980428882441972,3162.4250682962265,2.1624250682962267,-0.01779935101137542,80.23198628641178,19.76801371358822,3219.734248345882
2021-08-19,3162.4250682962265,2375.9470039985317,790.1772740058074,0.001169738295208278,0.4289930682493258,3166.124278004339,2.166124278004339,-0.016650433298675105,75.0427587604404,24.957241239559593,3219.734248345882
2021-08-20,3166.124278004339,2664.9051756837466,526.9104055099983,0.00811443295763481,0.7769741573915415,3191.815581193745,2.1918155811937448,-0.008671109165757973,83.49182801742785,16.508171982572154,3219.734248345882
2021-08-23,3191.815581193745,2762.7680397675404,455.87884460207533,0.008406282409911592,0.09480985417393731,3218.6468843696157,2.218646884369616,-0.00033771854830100256,85.83632001335987,14.16367998664013,3219.734248345882
2021-08-24,3218.6468843696157,2683.2074052836724,535.7099476992121,8.403177576954413e-05,0.7311996957241723,3218.9173529828845,2.2189173529828845,-0.0002537151516207592,83.35744944793989,16.642550552060122,3219.734248345882
2021-08-25,3218.9173529828845,2544.9988235293063,680.5320007653332,0.0020545638755298246,0.39282390412277374,3225.5308242946394,2.225530824294639,0.0,78.90170524368955,21.098294756310455,3225.5308242946394
2021-08-26,3225.5308242946394,2531.0268206730884,680.5320007653332,-0.004331691004463845,0.0,3211.5588214384215,2.2115588214384214,-0.004331691004463845,78.80991634895447,21.190083651045523,3225.5308242946394
2021-08-27,3211.5588214384215,2719.8643620503394,513.5602493051831,0.006808466272247182,0.2891621249643676,3233.4246113555228,2.233424611355523,0.0,84.11714169856933,15.882858301430671,3233.4246113555228
2021-08-30,3233.4246113555228,2622.317513632168,621.5798105996696,0.003238891928865506,0.2326146610076296,3243.8973242318375,2.2438973242318374,0.0,80.83848690411737,19.161513095882626,3243.8973242318375
2021-08-31,3243.8973242318375,2553.8728131093603,686.0004069815468,-0.001240515262573294,0.20864237518794293,3239.873220090907,2.239873220090907,-0.001240515262573294,78.8263194149832,21.173680585016793,3243.8973242318375
2021-09-01,3239.873220090907,2467.036474779752,777.1797898235616,0.0013404982903266749,0.3897829982558793,3244.216264603314,2.2442162646033137,0.0,76.04414359476768,23.955856405232318,3244.216264603314
2021-09-02,3244.216264603314,2573.434931818654,675.5243530260487,0.0014619926214964885,0.35403543297509266,3248.959284844703,2.2489592848447026,0.0,79.20797726899376,20.792022731006252,3248.959284844703
2021-09-03,3248.959284844703,2561.963729660658,686.7927015229888,-6.243650451465133e-05,0.48714719415975744,3248.756431183647,2.2487564311836468,-6.243650451465133e-05,78.85982787349916,21.14017212650084,3248.959284844703
2021-09-06,3248.756431183647,2534.030016323244,714.5100772089569,-6.659091133132122e-05,0.21633765144579867,3248.540093532201,2.248540093532201,-0.00012902325814212467,78.00519443698613,21.99480556301388,3248.959284844703
2021-09-07,3248.540093532201,2602.1811092218372,649.6428878147071,0.0010108859394659664,0.06513089173271354,3251.8239970365444,2.2518239970365443,0.0,80.02220020496988,19.977799795030123,3251.8239970365444
2021-09-08,3251.8239970365444,2703.1906821006073,541.7336255001943,-0.002121790552634617,0.23704067256344313,3244.9243076008015,2.2449243076008014,-0.002121790552634617,83.30519993236034,16.694800067639658,3251.8239970365444
2021-09-09,3244.9243076008015,2695.2700926129683,540.5365793691581,-0.002809814576357983,0.28413856430911894,3235.8066719821263,2.235806671982126,-0.004925643290969894,83.29515220889118,16.704847791108822,3251.8239970365444
2021-09-10,3235.8066719821263,2542.099129321779,673.9805313362262,-0.006096474024524179,0.1458586600501635,3216.079660658005,2.2160796606580053,-0.010992088259116684,79.04341302297435,20.95658697702565,3251.8239970365444
2021-09-13,3216.079660658005,2282.4331906843604,937.7470350514491,0.001275019747789763,0.27619930713625856,3220.1802257358095,2.2201802257358096,-0.009731083640926563,70.87905119232343,29.120948807676577,3251.8239970365444
2021-09-14,3220.1802257358095,2362.9835142557695,836.9738789596113,-0.006280031272413611,0.2729797316992758,3199.9573932153808,2.1999573932153806,-0.015950003403760737,73.84421802820933,26.15578197179067,3251.8239970365444
2021-09-15,3199.9573932153808,2170.9454640800263,1042.961720583621,0.004359367870910624,0.5026467692206491,3213.907184663647,2.213907184663647,-0.011660167465229243,67.5484803805007,32.451519619499294,3251.8239970365444
2021-09-16,3213.907184663647,2308.4333910973096,899.4303660528883,-0.0018803988933743243,0.4636456529331436,3207.8637571501977,2.207863757150198,-0.013518640592605435,71.96170304776521,28.03829695223479,3251.8239970365444
2021-09-17,3207.8637571501977,2121.1773427076773,1068.9630753214792,-0.005524966289960576,0.32484372858708394,3190.1404180291565,2.1901404180291566,-0.018968916849005812,66.49166070307726,33.50833929692274,3251.8239970365444
2021-09-20,3190.1404180291565,1902.4743177543355,1247.992360916129,-0.012436361463738277,0.323454834410505,3150.4666786704647,2.150466678670465,-0.031169374006234207,60.38706362567221,39.61293637432778,3251.8239970365444
2021-09-21,3150.4666786704647,1725.6983179640206,1424.7442740548472,-7.645423378055405e-06,0.46684248655345834,3150.442592018868,2.1504425920188677,-0.031176781126551645,54.77637720921484,45.22362279078515,3251.8239970365444
2021-09-22,3150.442592018868,1670.4869884335858,1496.0991091745937,0.005124202431178615,0.3611220343683575,3166.5860976081794,2.1665860976081794,-0.02621233483301799,52.7535628889218,47.246437111078194,3251.8239970365444
2021-09-23,3166.5860976081794,1746.7476312054685,1439.0006505465724,0.0060513700095934375,0.3566665480545381,3185.748281752041,2.185748281752041,-0.02031958536031464,54.83005801842019,45.169941981579804,3251.8239970365444
2021-09-24,3185.748281752041,1935.2700579087136,1260.584242535426,0.0031722590105396353,0.4411189914234248,3195.85430044414,2.19585430044414,-0.017211785337524654,60.55564102655624,39.44435897344375,3251.8239970365444
2021-09-27,3195.85430044414,1938.5041414046048,1264.8829733110658,0.0023570581019554115,0.14268728140618347,3203.3871147156706,2.2033871147156705,-0.014895296413648285,60.51420174912779,39.48579825087221,3251.8239970365444
2021-09-28,3203.3871147156706,1850.198663571953,1322.9370588525605,-0.009443564329827292,0.20109722565118274,3173.1357224245135,2.1731357224245134,-0.024198196053581422,58.308210723437405,41.6917892765626,3251.8239970365444
2021-09-29,3173.1357224245135,1806.9715854141923,1370.0018890179747,0.0012094509480107263,0.21580930170150073,3176.9734744321668,2.1769734744321667,-0.023018011636727675,56.87713794139121,43.1228620586088,3251.8239970365444
2021-09-30,3176.9734744321668,1858.6673299244062,1299.447857216316,-0.005935928468781326,0.22310959684304998,3158.115187140722,2.158115187140722,-0.02881730683493977,58.85369024830271,41.14630975169729,3251.8239970365444
2021-10-01,3158.115187140722,2002.27785466705,1183.8916507516199,0.00888324732175061,0.40154442615064273,3186.16950541867,2.1861695054186696,-0.020190050776950685,62.842791360026716,37.15720863997328,3251.8239970365444
2021-10-04,3186.16950541867,1955.457613098195,1213.597249641256,-0.005371541799678914,0.18160956585638172,3169.054862739451,2.169054862739451,-0.02545314087494366,61.704757342314466,38.295242657685534,3251.8239970365444
2021-10-05,3169.054862739451,2066.526424189711,1131.706703589907,0.009207245157928368,0.09860453132569003,3198.2331277796184,2.1982331277796185,-0.016480249025090044,64.61462756545214,35.38537243454786,3251.8239970365444
2021-10-06,3198.2331277796184,2068.612983378302,1131.706703589907,0.0006524099730149668,0.0,3200.3196869682088,2.200319686968209,-0.01583859093089679,64.63769828376059,35.36230171623942,3251.8239970365444
2021-10-07,3200.3196869682088,2080.2661332868042,1131.706703589907,0.003641245578044572,0.0,3211.972836876711,2.211972836876711,-0.012255017552041725,64.76599395247791,35.23400604752208,3251.8239970365444
2021-10-08,3211.972836876711,2088.201137853715,1131.706703589907,0.0024704457260062984,0.0,3219.9078414436217,2.2199078414436215,-0.009814847181768949,64.85282314531976,35.14717685468025,3251.8239970365444
2021-10-11,3219.9078414436217,2132.8895603966416,1073.194314903976,-0.004293280063819016,0.10829891056462414,3206.0838753006174,2.2060838753006173,-0.01406598935785297,66.52631819236645,33.47368180763357,3251.8239970365444
2021-10-12,3206.0838753006174,2130.4683912510873,1068.5303578212709,-0.002209900459199665,0.16426727893511128,3198.998749072358,2.198998749072358,-0.016244805380711602,66.59797512796396,33.40202487203604,3251.8239970365444
2021-10-13,3198.998749072358,2131.2054004058436,1068.5303578212709,0.00023038744700043523,0.0,3199.7357582271143,2.1997357582271144,-0.01601816053294991,66.60566876268201,33.39433123731799,3251.8239970365444
2021-10-14,3199.7357582271143,2191.7343251589714,1039.7353575459013,0.00991767035642388,0.17876387791086754,3231.469682704873,2.231469682704873,-0.006259353012408098,67.82469094137996,32.17530905862004,3251.8239970365444
2021-10-15,3231.469682704873,2210.398721942068,1039.7353575459013,0.005775822958510091,0.0,3250.134079487969,2.2501340794879687,-0.0005196829687325044,68.00946262162506,31.99053737837495,3251.8239970365444
2021-10-18,3250.134079487969,2203.895189135041,1059.2640510508572,0.004007576419733816,0.5622792169588237,3263.1592401858984,2.263159240185898,0.0,67.53869569078977,32.46130430921024,3263.1592401858984
2021-10-19,3263.1592401858984,2218.011210088417,1059.2640510508572,0.004325875605314167,0.0,3277.2752611392743,2.277275261139274,0.0,67.67851441680163,32.32148558319837,3277.2752611392743
2021-10-20,3277.2752611392743,2223.355213050899,1059.2640510508572,0.001630623776357476,0.0,3282.619264101756,2.282619264101756,0.0,67.73113279889587,32.26886720110413,3282.619264101756
2021-10-21,3282.619264101756,2274.0538474561963,998.9553677968842,-0.00292755512458287,0.10266910365053035,3273.0092152530806,2.2730092152530808,-0.00292755512458287,69.47899311919164,30.52100688080835,3282.619264101756
2021-10-22,3273.0092152530806,2167.423303401586,1115.5276012068905,0.0030374767382459478,0.2709949021144397,3282.950904608477,2.2829509046084766,0.0,66.02058228647412,33.97941771352587,3282.950904608477
2021-10-25,3282.950904608477,2195.904445015218,1115.5276012068905,0.008675469856600948,0.0,3311.4320462221085,2.3114320462221083,0.0,66.3128342772561,33.687165722743885,3311.4320462221085
2021-10-26,3311.4320462221085,2298.883620170016,1024.706968007894,0.003671686988012457,0.2600939179969159,3323.59058817791,2.3235905881779098,0.0,69.1686764412921,30.831323558707886,3323.59058817791
2021-10-27,3323.59058817791,2328.7383450329503,981.5646111936245,-0.003997974960754713,0.40533531348487656,3310.3029562265747,2.310302956226575,-0.003997974960754713,70.34819398184288,29.651806018157117,3323.59058817791
2021-10-28,3310.3029562265747,2310.830940026168,1024.2378298341876,0.007481434165171219,0.3797518549901691,3335.068769860355,2.335068769860355,0.0,69.28885427819608,30.711145721803934,3335.068769860355
2021-10-29,3335.068769860355,2477.3058764039197,873.2969493732414,0.004657791784442367,0.17344273304230495,3350.6028257771613,2.350602825777161,0.0,73.93612448916015,26.063875510839846,3350.6028257771613
2021-11-01,3350.6028257771613,2677.9660067046857,684.9526073875351,0.0036756932872825665,0.397970612338503,3362.9186140922207,2.3629186140922207,0.0,79.63219792125628,20.367802078743726,3362.9186140922207
2021-11-02,3362.9186140922207,2654.156980459715,720.3615487215535,0.0034493594464162225,0.2638685839227925,3374.5185291812686,2.3745185291812687,0.0,78.65290877817972,21.347091221820282,3374.5185291812686
2021-11-03,3374.5185291812686,2694.2870140129858,689.9746828775892,0.0028872763995966277,0.26774354585182863,3384.261696890575,2.384261696890575,0.0,79.61225387766167,20.387746122338317,3384.261696890575
2021-11-04,3384.261696890575,2886.248275616501,514.6029312218599,0.004901958368948911,0.39341395714093286,3400.8512068383607,2.4008512068383605,0.0,84.86840793895637,15.13159206104363,3400.8512068383607
2021-11-05,3400.8512068383607,3024.681783532883,386.1649363759765,0.0029391209619520353,0.2954280374734863,3410.8467199088595,2.4108467199088595,0.0,88.67832629001003,11.321673709989968,3410.8467199088595
2021-11-08,3410.8467199088595,2941.1618394466095,464.8539618041245,-0.0014163400043536445,0.2615000016290486,3406.015801250734,2.406015801250734,-0.0014163400043536445,86.35197283484639,13.648027165153605,3410.8467199088595
2021-11-09,3406.015801250734,2946.4450671716027,443.9862400839568,-0.004575578888815324,0.2766905139649031,3390.4313072555597,2.3904313072555596,-0.005985438317745784,86.90472686664314,13.095273133356852,3410.8467199088595
2021-11-10,3390.4313072555597,2827.0690826753826,538.9131526892791,-0.007211198126497065,0.47364619228685695,3365.9822353646614,2.3659822353646613,-0.013153474262659559,83.98942374005446,16.010576259945548,3410.8467199088595
2021-11-11,3365.9822353646614,2914.50934716092,458.59180268677943,0.0021149590179778688,0.4057748629470005,3373.101149847699,2.3731011498476993,-0.011066334303691305,86.40444557354927,13.595554426450732,3410.8467199088595
2021-11-12,3373.101149847699,2845.6564675666714,536.5304084927818,0.00269358249519569,0.09931989207940897,3382.1868760594534,2.3821868760594533,-0.008402559892861983,84.13658298154455,15.863417018455442,3410.8467199088595
2021-11-15,3382.1868760594534,2869.3049595079247,514.2818831798627,0.0004139234996869412,0.3987283944020328,3383.5868426877873,2.3835868426877873,-0.007992114410172224,84.80068911807986,15.199310881920134,3410.8467199088595
2021-11-16,3383.5868426877873,2650.1127751522104,735.1853998257274,0.0005057746024308418,0.37695728031365466,3385.298174977938,2.3852981749779376,-0.007490382016229757,78.28299423490166,21.71700576509833,3410.8467199088595
2021-11-17,3385.298174977938,2980.1545970301595,402.39446863268887,-0.0008120730207487048,0.6172188646848407,3382.5490656628485,2.3825490656628485,-0.008296372299827937,88.10380985400916,11.896190145990836,3410.8467199088595
2021-11-18,3382.5490656628485,2834.2439044040093,563.5732440226549,0.004513780130732226,0.1849335878203611,3397.817148426664,2.397817148426664,-0.003820040169539962,83.41366767533052,16.58633232466949,3410.8467199088595
2021-11-19,3397.817148426664,2506.5726637945045,889.5621874729839,-0.0004951111509795547,0.34230378161897457,3396.1348512674886,2.3961348512674885,-0.004313259976034378,73.80662940574972,26.193370594250283,3410.8467199088595
2021-11-22,3396.1348512674886,2426.153381086958,970.2170203352483,6.935830437648782e-05,0.10722288403450712,3396.370401422206,2.3963704014222063,-0.004244200832056233,71.43370994138398,28.566290058616005,3410.8467199088595
2021-11-23,3396.370401422206,2515.807957086227,889.4116646823094,0.0026054933062142904,0.11391664255423163,3405.2196217685364,2.4052196217685364,-0.0016497657626999285,73.88093093918023,26.11906906081976,3410.8467199088595
2021-11-24,3405.2196217685364,2522.189003365241,891.6601167645827,0.0025341972970323035,0.1831175081292638,3413.849120129824,2.4138491201298238,0.0,73.88109182954535,26.118908170454645,3413.849120129824
2021-11-25,3413.849120129824,2519.7457791434413,893.9257353953352,-5.202502653089969e-05,0.17760559104736445,3413.6715145387766,2.4136715145387764,-5.202502653089969e-05,73.81336395174174,26.186636048258265,3413.849120129824
2021-11-26,3413.6715145387766,2558.548254002461,812.6975315074069,-0.012428181460406584,0.08140052563521757,3371.245785509868,2.371245785509868,-0.01247955991046723,75.89325776837435,24.106742231625642,3413.849120129824
2021-11-29,3371.245785509868,2386.262914818724,1010.9652718435387,0.0077070622569470615,0.4084638094213085,3397.2281866622625,2.3972281866622627,-0.004868678398689541,70.24146697555808,29.75853302444192,3413.849120129824
2021-11-30,3397.2281866622625,2469.114773966644,889.2593497089665,-0.01143698946664684,0.4908896549595425,3358.3741236756105,2.3583741236756106,-0.01624998484177409,73.5211350206657,26.478864979334304,3413.849120129824
2021-12-01,3358.3741236756105,2397.599233003754,932.0449916293169,-0.008554704742393615,0.8367093916863824,3329.6442246330707,2.329644224633071,-0.024665675761777917,72.00767022692855,27.992329773071447,3413.849120129824
2021-12-02,3329.6442246330707,2138.3487068626023,1202.0664474479938,0.0032348590272321953,0.3050781139485133,3340.4151543105963,2.3404151543105964,-0.021510606718446623,64.01445952318822,35.985540476811764,3413.849120129824
2021-12-03,3340.4151543105963,2291.0973639840895,1020.4698928008152,-0.008636021629965795,0.2125154607560926,3311.5672567849047,2.3115672567849046,-0.02996086228351813,69.18468466222375,30.815315337776255,3413.849120129824
2021-12-06,3311.5672567849047,2214.5023159965135,1103.7244286836667,0.0020109776969292614,0.13132357796843366,3318.22674468018,2.3182267446801803,-0.028010135212421794,66.73752236934469,33.262477630655304,3413.849120129824
2021-12-07,3318.22674468018,2138.4311673445245,1222.0484824628024,0.012733579823888563,0.45610768252697903,3360.479649807327,2.360479649807327,-0.01563322468113859,63.634700703131216,36.365299296868784,3413.849120129824
2021-12-08,3360.479649807327,2380.78187325768,972.4935973208078,-0.002143794927980558,0.2768276234185229,3353.2754705784882,2.353275470578488,-0.017743505181339714,70.99869647294325,29.00130352705674,3413.849120129824
2021-12-09,3353.2754705784882,2248.3693046588455,1089.3704102745687,-0.004633009062745996,0.4441176634399032,3337.7397149334142,2.3377397149334143,-0.022294308423775666,67.36203229387223,32.63796770612777,3413.849120129824
2021-12-10,3337.7397149334142,2208.542711141746,1167.9513148243448,0.011610944633964504,0.2575854023501491,3376.4940259660907,2.3764940259660907,-0.010942221770572136,65.40934751127932,34.590652488720686,3413.849120129824
2021-12-13,3376.4940259660907,2393.6259713260806,964.1539851782612,-0.005542455966997983,0.5585936691933463,3357.779956504342,2.357779956504342,-0.0164240309552256,71.28596877497579,28.71403122502421,3413.849120129824
2021-12-14,3357.779956504342,2202.3963686338498,1144.361855689666,-0.003282446236381964,0.33585675499609013,3346.7582243235156,2.3467582243235157,-0.019652566193012366,65.80685609815818,34.19314390184183,3413.849120129824
2021-12-15,3346.7582243235156,2094.6678876251744,1292.758731200288,0.012151578266508034,0.30694637925210355,3387.4266188254624,2.3874266188254625,-0.007739797622736355,61.83655391925414,38.163446080745864,3413.849120129824
2021-12-16,3387.4266188254624,2295.7951694186527,1077.556668236388,-0.00415500695784865,0.26089229898635957,3373.351837655041,2.373351837655041,-0.011862645667610194,68.05679573034269,31.9432042696573,3413.849120129824
2021-12-17,3373.351837655041,2444.860652651593,883.152824239054,-0.013440151797480482,0.34408562298050205,3328.0134768906473,2.3280134768906473,-0.025143361706598255,73.4630634649899,26.536936535010096,3413.849120129824
2021-12-20,3328.0134768906473,2176.460266483216,1137.750037084108,-0.004147571342234979,0.780889220587071,3314.210303567324,2.314210303567324,-0.02918664916237157,65.67055398206126,34.329446017938736,3413.849120129824
2021-12-21,3314.210303567324,2557.8802845560285,779.1136382509619,0.006874524291697215,0.7005508237028237,3336.9939228069907,2.3369939228069905,-0.022512769199334315,76.65223083188619,23.347769168113803,3413.849120129824
2021-12-22,3336.9939228069907,2485.012485241121,877.7059903001093,0.0077089000847208045,0.4503051754147714,3362.71847554123,2.36271847554123,-0.014977417803001658,73.89891551481001,26.10108448518999,3413.849120129824
2021-12-23,3362.71847554123,2617.7993391718965,756.2390103042128,0.003366286537875407,0.3726466925633729,3374.038349476109,2.374038349476109,-0.011661549545048722,77.58653186554223,22.413468134457776,3413.849120129824
2021-12-24,3374.038349476109,2617.7993391718965,756.2390103042128,0.0,0.0,3374.038349476109,2.374038349476109,-0.011661549545048722,77.58653186554223,22.413468134457776,3413.849120129824
2021-12-27,3374.038349476109,2653.6912800758973,756.2390103042128,0.010637680188067211,0.0,3409.93029038011,2.40993029038011,-0.0011479211915390586,77.82244955453581,22.1775504454642,3413.849120129824
2021-12-28,3409.93029038011,2553.113084762,852.0763353699746,-0.0013903129520007607,0.406237225052643,3405.1894201319747,2.4051894201319746,-0.0025366381738393118,74.97712372967051,25.022876270329498,3413.849120129824
2021-12-29,3405.1894201319747,2516.8760303972963,888.1259978506278,-5.503126579176065e-05,0.18428566206149624,3405.002028247924,2.405002028247924,-0.0025915298452215962,73.91702000519449,26.082979994805505,3413.849120129824
2021-12-30,3405.002028247924,2470.6144288737787,928.3908353837775,-0.0017611631184413223,0.24608141111083798,3399.005264257556,2.399005264257556,-0.004348128856879074,72.68639607162935,27.31360392837066,3413.849120129824
2021-12-31,3399.005264257556,2388.943797620405,1004.011395846147,-0.0017799533453578542,0.24015950267632416,3392.955193466552,2.392955193466552,-0.006120342735732032,70.40894033085189,29.591059669148105,3413.849120129824
2022-01-03,3392.955193466552,2613.273532061708,807.348496730511,0.008154200025671354,0.49797790438267775,3420.6220287922188,2.4206220287922187,0.0,76.3976116058758,23.60238839412422,3420.6220287922188
2022-01-04,3420.6220287922188,2597.6386635704894,817.3814082617929,-0.0016377012463767437,0.5934247102599053,3415.020071832282,2.415020071832282,-0.0016377012463767437,76.065106761635,23.934893238365014,3420.6220287922188
2022-01-05,3415.020071832282,2300.6430981162553,1085.8740871304276,-0.008346330617701625,0.7232084525712609,3386.517185246683,2.386517185246683,-0.009970363068023014,67.9353734904691,32.0646265095309,3420.6220287922188
2022-01-06,3386.517185246683,2368.4391383657658,1015.5851437394122,-0.0007361259385794128,0.37001183459280224,3384.024282105178,2.384024282105178,-0.01069914956373097,69.9888340308355,30.011165969164495,3420.6220287922188
2022-01-07,3384.024282105178,2499.421592779534,885.953681619822,0.00039922653667767705,0.3383922648677036,3385.375274399356,2.385375274399356,-0.010304194411479006,73.82997127912176,26.170028720878243,3420.6220287922188
2022-01-10,3385.375274399356,2418.610455293747,967.1527707844435,0.00011459635856847505,0.09730761537259193,3385.76322607819,2.3857632260781902,-0.010190778876068007,71.43471925812369,28.565280741876315,3420.6220287922188
2022-01-11,3385.76322607819,2395.0360341744185,999.9981519565376,0.0027382186625923843,0.34098302110940265,3395.034186130956,2.3950341861309563,-0.00748046479438047,70.54527002874885,29.454729971251158,3420.6220287922188
2022-01-12,3395.034186130956,2394.572963082026,1002.9101254565031,0.0007213189244388296,0.16815680946121203,3397.483088538529,2.397483088538529,-0.006764541670761459,70.48079124102668,29.51920875897333,3420.6220287922188
2022-01-13,3397.483088538529,2449.511388596981,926.4920668333708,-0.006322219286577058,0.09423004077363661,3376.0034554303516,2.3760034554303515,-0.013043994041522788,72.5565426971618,27.443457302838205,3420.6220287922188
2022-01-14,3376.0034554303516,2303.069130770997,1074.002817386142,0.00031649633683539236,0.1801002507882689,3377.071948157139,2.377071948157139,-0.012731626081019187,68.1972183633155,31.802781636684497,3420.6220287922188
2022-01-17,3377.071948157139,2251.381298771426,1125.3043080589496,-0.0001144012720766252,0.38634132676370314,3376.6856068303755,2.3766856068303754,-0.012844570838876579,66.67429429074834,33.325705709251665,3420.6220287922188
2022-01-18,3376.6856068303755,2380.1685703670505,964.6063009180716,-0.009450312898750202,0.16101531917864462,3344.774871285122,2.344774871285122,-0.022173498524149293,71.16080041143539,28.839199588564618,3420.6220287922188
2022-01-19,3344.774871285122,2235.8798675671537,1086.71738164531,-0.006630527591872659,0.334451522354302,3322.597249212464,2.3225972492124636,-0.02865700412224914,67.29313545591815,32.706864544081846,3420.6220287922188
2022-01-20,3322.597249212464,2194.0171274250456,1106.9030276462065,-0.0065241413615054755,0.6293887579484672,3300.9201550712523,2.3009201550712524,-0.034994183137863843,66.46683422664267,33.53316577335732,3420.6220287922188
2022-01-21,3300.9201550712523,2165.787604153062,1099.5726886391021,-0.010772712034387455,0.7340297179822384,3265.3602927921643,2.265360292792164,-0.04538991291442851,66.32614504848796,33.673854951512034,3420.6220287922188
2022-01-24,3265.3602927921643,2255.586269668387,1004.0171111877795,-0.0017630250324001118,0.7091327482707335,3259.6033808561665,2.2596033808561664,-0.04707291439414196,69.19818168417581,30.801818315824196,3420.6220287922188
2022-01-25,3259.6033808561665,1885.1585034670125,1378.676756998361,0.00129828053132508,0.3862118254016015,3263.8352604653737,2.2638352604653735,-0.04583574771112742,57.75899679440981,42.241003205590175,3420.6220287922188
2022-01-26,3263.8352604653737,1882.743863962063,1380.3280485681857,-0.00023388065702079075,0.5253308594722458,3263.0719125302485,2.2630719125302483,-0.046058908273358456,57.69850969978002,42.30149030021998,3420.6220287922188
2022-01-27,3263.0719125302485,1855.5383914990284,1397.9751066115148,-0.002929268700147536,0.48428447287767085,3253.513498110543,2.253513498110543,-0.04885325805513796,57.03183320360037,42.96816679639964,3420.6220287922188
2022-01-28,3253.513498110543,1889.3607981637624,1376.2403895000775,0.0037152726000113656,0.24609046976728377,3265.60118766384,2.2656011876638398,-0.045319488626200166,57.85644631993111,42.14355368006889,3420.6220287922188
2022-01-31,3265.60118766384,2096.9977010303564,1196.5496961481333,0.00855775335341602,0.8374059952745975,3293.5473971784895,2.2935473971784894,-0.037149568278550094,63.669880774353175,36.33011922564683,3420.6220287922188
2022-02-01,3293.5473971784895,2286.160617685343,1028.8061860134944,0.006503445658227802,0.42737560478365527,3314.9668036988373,2.3149668036988373,-0.03088772281884855,68.9648118085058,31.035188191494207,3420.6220287922188
2022-02-02,3314.9668036988373,2348.392545301078,994.2509875157224,0.008349021500632103,0.23905359392863018,3342.6435328168004,2.3426435328168003,-0.022796583580136587,70.25554840788301,29.744451592116988,3420.6220287922188
2022-02-03,3342.6435328168004,2275.5892579007036,1044.3168636679598,-0.006802224354738984,0.2592403372905776,3319.9061215686634,2.319906121568663,-0.029443740458841905,68.54378330509788,31.456216694902135,3420.6220287922188
2022-02-04,3319.9061215686634,2334.3187146889554,995.7181839657886,0.0030515251682159406,0.2536525048105082,3330.036898654744,2.330036898654744,-0.026482063605682615,70.09888435866776,29.901115641332236,3420.6220287922188
2022-02-07,3330.036898654744,2331.7791356739413,998.7727241064493,0.00015464126714470616,0.23834548997379074,3330.5518597803907,2.3305518597803907,-0.026331517558410455,70.01179485695484,29.98820514304516,3420.6220287922188
2022-02-08,3330.5518597803907,2444.3711349035398,888.0157911328924,0.0005509796373992515,0.13137147521185685,3332.386926036432,2.332386926036432,-0.025795046051007686,73.3519602962461,26.648039703753895,3420.6220287922188
2022-02-09,3332.386926036432,2347.020926624519,999.5782650426107,0.004264890586280545,0.1378127683188974,3346.5991916671296,2.3465991916671296,-0.021640168513802682,70.13152135064419,29.86847864935581,3420.6220287922188
2022-02-10,3346.5991916671296,2265.6572145782407,1045.5568509641453,-0.010573458038491967,0.25539643183256266,3311.214065542386,2.311214065542386,-0.0319848151385681,68.4237614884352,31.576238511564796,3420.6220287922188
2022-02-11,3311.214065542386,2289.205411733352,993.1081410414367,-0.008728071394823345,0.25607862127890985,3282.3135527747886,2.2823135527747884,-0.040433720783311866,69.74365413073083,30.256345869269165,3420.6220287922188
2022-02-14,3282.3135527747886,2309.9562394068616,956.4965489609809,-0.004832190511944834,0.8449039316659493,3266.4527883678425,2.2664527883678423,-0.04507052785332488,70.71757619252425,29.28242380747576,3420.6220287922188
2022-02-15,3266.4527883678425,2251.6190921295515,1038.8990015698641,0.007367412569767362,0.4268856380857864,3290.5180936994157,2.290518093699416,-0.038035168456990065,68.4274946380293,31.572505361970705,3420.6220287922188
2022-02-16,3290.5180936994157,2085.020190062597,1205.4782052320127,-5.9864143715504525e-06,1.0450957911064327,3290.4983952946095,2.2904983952946094,-0.03804092717708263,63.36487484826498,36.63512515173502,3420.6220287922188
2022-02-17,3290.4983952946095,2050.4938877669706,1205.4782052320127,-0.010492727285629,0.0,3255.9720929989835,2.2559720929989835,-0.0481345013881499,62.976396271207555,37.02360372879243,3420.6220287922188
2022-02-18,3255.9720929989835,2209.7861642019043,1034.7523053768155,-0.0035115852021117,1.2388151228610056,3244.5384695787197,2.24453846957872,-0.051477058187475944,68.10787373677924,31.89212626322075,3420.6220287922188
2022-02-21,3244.5384695787197,2064.7062988228217,1179.6644391893037,-5.1696587409000294e-05,0.1677315665942985,3244.3707380121255,2.2443707380121256,-0.051526093586646726,63.63965358927809,36.3603464107219,3420.6220287922188
2022-02-22,3244.3707380121255,1890.1302340145398,1327.094996505872,-0.00836695608601934,0.14757813545202045,3217.225230520412,2.217225230520412,-0.059461933110342424,58.750323604443324,41.24967639555667,3420.6220287922188
2022-02-23,3217.225230520412,1744.804797980388,1447.3256146077235,-0.007800143332905907,0.42573912646195494,3192.1304125881115,2.1921304125881114,-0.06679826484213602,54.65957127252008,45.340428727479924,3420.6220287922188
2022-02-24,3192.1304125881115,1780.4751239174273,1395.6499669079362,-0.005013993695129559,0.9070885993626575,3176.1250908253633,2.176125090825363,-0.07147733245850152,56.05809195174817,43.94190804825184,3420.6220287922188
2022-02-25,3176.1250908253633,1841.4805692311725,1389.138391120081,0.017157343608191766,0.41633611601540294,3230.6189603512535,2.2306189603512534,-0.05554635000349717,57.00085933473736,42.999140665262644,3420.6220287922188
2022-02-28,3230.6189603512535,1907.7168602795628,1320.6282745119045,-0.0007038358864640548,0.9885729045175652,3228.345134791467,2.228345134791467,-0.05621109037546679,59.092717185667034,40.90728281433297,3420.6220287922188
2022-03-01,3228.345134791467,1929.0252357803179,1290.7253234895288,-0.002662223263862895,0.6127304270577688,3219.7505592698467,2.2197505592698468,-0.05872366716684496,59.91225718484755,40.08774281515245,3420.6220287922188
2022-03-02,3219.7505592698467,2336.5305796848975,918.6222724403993,0.010995352653492052,1.3064587795568972,3255.1528521252967,2.255152852125297,-0.04837400194295871,71.77944280433319,28.220557195666828,3420.6220287922188
2022-03-03,3255.1528521252967,2032.7023212232612,1219.0239458114943,-0.0010526648812525519,1.6583737354921273,3251.7262670347554,2.2517262670347553,-0.04937574521120025,62.51148326445324,37.48851673554676,3420.6220287922188
2022-03-04,3251.7262670347554,2126.6588980851393,1137.4971234175694,0.003822509475647662,0.6070700445949476,3264.1560215027084,2.2641560215027083,-0.04574197498948951,65.15187644449962,34.84812355550038,3420.6220287922188
2022-03-07,3264.1560215027084,2123.7223150848504,1142.108712262134,0.0005131512811402672,0.345895263813644,3265.8310273469842,2.265831027346984,-0.04525229626141691,65.02854242309247,34.97145757690753,3420.6220287922188
2022-03-08,3265.8310273469842,2234.6767442849496,1019.8057708138884,-0.0034749232746941194,0.7664252320443493,3254.482515098838,2.254482515098838,-0.048569971278598856,68.66457981929219,31.335420180707814,3420.6220287922188
2022-03-09,3254.482515098838,1975.9233352267213,1265.0246537183684,-0.00415873371295028,0.6074354867355308,3240.9479889450895,2.2409479889450896,-0.05252671541455578,60.96744970812917,39.032550291870834,3420.6220287922188
2022-03-10,3240.9479889450895,2116.5503187997674,1133.8547778701454,0.0029180066317266995,0.47701826063566016,3250.405096669913,2.2504050966699127,-0.04976198208675153,65.11650873819401,34.883491261805986,3420.6220287922188
2022-03-11,3250.405096669913,2162.9384513717264,1082.7859321115343,-0.0014400399480813952,0.6824334451033731,3245.7243834832607,2.2457243834832608,-0.05113036279273231,66.63962172445753,33.360378275542466,3420.6220287922188
2022-03-14,3245.7243834832607,2151.6775029387813,1082.7859321115343,-0.003469471557797532,0.0,3234.4634350503156,2.2344634350503156,-0.05442243901108057,66.52347587615594,33.476524123844065,3420.6220287922188
2022-03-15,3234.4634350503156,2204.9989524018038,1010.3546497064839,-0.005908192603120477,0.4151737467396692,3215.3536021082878,2.2153536021082876,-0.06000909336259197,68.5771838890752,31.4228161109248,3420.6220287922188
2022-03-16,3215.3536021082878,2091.8878258476275,1124.6156709064476,0.00035762618613177644,0.7580898314530742,3216.503496754075,2.216503496754075,-0.059672927999652625,65.03608119682288,34.963918803177116,3420.6220287922188
2022-03-17,3216.503496754075,2078.9225646689197,1169.3002038102275,0.009861413723654122,0.3374313730726775,3248.222768479147,2.2482227684791467,-0.05039997370710492,64.00184694359167,35.998153056408334,3420.6220287922188
2022-03-18,3248.222768479147,1991.0009570011553,1275.284681139756,0.005560846945919629,0.8028350484806838,3266.285638140911,2.266285638140911,-0.04511939330104886,60.95611889394902,39.04388110605099,3420.6220287922188
2022-03-21,3266.285638140911,2233.83898394095,1049.3892315435535,0.005187108299945065,0.4882950017392355,3283.2282154845034,2.2832282154845034,-0.04016632418058408,68.03788336752291,31.962116632477098,3420.6220287922188
2022-03-22,3283.2282154845034,2243.274195968199,1049.3892315435535,0.0028737606428788087,0.0,3292.663427511752,2.2926634275117523,-0.03740799193930444,68.12947163759854,31.870528362401473,3420.6220287922188
2022-03-23,3292.663427511752,2089.7813465439726,1188.1460177225167,-0.004475423489123109,0.8713311011716357,3277.9273642664893,2.2779273642664895,-0.04171599882262156,63.753131607649536,36.246868392350464,3420.6220287922188
2022-03-24,3277.9273642664893,2251.804506718366,1052.7684024113016,0.00812877831084613,0.8511075314984747,3304.572909129668,2.304572909129668,-0.033926320618219985,68.14207368514161,31.857926314858382,3420.6220287922188
2022-03-25,3304.572909129668,2149.9753532690684,1165.4685454925752,0.0032896806730884354,0.8513047884838917,3315.4438987616436,2.3154438987616435,-0.030748246706378213,64.8472849765942,35.152715023405804,3420.6220287922188
2022-03-28,3315.4438987616436,2132.005922510085,1197.0276636960464,0.004098904357743294,0.21596641232477612,3329.033586206131,2.329033586206131,-0.02677537647105266,64.0427880134362,35.95721198656382,3420.6220287922188
2022-03-29,3329.033586206131,2200.9554462530364,1138.4249062954204,0.0031080390372741906,0.45500477509817344,3339.380352548457,2.339380352548457,-0.02375055634908818,65.90909731421793,34.09090268578206,3420.6220287922188
2022-03-30,3339.380352548457,2367.915917684835,966.4721608091755,-0.001494970182308264,0.19057282327263322,3334.3880784940106,2.3343880784940105,-0.02521002015784135,71.01500671014615,28.984993289853843,3420.6220287922188
2022-03-31,3334.3880784940106,2515.3031926884737,783.8607575325418,-0.010563895816501412,0.7011432895783748,3299.1639502210155,2.2991639502210157,-0.035507599947863455,76.24062431089459,23.759375689105415,3420.6220287922188
2022-04-01,3299.1639502210155,2478.392837147873,824.4539002409175,0.0011162789189449462,0.3370873143366015,3302.84673738879,2.30284673738879,-0.03443095741420277,75.03808181869421,24.96191818130579,3420.6220287922188
2022-04-04,3302.84673738879,2603.841913354648,722.1717609717509,0.007014233108474377,0.3259628320467609,3326.0136743263993,2.3260136743263993,-0.027658231067179462,78.28716801298152,21.712831987018475,3420.6220287922188
2022-04-05,3326.0136743263993,2797.510274549834,488.5955701067101,-0.011998696811713394,0.5240878824665446,3286.105844656544,2.286105844656544,-0.039325065149969474,85.13147192439942,14.86852807560059,3420.6220287922188
2022-04-06,3286.105844656544,2655.8158133633624,615.7136484843003,-0.004435761809858718,0.4311973888016784,3271.529461847663,2.271529461847663,-0.04358639033766576,81.17963919736295,18.820360802637047,3420.6220287922188
2022-04-07,3271.529461847663,2673.224085541085,627.9724077955542,0.009068245245825057,1.1678733289960692,3301.1964933366394,2.3011964933366396,-0.03491339716880304,80.97743018135706,19.022569818642925,3420.6220287922188
2022-04-08,3301.1964933366394,2919.6223548686858,380.6360634149904,-0.0002841621378359971,0.27122427769849194,3300.2584182836763,2.3002584182836765,-0.035187638241060304,88.46647700961117,11.533522990388825,3420.6220287922188
2022-04-11,3300.2584182836763,2858.5582094879474,380.6360634149904,-0.01850283754824733,0.0,3239.194272902938,2.239194272902938,-0.05303940463522683,88.24905111128552,11.750948888714467,3420.6220287922188
2022-04-12,3239.194272902938,2661.282846577514,588.0363419626143,0.0031257512776832197,0.9080712924650584,3249.3191885401284,2.2493191885401282,-0.05007944134434972,81.90278308032858,18.097216919671425,3420.6220287922188
2022-04-13,3249.3191885401284,2694.0165337842204,588.0363419626143,0.01007401406490116,0.0,3282.0528757468346,2.282052875746835,-0.04050992827591393,82.08327640581336,17.916723594186642,3420.6220287922188
2022-04-14,3282.0528757468346,2827.7498039357806,447.37678521194647,-0.002110351923422793,0.17587966262161514,3275.126589147727,2.275126589147727,-0.04253478999428195,86.34016814206973,13.659831857930277,3420.6220287922188
2022-04-15,3275.126589147727,2977.3878083161158,297.29600742859054,-0.00013519276002571523,0.442773403020615,3274.6838157447064,2.2746838157447065,-0.042664232358651244,90.92138282177996,9.078617178220044,3420.6220287922188
2022-04-18,3274.6838157447064,2820.8128047564846,446.3985412704685,-0.002281890447506929,0.14925178562750532,3267.211346026953,2.267211346026953,-0.044848767701888836,86.33701667896982,13.66298332103019,3420.6220287922188
2022-04-19,3267.211346026953,2692.232978912691,593.8658575864249,0.0057809209358712366,0.17256896392994975,3286.0988364991163,2.286098836499116,-0.039327113946173387,81.92793682921884,18.072063170781156,3420.6220287922188
2022-04-20,3286.0988364991163,2765.1569956062167,547.2138779511182,0.007994901664676535,0.4692614654014927,3312.370873557335,2.312370873557335,-0.03164662869025203,83.47969177245434,16.52030822754565,3420.6220287922188
2022-04-21,3312.370873557335,2879.866984815836,413.8907535685787,-0.005619278723137278,0.15560562608812953,3293.7577383844146,2.2937577383844148,-0.03708807618613108,87.43408634019357,12.565913659806435,3420.6220287922188
2022-04-22,3293.7577383844146,2816.5244389740637,413.8907535685787,-0.019231088280597608,0.0,3230.415192542642,2.230415192542642,-0.05560592039943579,87.18769170835878,12.812308291641223,3420.6220287922188
2022-04-25,3230.415192542642,2497.1696563467285,733.5711962735879,0.00010081059500510747,0.6140747588308857,3230.740852620316,2.230740852620316,-0.0555107154703518,77.2940254344876,22.705974565512417,3420.6220287922188
2022-04-26,3230.740852620316,2439.592295583221,733.9551573546634,-0.017702874446288264,0.30412733177209533,3173.5474529378844,2.173547452937884,-0.07223089069024491,76.8727215131064,23.12727848689361,3420.6220287922188
2022-04-27,3173.5474529378844,2467.750261346577,704.4459434133216,-0.0004257847717810126,0.7868239062083353,3172.196204759899,2.172196204759899,-0.07262592064871776,77.79311562266241,22.20688437733758,3420.6220287922188
2022-04-28,3172.196204759899,2251.9286867010355,951.0944288894788,0.00971784493795158,0.5644325384906377,3203.0231155905144,2.2030231155905144,-0.06361384314610641,70.30635138847153,29.693648611528474,3420.6220287922188
2022-04-29,3203.0231155905144,2272.3437536894803,873.082563938087,-0.0179820113325434,0.4691948593257697,3145.426317627567,2.145426317627567,-0.0804519496302899,72.24279077703501,27.757209222964985,3420.6220287922188
2022-05-02,3145.426317627567,2441.4561443519597,698.2461194800231,-0.0018198022199743535,0.7375066594362808,3139.7022638319827,2.1397022638319827,-0.08212534521372583,77.7607537019189,22.239246298081113,3420.6220287922188
2022-05-03,3139.7022638319827,2097.4342348000387,1046.2080686440022,0.0012549086763562478,0.35935263332568357,3143.642303444041,2.143642303444041,-0.080973496345627,66.71987562014225,33.28012437985775,3420.6220287922188
2022-05-04,3143.642303444041,1977.0733866094097,1222.3430900064036,0.017741895479224334,0.18447244405712598,3199.4164766158133,2.1994164766158133,-0.06466822417515405,61.79481168080566,38.205188319194335,3420.6220287922188
2022-05-05,3199.4164766158133,2081.7472066583846,1065.4748303949082,-0.016313737190517097,0.9973284770297994,3147.2220370532928,2.1472220370532926,-0.0799269809519002,66.14554620389924,33.854453796100756,3420.6220287922188
2022-05-06,3147.2220370532928,1930.3930159610954,1222.9691825643272,0.0019509781641839918,0.950498511953453,3153.3621985254226,2.1533621985254228,-0.07813193858228251,61.21697713202078,38.78302286797923,3420.6220287922188
2022-05-09,3153.3621985254226,2113.4862700011763,984.8478887179651,-0.017450592840877355,0.5777983212294691,3098.3341587191417,2.0983341587191418,-0.09421908277509194,68.21363228538578,31.78636771461421,3420.6220287922188
2022-05-10,3098.3341587191417,1721.7558159827513,1355.1225081511604,-0.006924958214997723,0.39868628846406645,3076.8783241339115,2.0768783241339115,-0.10049157777881679,55.957877907550866,44.04212209244914,3420.6220287922188
2022-05-11,3076.8783241339115,1542.6860000226256,1537.8675510383,0.0011944661243790122,0.5716110286557627,3080.5535510609257,2.080553551060926,-0.0994171454398799,50.07820751862382,49.92179248137617,3420.6220287922188
2022-05-12,3080.5535510609257,1548.739712730539,1539.894885921304,0.0026232452891896685,0.3818896091588358,3088.6345986518427,2.0886345986518426,-0.09705469570913006,50.143183444443316,49.85681655555669,3420.6220287922188
2022-05-13,3088.6345986518427,1757.0594866886338,1350.7500931755835,0.006208238818778966,0.5275437345976581,3107.809579864217,2.107809579864217,-0.09144899561979725,56.53690940631573,43.463090593684285,3420.6220287922188
2022-05-16,3107.809579864217,1781.551387810881,1350.7500931755835,0.007880759902708423,0.0,3132.3014809864644,2.1323014809864644,-0.08428892329491222,56.87675335931623,43.123246640683774,3420.6220287922188
2022-05-17,3132.3014809864644,2089.0149236302573,1043.4540001455696,5.3456792195261116e-05,0.6464935165852365,3132.4689237758266,2.1324689237758268,-0.08423997231817382,66.68908692994128,33.310913070058724,3420.6220287922188
2022-05-18,3132.4689237758266,2075.424266098212,978.5235391500833,-0.02506684677110338,0.37299952986262713,3053.947805248295,2.053947805248295,-0.1071951886111755,67.95873402065146,32.04126597934854,3420.6220287922188
2022-05-19,3053.947805248295,1734.1595355282268,1308.189508047781,-0.0037979567471174702,0.6452656300599456,3042.3490435760077,2.042349043576008,-0.11058602266844864,57.000676473659254,42.999323526340746,3420.6220287922188
2022-05-20,3042.3490435760077,1742.7050421003028,1308.189508047781,0.0028088514663102693,0.0,3050.894550148084,2.050894550148084,-0.10808779091406406,57.12111688736392,42.87888311263607,3420.6220287922188
2022-05-23,3050.894550148084,1817.1718389705272,1270.754033451126,0.012137857164473909,0.4520291105756985,3087.9258724216534,2.0879258724216534,-0.09726188791692847,58.84765094912855,41.152349050871436,3420.6220287922188
2022-05-24,3087.9258724216534,2083.2488286693306,1029.0376908241276,0.007888999956045195,0.27093331642358387,3112.2865194934584,2.1122865194934586,-0.09014018699038495,66.93628030777805,33.063719692221945,3420.6220287922188
2022-05-25,3112.2865194934584,2021.0159658589582,1110.6319810420273,0.0062209656104150746,0.8989187770651386,3131.6479469009855,2.1316479469009857,-0.08447998038335347,64.53522235342302,35.46477764657697,3420.6220287922188
2022-05-26,3131.6479469009855,2255.505727215293,894.5144322657047,0.005866627696192062,0.24212399171988602,3150.020159480998,2.150020159480998,-0.07910896527985212,71.60289817278229,28.397101827217714,3420.6220287922188
2022-05-27,3150.020159480998,2279.610579216396,894.5144322657047,0.007652284995240954,0.0,3174.125011482101,2.174125011482101,-0.07206204463261112,71.81855065475108,28.18144934524892,3420.6220287922188
2022-05-30,3174.125011482101,2493.9553661645077,679.9217751600315,-7.809086178545144e-05,0.24787015756163872,3173.8771413245395,2.1738771413245397,-0.07213450810722921,78.57756476117778,21.42243523882222,3420.6220287922188
2022-05-31,3173.8771413245395,2459.8876928166433,679.9217751600315,-0.010733771923398305,0.0,3139.8094679766746,2.1398094679766744,-0.08209400467279804,78.34512628569848,21.65487371430153,3420.6220287922188
2022-06-01,3139.8094679766746,2474.5098916031598,672.3588791694924,0.002248322029720695,0.45743539693785484,3146.868770772652,2.1468687707726524,-0.08003025640229111,78.63403503145103,21.36596496854897,3420.6220287922188
2022-06-02,3146.868770772652,2482.002091027069,672.3588791694924,0.0023808426628701973,0.0,3154.3609701965615,2.1543609701965614,-0.07783995318818393,78.68478320895548,21.315216791044524,3420.6220287922188
2022-06-03,3154.3609701965615,2499.8828897781173,672.3588791694924,0.005668596245005597,0.0,3172.2417689476097,2.1722417689476097,-0.07261260020953242,78.80492950597056,21.19507049402944,3420.6220287922188
2022-06-06,3172.2417689476097,2503.116593734474,672.3588791694924,0.0010193750009885871,0.0,3175.4754729039664,2.1754754729039663,-0.07166724467795427,78.82651322906861,21.173486770931394,3420.6220287922188
2022-06-07,3175.4754729039664,2545.9069301206796,672.3588791694924,0.013475253312875912,0.0,3218.265809290172,2.218265809290172,-0.05915772564134958,79.1080377130878,20.8919622869122,3420.6220287922188
2022-06-08,3218.265809290172,2543.759032545133,672.3588791694924,-0.0006674083816651244,0.0,3216.1179117146253,2.2161179117146252,-0.05978565166108152,79.0940849301438,20.905915069856203,3420.6220287922188
2022-06-09,3216.1179117146253,2485.6791647064924,672.3588791694924,-0.01805899828084223,0.0,3158.038043875985,2.158038043875985,-0.07676498096135731,78.70960166318073,21.29039833681927,3420.6220287922188
2022-06-10,3158.038043875985,2216.943797391183,902.0248214585033,-0.012371423169540763,0.27176250606383817,3118.968618849686,2.1189686188496863,-0.08818671206682338,71.07938771788025,28.920612282119755,3420.6220287922188
2022-06-13,3118.968618849686,2152.7188635646953,902.0248214585033,-0.02059172171157475,0.0,3054.743685023199,2.054743685023199,-0.1069625175448593,70.47134180582967,29.528658194170326,3420.6220287922188
2022-06-14,3054.743685023199,2029.3380547681793,1017.6053092088067,-0.0025535108180946287,0.6425857989262433,3046.943363976986,2.046943363976986,-0.10924289841727253,66.60242125798526,33.397578742014744,3420.6220287922188
2022-06-15,3046.943363976986,1777.9706061460122,1269.2886101862673,0.00010366203685574504,0.2711248041434386,3047.2592163322797,2.0472592163322796,-0.10915056072177876,58.34654947031387,41.653450529686125,3420.6220287922188
2022-06-16,3047.2592163322797,1791.7442374689042,1218.3471730740196,-0.012197126384965618,0.5565134588922351,3010.0914105429238,2.0100914105429237,-0.12001636392263093,59.52457892784495,40.475421072155044,3420.6220287922188
2022-06-17,3010.0914105429238,1473.2372853170896,1504.7188180345229,-0.010675857576536218,0.32688723693892896,2977.9561033516125,1.9779561033516124,-0.12941094389107544,49.47142382854466,50.52857617145534,3420.6220287922188
2022-06-20,2977.9561033516125,1473.2372853170896,1504.7188180345229,0.0,0.0,2977.9561033516125,1.9779561033516124,-0.12941094389107544,49.47142382854466,50.52857617145534,3420.6220287922188
2022-06-21,2977.9561033516125,1521.947402606444,1504.7188180345229,0.016356895668990123,0.0,3026.666220640967,2.026666220640967,-0.11517080952973724,50.28461322319632,49.715386776803676,3420.6220287922188
2022-06-22,3026.666220640967,1502.4307223549242,1504.7188180345229,-0.006448243324097658,0.0,3007.149540389447,2.007149540389447,-0.12087640345015382,49.96195573833514,50.03804426166486,3420.6220287922188
2022-06-23,3007.149540389447,1496.8455969427316,1504.7188180345229,-0.0018572822326186067,0.0,3001.5644149772543,2.0015644149772545,-0.12250918408630163,49.86884804050006,50.131151959499945,3420.6220287922188
2022-06-24,3001.5644149772543,1532.2340690846613,1500.2858833633436,0.010313134482901054,0.49632412528364694,3032.519952448005,2.032519952448005,-0.11345950329427312,50.526759695274684,49.47324030472532,3420.6220287922188
2022-06-27,3032.519952448005,1545.426821836328,1500.2858833633436,0.004350425704871874,0.0,3045.7127051996713,2.045712705199671,-0.10960267472899465,50.741057066806064,49.25894293319394,3420.6220287922188
2022-06-28,3045.7127051996713,1768.7128936847316,1268.7784693929818,-0.0026993163563726608,0.2684911068814363,3037.4913630777137,2.037491363077714,-0.11200613879276922,58.229396639093565,41.77060336090642,3420.6220287922188
2022-06-29,3037.4913630777137,1753.153010103969,1268.7784693929818,-0.0051226099833241445,0.0,3021.931479496951,2.021931479496951,-0.11655498501131989,58.01432037750273,41.98567962249728,3420.6220287922188
2022-06-30,3021.931479496951,1752.7456714591292,1268.7784693929818,-0.0001347941366650618,0.0,3021.524140852111,2.021524140852111,-0.1166740682194064,58.008660191105776,41.99133980889423,3420.6220287922188
2022-07-01,3021.524140852111,1769.0624323194318,1268.7784693929818,0.005400175573543775,0.0,3037.8409017124136,2.0378409017124137,-0.11190395309912704,58.234202828799276,41.765797171200724,3420.6220287922188
2022-07-04,3037.8409017124136,1769.0624323194318,1268.7784693929818,0.0,0.0,3037.8409017124136,2.0378409017124137,-0.11190395309912704,58.234202828799276,41.765797171200724,3420.6220287922188
2022-07-05,3037.8409017124136,1732.5487846203412,1268.7784693929818,-0.012019605002522749,0.0,3001.327254013323,2.001327254013323,-0.12257851678717735,57.72608709375516,42.27391290624483,3420.6220287922188
2022-07-06,3001.327254013323,1732.7666530949687,1268.7784693929818,7.259070943899104e-05,0.0,3001.5451224879507,2.0015451224879506,-0.12251482413923387,57.729155564341326,42.27084443565866,3420.6220287922188
2022-07-07,3001.5451224879507,1756.3773496104218,1268.7784693929818,0.007866180767551523,0.0,3025.155819003404,2.025155819003404,-0.11561236712506628,58.05907049736817,41.94092950263182,3420.6220287922188
2022-07-08,3025.155819003404,1753.6048989035091,1268.7784693929818,-0.0009164654228707159,0.0,3022.383368296491,2.022383368296491,-0.11642287781101068,58.020597826803666,41.97940217319634,3420.6220287922188
2022-07-11,3022.383368296491,1749.988466064448,1268.7784693929818,-0.00119655000652652,0.0,3018.76693545743,2.01876693545743,-0.1174801220223326,57.970307197606644,42.029692802393356,3420.6220287922188
2022-07-12,3018.76693545743,1727.0823036193774,1268.7784693929818,-0.0075879201458126655,0.0,2995.8607730123595,1.9958607730123594,-0.12417661238351951,57.64895081832471,42.351049181675286,3420.6220287922188
2022-07-13,2995.8607730123595,1786.5879051758634,1197.796011093419,-0.0038309045755610116,0.5482981115245927,2984.3839162692825,1.9843839162692825,-0.12753180820652288,59.86454676411876,40.13545323588124,3420.6220287922188
2022-07-14,2984.3839162692825,1487.448300310889,1491.896501916596,-0.0016884939013129818,0.29545621804517613,2979.344802227485,1.979344802227485,-0.12900496542745576,49.9253493317997,50.07465066820029,3420.6220287922188
2022-07-15,2979.344802227485,1502.1872530562723,1491.896501916596,0.00494704497927323,0.0,2994.0837549728685,1.9940837549728685,-0.12469611381470169,50.17185142403889,49.8281485759611,3420.6220287922188
2022-07-18,2994.0837549728685,1727.801062791504,1246.781231591049,-0.006513331685503387,0.7536663143130552,2974.582294382553,1.9745822943825528,-0.13039725835103666,58.08550215788033,41.91449784211967,3420.6220287922188
2022-07-19,2974.582294382553,1986.0466281853708,991.2597192056527,0.0009157766499232611,0.26771225519822084,2977.3063473910233,1.9773063473910235,-0.1296008964655253,66.70615638614812,33.29384361385188,3420.6220287922188
2022-07-20,2977.3063473910233,1910.341285552187,1062.8263020423044,-0.0013901020968698496,0.49739345448985917,2973.167587594491,1.973167587594491,-0.1308108400844622,64.25272808445325,35.747271915546754,3420.6220287922188
2022-07-21,2973.167587594491,1729.70265711199,1238.15427051477,-0.0017861959715590459,0.6655576496014312,2967.85692762676,1.9678569276267597,-0.1323633822604261,58.28120085610537,41.71879914389462,3420.6220287922188
2022-07-22,2967.85692762676,1730.1747029963265,1236.1034234671235,-0.000531966736203926,0.5036297106929736,2966.27812646345,1.96627812646345,-0.1328249360801761,58.328134761224504,41.671865238775496,3420.6220287922188
2022-07-25,2966.27812646345,1750.625440353851,1236.1034234671235,0.006894409925716216,0.0,2986.7288638209748,1.9867288638209746,-0.12684627571215357,58.61347046126728,41.38652953873271,3420.6220287922188
2022-07-26,2986.7288638209748,1912.2789184286096,1066.0792000336896,-0.0028026465542529966,0.6096799023731296,2978.358118462299,1.9783581184622991,-0.1292934169888621,64.2058087835288,35.79419121647122,3420.6220287922188
2022-07-27,2978.358118462299,1495.7889797986286,1488.0849983892042,0.0018519800192402514,1.0940608419451945,2983.873978187833,1.983873978187833,-0.12768088579450454,50.129093612292955,49.870906387707045,3420.6220287922188
2022-07-28,2983.873978187833,1939.4510742242576,1064.554141877718,0.006746678332028244,1.1151360465083517,3004.0052161019757,2.0040052161019757,-0.1217956293280803,64.56217398786367,35.43782601213633,3420.6220287922188
2022-07-29,3004.0052161019757,2045.692955902666,1000.8524484678449,0.014161156592043422,0.48262356614709645,3046.545404370511,2.046545404370511,-0.10935923971517836,67.14795561451201,32.85204438548799,3420.6220287922188
2022-08-01,3046.545404370511,2171.704164373078,869.7015134661166,-0.0016870671035931206,0.7400306397438756,3041.4056778391946,2.0414056778391947,-0.11086181044297405,71.4046199162748,28.595380083725203,3420.6220287922188
2022-08-02,3041.4056778391946,2154.66709443029,869.7015134661166,-0.005601709126449861,0.0,3024.3686078964065,2.0243686078964065,-0.11584250395409068,71.24353456138286,28.756465438617145,3420.6220287922188
2022-08-03,3024.3686078964065,2166.9049077536256,869.7015134661166,0.004046402707455599,0.0,3036.606421219742,2.036606421219742,-0.11226484666827341,71.35942585813359,28.640574141866416,3420.6220287922188
2022-08-04,3036.606421219742,2256.9890499154426,758.5030036077917,-0.006953277694784932,0.6486016971437548,3015.492053523234,2.015492053523234,-0.11843751570881145,74.84645987637164,25.153540123628364,3420.6220287922188
2022-08-05,3015.492053523234,2233.808011860568,758.5030036077917,-0.007687315251847515,0.0,2992.31101546836,1.9923110154683599,-0.12521436443975964,74.65159872463758,25.348401275362413,3420.6220287922188
2022-08-08,2992.31101546836,2134.2926277712018,854.3307782598171,-0.0012323616824181371,0.6152261597145671,2988.623406031019,1.988623406031019,-0.12629241673735392,71.41390325272216,28.586096747277836,3420.6220287922188
2022-08-09,2988.623406031019,2241.6680292177757,746.6234770555416,-0.00011105439281233753,0.5323744522134432,2988.2915062733173,1.9882915062733173,-0.12638944580250866,75.01503867717872,24.984961322821274,3420.6220287922188
2022-08-10,2988.2915062733173,2270.076536615597,746.6234770555416,0.009506605141494262,0.0,3016.7000136711385,2.0167000136711386,-0.11808437521631121,75.25032407359103,24.74967592640896,3420.6220287922188
2022-08-11,3016.7000136711385,2377.2218732982096,645.673990685464,0.00205385032799299,0.7617265297800278,3022.8958639836737,2.0228958639836736,-0.1162730525210871,78.64054801297146,21.359451987028528,3420.6220287922188
2022-08-12,3022.8958639836737,2400.9687708561537,645.673990685464,0.007855678338402727,0.0,3046.642761541618,2.0466427615416176,-0.10933077788271406,78.80703314363153,21.192966856368464,3420.6220287922188
2022-08-15,3046.642761541618,2683.9177798367336,380.0191454256598,0.0056764658919263855,0.811199767042409,3063.9369252623933,2.0639369252623934,-0.10427492442237674,87.59703105203072,12.402968947969295,3420.6220287922188
2022-08-16,3063.9369252623933,2911.5894607842242,151.9588941143256,-0.000126820614562817,1.237952148793762,3063.54835489855,2.06354835489855,-0.10438852082694072,95.03977491096732,4.960225089032674,3420.6220287922188
2022-08-17,3063.54835489855,2943.571556159129,116.44896759737838,-0.0011515506639225848,1.3798152833349493,3060.0205237565074,2.0600205237565072,-0.10541986282039928,96.19450370697434,3.8054962930256635,3420.6220287922188
2022-08-18,3060.0205237565074,2934.6488411310006,138.18392435387204,0.0041869790182442745,0.907917635060129,3072.8327654848727,2.072832765484873,-0.10167427455589018,95.50304442513104,4.496955574868961,3420.6220287922188
2022-08-19,3072.8327654848727,2623.8056093204277,418.16805338049244,-0.010042558492142084,0.8545964583540789,3041.97366270092,2.04197366270092,-0.11069576319865859,86.25339665139613,13.74660334860387,3420.6220287922188
2022-08-22,3041.97366270092,2621.7314503732828,378.5562954196783,-0.013703575878742713,1.6904124179365732,3000.2877457929612,2.0002877457929613,-0.12288241128695321,87.38266701417241,12.61733298582759,3420.6220287922188
2022-08-23,3000.2877457929612,2589.660153792097,427.9156959180856,0.005762148627731722,0.6968391951944457,3017.5758497101824,2.0175758497101826,-0.11782832937679089,85.81922320331455,14.180776796685457,3420.6220287922188
2022-08-24,3017.5758497101824,2593.8873543888926,430.6331881941641,0.0023014145190556334,0.4490760501476533,3024.520542583057,2.0245205425830566,-0.11579808668571923,85.76193541650119,14.238064583498804,3420.6220287922188
2022-08-25,3024.520542583057,2618.427681293751,430.6331881941641,0.008113790784141983,0.0,3049.060869487915,2.0490608694879153,-0.10862385735014912,85.87653029483506,14.123469705164931,3420.6220287922188
2022-08-26,3049.060869487915,2762.255070269924,217.55918681799574,-0.02271080026409089,0.23087528828421336,2979.81425708792,1.97981425708792,-0.12886772288604564,92.69890107074627,7.301098929253717,3420.6220287922188
2022-08-29,2979.81425708792,2243.1079570624524,743.9489335768317,0.002430565440156629,1.0046306951485562,2987.056890639284,1.987056890639284,-0.12675037887948737,75.0942495970469,24.905750402953096,3420.6220287922188
2022-08-30,2987.056890639284,1949.5501925465164,995.4224966791561,-0.014088851653777712,0.2631335339387387,2944.9726892256726,1.9449726892256725,-0.13905346324817192,66.19926220976654,33.80073779023345,3420.6220287922188
2022-08-31,2944.9726892256726,2041.8908044406894,882.8896529965197,-0.006856509013593914,0.6021537711820979,2924.780457437209,1.9247804574372092,-0.14495655093763327,69.81347264026316,30.186527359736846,3420.6220287922188
2022-09-01,2924.780457437209,1815.6710466171667,1095.9946971455975,-0.004483999351505674,0.7979743933559408,2911.665743762764,1.911665743762764,-0.14879056520873812,62.358498756480316,37.641501243519684,3420.6220287922188
2022-09-02,2911.665743762764,1450.9740893567118,1454.5024784587254,-0.002125647822242338,1.330393422656706,2905.476567815437,1.905476567815437,-0.15059993669007432,49.93928037243359,50.06071962756641,3420.6220287922188
2022-09-05,2905.476567815437,2902.1067713399248,0.0,-0.001159808519139438,3.3697964755125094,2902.1067713399248,1.9021067713399247,-0.1515850781196587,100.0,0.0,3420.6220287922188
2022-09-06,2902.1067713399248,2885.680908455799,0.0,-0.005659978828601808,0.0,2885.680908455799,1.8856809084557988,-0.15638708861537132,100.0,0.0,3420.6220287922188
2022-09-07,2885.680908455799,2854.9081926617077,0.0,-0.010663935746990982,0.0,2854.9081926617077,1.854908192661708,-0.16538332249770893,100.0,0.0,3420.6220287922188
2022-09-08,2854.9081926617077,1430.8670489592012,1424.5991881381922,0.00019546843471873743,2.854908192661708,2855.4662370973933,1.8554662370973931,-0.1652201812821673,50.10975196869042,49.89024803130959,3420.6220287922188
2022-09-09,2855.4662370973933,1687.9805292066196,1188.8283410520737,0.007474307657370449,0.9492577385070593,2876.8088702586933,1.8768088702586931,-0.15898078009090633,58.6754492680228,41.3245507319772,3420.6220287922188
2022-09-12,2876.8088702586933,2491.973503149903,409.9108988929004,0.00871643995656024,1.0617968583417223,2901.8844020428032,1.9018844020428034,-0.15165008655825551,85.87432019675421,14.1256798032458,3420.6220287922188
2022-09-13,2901.8844020428032,2025.2452464462913,805.0379692653172,-0.024674031219434678,1.0410313021285018,2830.2832157116086,1.8302832157116087,-0.17258229880752185,71.55627518842105,28.443724811578942,3420.6220287922188
2022-09-14,2830.2832157116086,1455.0650406259258,1413.2675509907585,0.013443663762641833,1.8740568650459257,2868.332591616684,1.8683325916166842,-0.1614587734414321,50.72860256438408,49.271397435615924,3420.6220287922188
2022-09-15,2868.332591616684,1894.1636704758212,955.6330714478252,-0.006462238635509876,0.4777924244028446,2849.7967419236466,1.8497967419236465,-0.16687762695316677,66.4666234826712,33.5333765173288,3420.6220287922188
2022-09-16,2849.7967419236466,1759.0398552149204,1067.848288329113,-0.00803867800204916,0.8254898922544537,2826.8881435440335,1.8268881435440334,-0.17357482944639335,62.225308038174965,37.77469196182504,3420.6220287922188
2022-09-19,2826.8881435440335,1903.6645723261072,941.469669179807,0.006454481760642228,0.8263786682042076,2845.1342415059144,1.8451342415059142,-0.16824068325651942,66.90948161793968,33.09051838206032,3420.6220287922188
2022-09-20,2845.1342415059144,1896.8997848942834,941.469669179807,-0.0023776689806536133,0.0,2838.3694540740903,1.8383694540740905,-0.17021833158331,66.83061580202477,33.169384197975226,3420.6220287922188
2022-09-21,2838.3694540740903,1860.9108390604868,941.469669179807,-0.012679443749699093,0.0,2802.3805082402937,1.8023805082402937,-0.18073950157253094,66.40464539303457,33.595354606965444,3420.6220287922188
2022-09-22,2802.3805082402937,1820.700736395976,941.469669179807,-0.014348552077875998,0.0,2762.170405575783,1.7621704055757834,-0.1924947034995641,65.91558336591639,34.08441663408362,3420.6220287922188
2022-09-23,2762.170405575783,1299.2177383023177,1379.731924255067,-0.03012875051097752,1.3532785328246688,2678.9496625573847,1.6789496625573848,-0.21682382911411868,48.49728072389593,51.50271927610407,3420.6220287922188
2022-09-26,2678.9496625573847,1311.826117992009,1338.143724608097,-0.010817605258627405,1.3311066705952845,2649.969842600106,1.6499698426001062,-0.22529591977872543,49.50343573362583,50.49656426637418,3420.6220287922188
2022-09-27,2649.969842600106,0.0,2648.658016482114,-0.0004950343573362215,1.311826117992009,2648.658016482114,1.648658016482114,-0.22567942491520354,0.0,100.0,3420.6220287922188
2022-09-28,2648.658016482114,1372.5203126656281,1323.004679232816,0.01769461180895604,1.324329008241057,2695.524991898444,1.695524991898444,-0.21197812292339058,50.91847847045815,49.08152152954185,3420.6220287922188
2022-09-29,2695.524991898444,1369.73997018116,1323.004679232816,-0.0010314660382763075,0.0,2692.744649413976,1.6927446494139757,-0.21279094072701388,50.86780027505608,49.13219972494394,3420.6220287922188
2022-09-30,2692.744649413976,1348.5790866074738,1323.004679232816,-0.007858481337356449,0.0,2671.5837658402897,1.67158376584029,-0.21897720842790858,50.47863757262003,49.52136242737997,3420.6220287922188
2022-10-03,2671.5837658402897,1419.7849258233912,1323.004679232816,0.026653043833540835,0.0,2742.789605056207,1.742789605056207,-0.19816057372914309,51.764266686955594,48.235733313044406,3420.6220287922188
2022-10-04,2742.789605056207,1423.047873147903,1369.97501760228,0.01831466970757556,1.4197849258233912,2793.0228907501833,1.793022890750183,-0.18347514947848054,50.950097038613386,49.04990296138661,3420.6220287922188
2022-10-05,2793.0228907501833,1455.8352802929485,1369.97501760228,0.011739039896031311,0.0,2825.8102978952284,1.8258102978952282,-0.1738899316821073,51.519214908987706,48.4807850910123,3420.6220287922188
2022-10-06,2825.8102978952284,1490.8268781105323,1369.97501760228,0.012382854519161102,0.0,2860.8018957128124,1.8608018957128123,-0.16366033088931264,52.11220253820022,47.88779746179978,3420.6220287922188
2022-10-07,2860.8018957128124,1476.8617694873694,1369.97501760228,-0.004881536412602028,0.0,2846.8367870896495,1.8468367870896496,-0.16774295343737988,51.877289775968514,48.12271022403148,3420.6220287922188
2022-10-10,2846.8367870896495,1447.4647047486415,1369.97501760228,-0.010326220622145721,0.0,2817.4397223509213,1.8174397223509215,-0.17633702331452095,51.37517914813991,48.6248208518601,3420.6220287922188
2022-10-11,2817.4397223509213,1441.3342030210738,1369.97501760228,-0.002175912293325588,0.0,2811.309220623354,1.8113092206233543,-0.17812924171104805,51.26914508185925,48.73085491814075,3420.6220287922188
2022-10-12,2811.309220623354,1446.6657373517887,1369.97501760228,0.0018964595895760716,0.0,2816.640754954069,1.816640754954069,-0.1765705970300988,51.361386247334174,48.63861375266582,3420.6220287922188
2022-10-13,2816.640754954069,1506.8538317050666,1369.97501760228,0.021368750788475888,0.0,2876.828849307347,1.8768288493073468,-0.1589749393261315,52.37898778955415,47.62101221044583,3420.6220287922188
2022-10-14,2876.828849307347,1463.6332333455798,1369.97501760228,-0.015023694708113378,0.0,2833.60825094786,1.8336082509478602,-0.1716102430795683,51.65263168809538,48.34736831190461,3420.6220287922188
2022-10-17,2833.60825094786,1479.587898769596,1369.97501760228,0.0056305120577901935,0.0,2849.562916371876,1.8495629163718759,-0.1669459845646779,51.92332796966065,48.07667203033936,3420.6220287922188
2022-10-18,2849.562916371876,1487.3030521670657,1369.97501760228,0.0027074865949243687,0.0,2857.278069769346,1.8572780697693463,-0.16469050198503887,52.05314344106272,47.94685655893728,3420.6220287922188
2022-10-19,2857.278069769346,1533.468779902345,1369.97501760228,0.016157240075344026,0.0,2903.443797504625,1.9034437975046248,-0.15119420588839616,52.81551450110005,47.18448549889997,3420.6220287922188
2022-10-20,2903.443797504625,2408.6128202191985,482.47059710786067,-0.004257144632242915,1.4367024762436187,2891.083417327059,1.8910834173270592,-0.154807694918615,83.3117718355589,16.688228164441103,3420.6220287922188
2022-10-21,2891.083417327059,2213.2514198442977,721.1055142741485,0.014967923973427055,1.665340057616446,2934.356934118446,1.9343569341184463,-0.14215692075323128,75.42543288140281,24.574567118597198,3420.6220287922188
2022-10-24,2934.356934118446,1960.1721401021362,975.416667130618,0.0004198102487071864,2.7023109088640385,2935.5888072327543,1.9355888072327545,-0.14179678943678087,66.77270792396503,33.227292076034956,3420.6220287922188
2022-10-25,2935.5888072327543,2114.502086131557,838.1071169131782,0.005797949552759585,0.6325422961800272,2952.6092030447353,1.9526092030447355,-0.13682097051591913,71.61469536676506,28.38530463323493,3420.6220287922188
2022-10-26,2952.6092030447353,2144.810018198407,838.1071169131782,0.010264796314932711,0.0,2982.917135111585,1.982917135111585,-0.1279606135949437,71.9031042784289,28.096895721571098,3420.6220287922188
2022-10-27,2982.917135111585,2101.748113527803,893.7493007386887,0.004217441713960435,1.1258397947863876,2995.497414266492,1.995497414266492,-0.12428283831050269,70.16357629013206,29.836423709867944,3420.6220287922188
2022-10-28,2995.497414266492,2286.580582011864,748.7291423520239,0.013290717564229615,0.14521121459919661,3035.3097243638877,2.035309724363888,-0.11264392884833885,75.33269384860105,24.667306151398954,3420.6220287922188
2022-10-31,3035.3097243638877,2573.8585252410203,454.9708320314615,-0.0021349936842981476,0.3256266231216776,3028.829357272482,2.028829357272482,-0.11453842845597129,84.97865748233596,15.02134251766403,3420.6220287922188
2022-11-01,3028.829357272482,2579.0578681424763,454.9708320314615,0.0017166179695702333,0.0,3034.028700173938,2.034028700173938,-0.11301842921089478,85.00439920013352,14.995600799866477,3420.6220287922188
2022-11-02,3034.028700173938,2682.2837623993037,303.2202447256733,-0.01599348517902266,0.18262529172022832,2985.504007124977,1.9855040071249768,-0.12720435581737655,89.84358272499281,10.156417275007199,3420.6220287922188
2022-11-03,2985.504007124977,2659.862616129837,331.1536892960634,0.0018463543467932553,0.5689781622673199,2991.0163054259006,1.9910163054259007,-0.1255928657858778,88.92838903300765,11.071610966992349,3420.6220287922188
2022-11-04,2991.0163054259006,3035.9017968944213,0.0,0.015006769233285588,0.8012806746977209,3035.9017968944213,2.035901796894421,-0.11247083970678795,100.0,0.0,3420.6220287922188
2022-11-07,3035.9017968944213,2943.6154773363314,125.10445321369077,0.010810011604845737,1.3914549902432767,3068.719930550022,2.068719930550022,-0.10287663918437928,95.92323652711873,4.07676347288127,3420.6220287922188
2022-11-08,3068.719930550022,2954.0271877377286,125.10445321369077,0.0033928512985970105,0.0,3079.1316409514193,2.0791316409514193,-0.0998328330246343,95.93702160863006,4.062978391369939,3420.6220287922188
2022-11-09,3079.1316409514193,2911.4442576094543,117.9924336987699,-0.016139274132443426,0.4357063378231508,3029.436691308224,2.029436691308224,-0.11436087769747472,96.10513617804583,3.894863821954185,3420.6220287922188
2022-11-10,3029.436691308224,3118.4782729918948,0.0,0.029392124925119,0.34693731264303307,3118.4782729918948,2.118478272991895,-0.08833006197618609,100.0,0.0,3420.6220287922188
2022-11-11,3118.4782729918948,2926.2795980118603,222.08020272663737,0.009582086239111165,0.6682453442125489,3148.3598007384976,2.1483598007384974,-0.07959436200843673,92.94616191343363,7.053838086566374,3420.6220287922188
2022-11-14,3148.3598007384976,3023.6459273904866,111.87184555997091,-0.004078958124489995,0.5695758949756169,3135.5177729504576,2.1355177729504575,-0.08334865806334879,96.43210934649872,3.5678906535012813,3420.6220287922188
2022-11-15,3135.5177729504576,3044.2479848503185,111.06797883296869,0.0063141695140831455,0.914798772404789,3155.315963683287,2.155315963683287,-0.07756076610504914,96.47997284229768,3.52002715770233,3420.6220287922188
2022-11-16,3155.315963683287,3135.6338725517826,0.0,-0.006237756014940921,0.4917378235572681,3135.6338725517826,2.1356338725517827,-0.08331471698469473,100.0,0.0,3420.6220287922188
2022-11-17,3135.6338725517826,3124.5432659118887,0.0,-0.003536958423933645,0.41613968058419487,3124.5432659118887,2.1245432659118886,-0.08655699471855183,100.0,0.0,3420.6220287922188
2022-11-18,3124.5432659118887,2928.7500884427354,207.67797574094322,0.0038036913751364754,0.6249086531823779,3136.4280641836785,2.1364280641836784,-0.08308253943768407,93.37851940197469,6.621480598025315,3420.6220287922188
2022-11-21,3136.4280641836785,3037.4540438053173,97.54883374316981,-0.000454397998623457,0.46454326257023276,3135.002877548487,2.135002877548487,-0.08349918489666641,96.88839731402572,3.1116026859742836,3420.6220287922188
2022-11-22,3135.002877548487,2988.8024214060724,183.95624700526352,0.012043303415521178,0.45568696817715193,3172.7586684113357,2.1727586684113356,-0.07246148749980441,94.20200947406524,5.7979905259347735,3420.6220287922188
2022-11-23,3172.7586684113357,3183.679777034743,0.0,0.0034421491719935915,0.4984106923285702,3183.679777034743,2.183679777034743,-0.06926876157700979,100.0,0.0,3420.6220287922188
2022-11-24,3183.679777034743,3183.3446528476866,0.0,-0.0001052631578947194,0.3351241870562892,3183.3446528476866,2.1833446528476865,-0.06936673328631748,100.0,0.0,3420.6220287922188
2022-11-25,3183.3446528476866,3185.3549697418057,0.0,0.0006315109148866682,0.0,3185.3549697418057,2.1853549697418058,-0.06877902822063131,100.0,0.0,3420.6220287922188
2022-11-28,3185.3549697418057,3060.2578984423935,83.72744384535432,-0.012987446563109795,0.09768693732470964,3143.9853422877477,2.1439853422877477,-0.08087321083006305,97.33690094800413,2.6630990519958764,3420.6220287922188
2022-11-29,3143.9853422877477,2888.850135013189,261.54337133435996,0.0020382296232777097,0.45540718961918847,3150.393506347549,2.150393506347549,-0.07899981938082878,91.69807292938513,8.301927070614862,3420.6220287922188
2022-11-30,3150.393506347549,3211.012240469983,0.0,0.019241638862033117,0.27784543619736135,3211.012240469983,2.2110122404699832,-0.061278266513487445,100.0,0.0,3420.6220287922188
2022-12-01,3211.012240469983,3118.25829838701,84.07782050704348,-0.002701989567831742,0.42250161058815605,3202.3361188940535,2.2023361188940536,-0.06381468284446479,97.37448483277639,2.6255151672236168,3420.6220287922188
2022-12-02,3202.3361188940535,2669.6796243578274,533.0688736554005,0.0001287744645981359,0.6538128269419377,3202.7484980132276,2.2027484980132277,-0.0636941260814834,83.35589341510641,16.6441065848936,3420.6220287922188
2022-12-05,3202.7484980132276,2799.8245634588397,355.67308157450304,-0.014753219932566064,0.18786264918898957,3155.497645033343,2.1554976450333427,-0.07750765256355674,88.728463095692,11.271536904307998,3420.6220287922188
2022-12-06,3155.497645033343,2530.6181352331982,590.9239389257777,-0.010760765715611242,0.7318695179742845,3121.542074158976,2.121542074158976,-0.08743437658876463,81.0694866547654,18.930513345234594,3420.6220287922188
2022-12-07,3121.542074158976,2438.065924776766,682.5262704465928,-0.00030429797614472953,0.31105827568341066,3120.592195223359,2.120592195223359,-0.08771206846106783,78.12830938014507,21.87169061985494,3420.6220287922188
2022-12-08,3120.592195223359,2457.1528865880077,682.4243542814494,0.006083795785671198,0.20518842366019838,3139.577240869457,2.139577240869457,-0.08216189498785265,78.26381382187422,21.73618617812577,3420.6220287922188
2022-12-09,3139.577240869457,2440.846989944135,686.5733086971443,-0.0038721589868612183,0.20921274304941495,3127.4202986412793,2.127420298641279,-0.08571591005465917,78.04665688857271,21.953343111427298,3420.6220287922188
2022-12-12,3127.4202986412793,2379.5404244608985,781.7368484314007,0.010825847189688265,0.11822622891888897,3161.277272892299,2.161277272892299,-0.07581801020894763,75.27148741001835,24.728512589981648,3420.6220287922188
2022-12-13,3161.277272892299,2438.3288732180768,743.3218229732115,0.006444680912266021,0.5081235896823433,3181.6506961912883,2.181650696191288,-0.06986195217988134,76.63722721469607,23.362772785303935,3420.6220287922188
2022-12-14,3181.6506961912883,2380.7407280527354,795.183824824737,-0.0017997397767989254,0.22884922308523767,3175.9245528774727,2.175924552877473,-0.07153595862245732,74.96213113424626,25.037868865753726,3420.6220287922188
2022-12-15,3175.9245528774727,2362.6197058389207,747.0528296896499,-0.020860702527985442,0.22353569328485695,3109.6725355285707,2.1096725355285706,-0.0909043707975653,75.97647915803235,24.023520841967645,3420.6220287922188
2022-12-16,3109.6725355285707,2118.500156731924,971.3078602851613,-0.006387977603599659,0.4648070675172604,3089.808017017085,2.089808017017085,-0.09671165331644083,68.56413554060016,31.435864459399852,3420.6220287922188
2022-12-19,3089.808017017085,2124.4112537715205,965.3591022911738,-1.2188768423015972e-05,0.20590302666538016,3089.770356062694,2.089770356062694,-0.09672266328891777,68.75628311997484,31.243716880025175,3420.6220287922188
2022-12-20,3089.770356062694,2040.575469482436,1062.0036163709765,0.004145528086119787,0.10494352557453646,3102.5790858534124,2.1025790858534124,-0.09297810172002652,65.770296679517,34.229703320483,3420.6220287922188
2022-12-21,3102.5790858534124,1872.7175859406952,1260.2186035668312,0.009784473760082735,0.20415006111770606,3132.9361895075263,2.132936189507526,-0.0841033697564858,59.77515891362831,40.22484108637169,3420.6220287922188
2022-12-22,3132.9361895075263,2032.200792940783,1076.739407019754,-0.0076592653330616045,0.20740812345799933,3108.940199960537,2.108940199960537,-0.09111846506517796,65.36635194741213,34.63364805258787,3420.6220287922188
2022-12-23,3108.940199960537,1954.6946773976265,1165.7382052672415,0.003696656083792327,0.11436971796008669,3120.432882664868,2.120432882664868,-0.08775864260961452,62.64177923058886,37.35822076941114,3420.6220287922188
2022-12-26,3120.432882664868,2145.297606832097,974.9318055837241,-6.52057764733982e-05,0.20347024904712815,3120.2294124158207,2.1202294124158207,-0.08781812601565431,68.7544831894624,31.24551681053761,3420.6220287922188
2022-12-27,3120.2294124158207,2246.4580642452984,877.4668879039057,0.001184380776194871,0.09763433804364897,3123.924952149204,2.1239249521492036,-0.08673775533971384,71.91139667743222,28.088603322567796,3420.6220287922188
2022-12-28,3123.924952149204,2320.60748235365,780.8668334586754,-0.0071866759543735,0.11440457862552798,3101.4743158123256,2.1014743158123257,-0.0933010751534511,74.82272126267297,25.177278737327025,3420.6220287922188
2022-12-29,3101.4743158123256,1957.1363142859514,1162.65295508272,0.005905241085818469,0.3999133469021165,3119.7892693686713,2.1197892693686713,-0.08794679940997985,62.73296512369897,37.26703487630104,3420.6220287922188
2022-12-30,3119.7892693686713,2244.875595682043,877.1379658440353,0.0007129623078216962,0.30276616590363437,3122.013561526078,2.122013561526078,-0.087296539855231,71.90473556382378,28.095264436176237,3420.6220287922188
2023-01-02,3122.013561526078,1853.6955521561088,1267.923811266063,-0.00012626405879978542,0.39419810390615373,3121.619363422172,2.121619363422172,-0.08741178149858941,59.38249787520339,40.61750212479661,3420.6220287922188
2023-01-03,3121.619363422172,1959.7604659051935,1170.509501260465,0.0027711910826959674,0.09776002284964298,3130.2699671656583,2.1302699671656584,-0.08488282516530488,62.60675553424176,37.393244465758244,3420.6220287922188
2023-01-04,3130.2699671656583,1984.2237404729128,1170.509501260465,0.007815068612075704,0.0,3154.733241733378,2.154733241733378,-0.07773112165588292,62.89672021152175,37.10327978847825,3420.6220287922188
2023-01-05,3154.733241733378,2360.872247552727,788.254006741902,-0.0017773253740047679,0.42930369144259195,3149.126254294629,2.149126254294629,-0.07937029353501879,74.96912022288981,25.030879777110194,3420.6220287922188
2023-01-06,3149.126254294629,2109.725334168588,1082.2064875405374,0.013592839396680212,0.3056623732411373,3191.931821709125,2.191931821709125,-0.06685632179122747,66.0955638156122,33.904436184387805,3420.6220287922188
2023-01-09,3191.931821709125,2420.625206256037,750.4896766927951,-0.006521736654496069,0.5531048858223836,3171.114882948832,2.171114882948832,-0.07294203912131292,76.33357023019892,23.66642976980108,3420.6220287922188
2023-01-10,3171.114882948832,2345.0683145979083,845.0486024892494,0.0059922250816266676,0.5820329637721517,3190.1169170871576,2.1901169170871575,-0.06738689915601392,73.51041907075778,26.48958092924222,3420.6220287922188
2023-01-11,3190.1169170871576,2360.466269923747,845.0486024892494,0.0048267683367224645,0.0,3205.5148724129963,2.2055148724129965,-0.06288539177044772,73.63766395963943,26.362336040360567,3420.6220287922188
2023-01-12,3205.5148724129963,2277.2583543102896,942.1725147882033,0.004341267234558632,0.625977097971974,3219.430869098493,2.219430869098493,-0.05881712682671458,70.73481142795804,29.26518857204196,3420.6220287922188
2023-01-13,3219.430869098493,2291.6794400062704,946.6841311678077,0.005880760558429454,0.20730091998483777,3238.363571174078,2.238363571174078,-0.053282255707887693,70.76658903914903,29.233410960850964,3420.6220287922188
2023-01-16,3238.363571174078,2248.86359109311,989.2772551447677,-6.877700150254018e-05,0.22272493620060949,3238.1408462378777,2.2381408462378776,-0.05334736811560936,69.44922095361832,30.55077904638167,3420.6220287922188
2023-01-17,3238.1408462378777,2231.5816722790487,989.2772551447677,-0.005336987992396791,0.0,3220.8589274238166,2.2208589274238166,-0.05839964184494717,69.28529695226251,30.71470304773748,3420.6220287922188
2023-01-18,3220.8589274238166,2195.4839733009135,983.9476630516498,-0.012862187386887158,0.20367588340501858,3179.431636352563,2.179431636352563,-0.07051068209509748,69.05271836005153,30.947281639948464,3420.6220287922188
2023-01-19,3179.431636352563,2300.115636700249,847.050670235318,-0.010148143790256414,0.7977661253655776,3147.1663069355673,2.147166306935567,-0.07994327334470375,73.08529046054446,26.914709539455544,3420.6220287922188
2023-01-20,3147.1663069355673,2401.7296768377073,786.5208985749554,0.013054368428689678,0.27067815893644126,3188.250575412663,2.188250575412663,-0.06793251385965127,75.33064356231931,24.66935643768069,3420.6220287922188
2023-01-23,3188.250575412663,2433.9897061474926,796.4543051249977,0.013234040067370278,0.6083387281680842,3230.4440112724906,2.2304440112724904,-0.055597495402576746,75.34536112231612,24.65463887768387,3420.6220287922188
2023-01-24,3230.4440112724906,2442.059016672436,807.3852393197642,0.005881620190106629,0.2257634983586317,3249.4442559922,2.2494442559922,-0.05004287856394929,75.15312848248159,24.84687151751842,3420.6220287922188
2023-01-25,3249.4442559922,2545.3162332230277,710.7013678592958,0.002022913634539769,0.11456313899808279,3256.0176010823234,2.2560176010823234,-0.04812119735076814,78.17268040495071,21.827319595049293,3420.6220287922188
2023-01-26,3256.0176010823234,2675.569969548023,610.3878504855443,0.009195349233152683,0.11544971739153795,3285.9578200335673,2.285957820033567,-0.03936833933277328,81.42435527430753,18.57564472569246,3420.6220287922188
2023-01-27,3285.9578200335673,2607.486557789307,676.0804575741577,-0.0007275822761712014,0.4402700798122847,3283.5670153634646,2.283567015363465,-0.040067277903003684,79.41018245064443,20.589817549355573,3420.6220287922188
2023-01-30,3283.5670153634646,2779.1079963478364,455.56224898881527,-0.014891357416501716,0.48872536722165844,3234.6702453366515,2.2346702453366514,-0.05436197916354546,85.91626921954135,14.083730780458648,3420.6220287922188
2023-01-31,3234.6702453366515,2681.736181953927,570.4219422612758,0.005406386911853911,0.4022186804860272,3252.158124215203,2.2521581242152027,-0.049249494144343875,82.46020271849703,17.53979728150296,3420.6220287922188
2023-02-01,3252.158124215203,2593.7366167638424,684.0592067971702,0.007883288071054873,0.6056614586618214,3277.7958235610126,2.2777958235610125,-0.04175445402298261,79.1305119775885,20.86948802241151,3420.6220287922188
2023-02-02,3277.7958235610126,2623.952091233246,701.7603089451915,0.01461853611289543,0.6245103893114842,3325.7124001784373,2.3257124001784373,-0.027746306904096296,78.89894781919389,21.101052180806114,3420.6220287922188
2023-02-03,3325.7124001784373,2572.416281715764,721.9614621166708,-0.00942193809191727,1.0194944438593316,3294.3777438324346,2.2943777438324346,-0.0369068210100838,78.08504311722328,21.914956882776725,3420.6220287922188
2023-02-06,3294.3777438324346,2458.2518448429582,823.2958576858539,-0.0038945264633487575,0.2985782722546055,3281.547702528812,2.281547702528812,-0.04065761288233072,74.91135487528007,25.08864512471994,3420.6220287922188
2023-02-07,3281.547702528812,2616.4791618716085,702.6349887834709,0.011447783647124288,0.553804615560109,3319.1141506550794,2.3191141506550794,-0.029675268791091947,78.83064706753774,21.169352932462264,3420.6220287922188
2023-02-08,3319.1141506550794,2965.520915081708,315.53012083643085,-0.011467853472116318,0.575988749766991,3281.051035918139,2.281051035918139,-0.0408028106289664,90.38326080934806,9.616739190651932,3420.6220287922188
2023-02-09,3281.051035918139,3006.510232957624,245.71755673109075,-0.008784760100922662,0.3612709627693881,3252.2277896887144,2.2522277896887144,-0.04922912782707023,92.44463879467037,7.55536120532964,3420.6220287922188
2023-02-10,3252.2277896887144,2759.232476316063,487.57030268196326,-0.001668090626335661,0.2638657713437477,3246.8027789980265,2.2468027789980267,-0.05081509980673482,84.98306377474431,15.016936225255694,3420.6220287922188
2023-02-13,3246.8027789980265,2714.344248725033,568.0813851793932,0.010971671928097004,0.10910114526126954,3282.4256339044264,2.282425633904426,-0.04040095448271086,82.69324430958505,17.30675569041495,3420.6220287922188
2023-02-14,3282.4256339044264,2721.769992189811,568.0813851793932,0.0022622731762989012,0.0,3289.8513773692043,2.2898513773692044,-0.038230079302035036,82.73230854478079,17.2676914552192,3420.6220287922188
2023-02-15,3289.8513773692043,2638.707065035571,657.8517709084445,0.0020388333105110235,0.1185045653960132,3296.5588359440153,2.2965588359440154,-0.03626919075066848,80.04428849454891,19.95571150545109,3420.6220287922188
2023-02-16,3296.5588359440153,2604.6472790020885,659.1286657811881,-0.00994457942121052,0.18310140761494767,3263.775944783277,2.263775944783277,-0.04585308832391588,79.80472076109513,20.195279238904863,3420.6220287922188
2023-02-17,3263.775944783277,2592.643001318416,652.5632286333952,-0.0056896414293227116,0.19196032326013715,3245.206229951811,2.245206229951811,-0.0512818421222484,79.89147122267526,20.10852877732474,3420.6220287922188
2023-02-20,3245.206229951811,2647.405082329109,597.4438137372498,-0.00011011130268212543,0.35733388545221484,3244.848896066359,2.244848896066359,-0.051386306714490515,81.58793112180001,18.41206887819998,3420.6220287922188
2023-02-21,3244.848896066359,2345.247190052653,853.6511404374986,-0.01416108023763818,0.2564637904907393,3198.8983304901517,2.1988983304901515,-0.06481970133962889,73.31421470007464,26.685785299925357,3420.6220287922188
2023-02-22,3198.8983304901517,2121.735876631333,1065.7187181137142,-0.0035773990176645176,0.580725383002935,3187.4545947450474,2.187454594745047,-0.06816521442139578,66.56521100345408,33.43478899654591,3420.6220287922188
2023-02-23,3187.4545947450474,1690.1194747903949,1509.2350243369547,0.0037333565164883176,0.6118889633310477,3199.3544991273493,2.1993544991273493,-0.06468634295236542,52.826889775777865,47.17311022422214,3420.6220287922188
2023-02-24,3199.3544991273493,2048.552861481227,1128.4703389734168,-0.006979938821658149,0.7136018950595779,3177.0232004546438,2.1770232004546437,-0.0712147750576192,64.48026130838677,35.51973869161322,3420.6220287922188
2023-02-27,3177.0232004546438,2125.4291014275677,1058.4220767843183,0.0021491746601864925,0.5856567005627571,3183.851178211886,2.183851178211886,-0.0692186533874174,66.75654678750566,33.243453212494344,3420.6220287922188
2023-02-28,3183.851178211886,2122.5814398176517,1058.4220767843183,-0.000894407888598403,0.0,3181.0035166019697,2.1810035166019697,-0.07005115156638786,66.72678696328661,33.2732130367134,3420.6220287922188
2023-03-01,3181.0035166019697,2212.977022115215,954.1759608192044,-0.004354139690592396,0.12509416138640864,3167.152982934419,2.167152982934419,-0.07410027875757341,69.8727543013996,30.12724569860041,3420.6220287922188
2023-03-02,3167.152982934419,2051.7566944204104,1130.709205069823,0.004834915344577695,0.41686026389834974,3182.4658994902334,2.1824658994902335,-0.0696236319877983,64.47065763529659,35.52934236470341,3420.6220287922188
2023-03-03,3182.4658994902334,2204.7636352988657,1022.5788327895893,0.01410119385895392,0.35663490370007966,3227.342468088455,2.227342468088455,-0.05650421446066889,68.31514340666611,31.684856593333883,3420.6220287922188
2023-03-06,3227.342468088455,2061.0356511152418,1164.569186980569,-0.0005384089261755154,0.8600376069286759,3225.604838095811,2.225604838095811,-0.0570122010134122,63.89609870290076,36.10390129709923,3420.6220287922188
2023-03-07,3225.604838095811,2117.8366238213634,1074.92571365201,-0.010181811558115594,0.27589904659369574,3192.7623374733735,2.1927623374733733,-0.06661352508429585,66.33242314858099,33.667576851419014,3420.6220287922188
2023-03-08,3192.7623374733735,2105.889709948475,1097.031874123449,0.0031819614254751105,0.48017938302322627,3202.9215840719235,2.2029215840719236,-0.06364352532605388,65.74902490342036,34.25097509657965,3420.6220287922188
2023-03-09,3202.9215840719235,1973.53749728033,1200.9784016245767,-0.008868679554403625,0.11719240239461802,3174.515898904907,2.174515898904907,-0.07194777084862813,62.168140281204096,37.83185971879589,3420.6220287922188
2023-03-10,3174.515898904907,1877.9259125215387,1269.4966495866333,-0.00853463572385349,0.30970997532916134,3147.4225621081723,2.147422562108172,-0.07986835855714525,59.66551600442512,40.33448399557487,3420.6220287922188
2023-03-13,3147.4225621081723,1961.7210392802058,1179.5744476516134,-0.0019466960840012204,0.7090131389513057,3141.295486931819,2.1412954869318193,-0.08165957522030765,62.4494272328474,37.5505727671526,3420.6220287922188
2023-03-14,3141.295486931819,2228.4294127564176,966.0646917498237,0.01693524782871747,0.48776576765893004,3194.4941045062415,2.1944941045062416,-0.06610725253553384,69.75844499487206,30.241555005127925,3420.6220287922188
2023-03-15,3194.4941045062415,2156.3454307669385,1026.5127613134146,-0.003642489873271093,0.2889151350204854,3182.858192080353,2.182858192080353,-0.06950894741089453,67.74871202658031,32.25128797341969,3420.6220287922188
2023-03-16,3182.858192080353,2212.1236810693367,1022.7915433617343,0.016355435652221972,0.2700183783793436,3234.915224431071,2.2349152244310706,-0.054290360875305144,68.38274043049725,31.617259569502753,3420.6220287922188
2023-03-17,3234.915224431071,2168.248832182427,1045.847234503623,-0.006435766102242169,0.7429851652526839,3214.09606668605,2.21409606668605,-0.0603767269133475,67.46061061012523,32.53938938987477,3420.6220287922188
2023-03-20,3214.09606668605,2265.7331014879587,963.5817920615171,0.004735025508779467,0.6470279442979202,3229.314893549476,2.2293148935494758,-0.055927586746639446,70.16141739579928,29.838582604200724,3420.6220287922188
2023-03-21,3229.314893549476,2210.9347987252972,1044.317231957973,0.008031777014252617,0.4611159550926633,3255.2520306832703,2.25525203068327,-0.04834500763808114,67.91900528393886,32.08099471606115,3420.6220287922188
2023-03-22,3255.2520306832703,2179.4497659554067,1044.317231957973,-0.00967207223069666,0.0,3223.76699791338,2.22376699791338,-0.05754948346290867,67.60568513065866,32.39431486934134,3420.6220287922188
2023-03-23,3223.76699791338,2248.638286574941,1007.2020611507808,0.009949028522564296,0.22512569715055192,3255.8403477257216,2.2558403477257216,-0.048173016392775714,69.06475890765546,30.93524109234454,3420.6220287922188
2023-03-24,3255.8403477257216,2257.4514540694313,1007.2020611507808,0.0027068795006017776,0.0,3264.6535152202123,2.2646535152202123,-0.04559653544272968,69.1482708209284,30.851729179071597,3420.6220287922188
2023-03-27,3264.6535152202123,2210.8310436650354,1055.9703835824587,0.0006579295527895379,0.2410478123157707,3266.801427247494,2.266801427247494,-0.044968605198112854,67.67570949446454,32.324290505535465,3420.6220287922188
2023-03-28,3266.801427247494,2493.2452044905763,768.343067865177,-0.001595797910536878,0.3160914871747183,3261.5882723557534,2.261588272355753,-0.04649264230243477,76.4426713703436,23.557328629656386,3420.6220287922188
2023-03-29,3261.5882723557534,2526.474184144151,768.343067865177,0.010187974961528345,0.0,3294.817252009328,2.294817252009328,-0.03677833321657897,76.68025237525369,23.319747624746313,3420.6220287922188
2023-03-30,3294.817252009328,2581.0231270862882,731.8516822081572,0.005480594492488056,0.3299293494712654,3312.874809294445,2.312874809294445,-0.03149930585456062,77.90886392220713,22.09113607779288,3420.6220287922188
2023-03-31,3312.874809294445,2620.0760113401006,731.8516822081572,0.011788216127047058,0.0,3351.9276935482576,2.351927693548258,-0.020082410352779134,78.16624494565278,21.83375505434723,3420.6220287922188
2023-04-03,3351.9276935482576,2580.852459749196,793.6391684533999,0.006731629294322028,0.2384431764505494,3374.491628202596,2.374491628202596,-0.013485968400288484,76.48122277677342,23.51877722322658,3420.6220287922188
2023-04-04,3374.491628202596,2566.9868305713667,793.6391684533999,-0.004108953497453216,0.0,3360.6259990247663,2.360625999024766,-0.017539508680716853,76.38418649728625,23.615813502713756,3420.6220287922188
2023-04-05,3360.6259990247663,2556.44770067573,793.6391684533999,-0.003136061525053635,0.0,3350.08686912913,2.3500868691291297,-0.02062056522742861,76.30989286377192,23.690107136228082,3420.6220287922188
2023-04-06,3350.08686912913,2658.059531680045,705.1555847209062,0.00391877816447006,0.12586141154262095,3363.215116400951,2.363215116400951,-0.016782594483710778,79.03328926888543,20.96671073111459,3420.6220287922188
2023-04-07,3363.215116400951,2802.679263667459,560.2185128566773,-9.435610445118758e-05,0.3173398768146701,3362.897776524136,2.3628977765241364,-0.016875367047923806,83.34119708403047,16.65880291596953,3420.6220287922188
2023-04-10,3362.897776524136,2791.726571358445,560.2185128566773,-0.0032569209761511564,0.0,3351.9450842151227,2.3519450842151226,-0.020077326287156305,83.28676339314623,16.71323660685377,3420.6220287922188
2023-04-11,3351.9450842151227,2723.07587951565,617.2299049272759,-0.003472401689099347,0.2336632176153254,3340.305784442926,2.340305784442926,-0.02348001143454359,81.52175445128556,18.47824554871444,3420.6220287922188
2023-04-12,3340.305784442926,2660.0139191607395,667.8433103474017,-0.003726771061728029,0.2178465411834553,3327.8572295081412,2.3278572295081412,-0.027119277869128267,79.93173191368822,20.06826808631178,3420.6220287922188
2023-04-13,3327.8572295081412,2662.5473258627176,700.1631571082321,0.010473181707966406,0.4383648934821974,3362.7104829709497,2.3627104829709498,-0.016930121286074074,79.17860723800287,20.82139276199713,3420.6220287922188
2023-04-14,3362.7104829709497,2774.026221345293,588.0933016504548,-0.00017573917772428782,0.38103286946151427,3362.1195229957475,2.3621195229957475,-0.017102885178204796,82.50825713874544,17.49174286125457,3420.6220287922188
2023-04-17,3362.1195229957475,3108.2095250442876,251.79763872020123,-0.0006282820157971214,0.36132550447962003,3360.0071637644887,2.3600071637644886,-0.017720421758826266,92.5060386348078,7.493961365192208,3420.6220287922188
2023-04-18,3360.0071637644887,3034.2324895711627,335.7221498842013,0.0029605519292197346,0.2785664922472123,3369.954639455364,2.369954639455364,-0.014812332058431132,90.03778430862027,9.962215691379726,3420.6220287922188
2023-04-19,3369.954639455364,3091.0334453900673,265.65539557475483,-0.003936491706809986,0.39365490856348206,3356.6888409648222,2.3566888409648223,-0.018690515142934516,92.08579024863094,7.914209751369055,3420.6220287922188
2023-04-20,3356.6888409648222,2812.8181865903157,529.7286490040057,-0.004213082010436242,0.27485220096638013,3342.5468355943212,2.3425468355943213,-0.02282485248025634,84.15194535606807,15.848054643931933,3420.6220287922188
2023-04-21,3342.5468355943212,2631.007904956697,715.5959981207894,0.0012137653360491107,0.6640380779939662,3346.6039030774864,2.3466039030774866,-0.02163879115894818,78.61724844512558,21.382751554874428,3420.6220287922188
2023-04-24,3346.6039030774864,2364.2470893231357,988.1919249448255,0.001743591820086321,0.5774100553409668,3352.4390142679613,2.3524390142679614,-0.01993292855812312,70.52319458343355,29.476805416566453,3420.6220287922188
2023-04-25,3352.4390142679613,2438.1080780897473,877.6074662283869,-0.010954254437897992,0.4122756036984954,3315.715544318134,2.315715544318134,-0.030668832624902942,73.5318831034143,26.46811689658571,3420.6220287922188
2023-04-26,3315.715544318134,2147.1278463976296,1159.8856674838528,-0.0026244803935500105,0.6147730274941045,3307.013513881482,2.3070135138814822,-0.03321282326853592,64.92649145172436,35.073508548275655,3420.6220287922188
2023-04-27,3307.013513881482,2246.1016781368226,1101.642138375455,0.012316339942315402,0.695699585039193,3347.7438165122776,2.3477438165122777,-0.021305543748039724,67.09299759014536,32.90700240985465,3420.6220287922188
2023-04-28,3347.7438165122776,2724.4268798171406,636.5361900174388,0.003948705171853195,1.1292988420424097,3360.9630698345795,2.3609630698345794,-0.01744096788697347,81.06089901045036,18.93910098954964,3420.6220287922188
2023-05-01,3360.9630698345795,2903.0507628008136,457.59532788331853,-9.431200041809529e-05,0.7178180032146833,3360.646090684132,2.3606460906841322,-0.017533634994820968,86.38370969344871,13.616290306551296,3420.6220287922188
2023-05-02,3360.646090684132,2766.678635897274,559.6313808301682,-0.010217104994147075,0.47630095052063115,3326.3100167274424,2.3263100167274424,-0.0275715969992969,83.17560966909645,16.82439033090355,3420.6220287922188
2023-05-03,3326.3100167274424,2823.2065992946377,488.1528441321243,-0.004494642178719532,1.0103936219115723,3311.359443426762,2.311359443426762,-0.0319423147152087,85.25823449637473,14.741765503625276,3420.6220287922188
2023-05-04,3311.359443426762,2570.684007438236,723.8514306289576,-0.005080694393647001,0.5084476206466113,3294.535438067194,2.294535438067194,-0.03686071996956197,78.02872531692603,21.971274683073975,3420.6220287922188
2023-05-05,3294.535438067194,2507.140649752358,823.5124243725088,0.010962891957496224,0.12143514428974266,3330.653074124867,2.330653074124867,-0.026301928102567596,75.27474624210485,24.725253757895143,3420.6220287922188
2023-05-08,3330.653074124867,2652.216296746896,685.2870431059382,0.0020567334920547076,0.43564862565202206,3337.5033398528344,2.337503339852834,-0.024299290666947138,79.46707543561124,20.532924564388768,3420.6220287922188
2023-05-09,3337.5033398528344,2743.593569621628,583.1961858477281,-0.0032100595243003127,0.8668986265177969,3326.789755469356,2.3267897554693557,-0.027431348021808133,82.46970116194046,17.530298838059533,3420.6220287922188
2023-05-10,3326.789755469356,2761.807777963801,582.0065453926152,0.005117416229586169,0.18166181452194358,3343.814323356416,2.343814323356416,-0.022454309417788143,82.59453160041448,17.405468399585512,3420.6220287922188
2023-05-11,3343.814323356416,2670.857059538624,668.4904006596223,-0.0013358586112179882,0.27246401166058704,3339.347460198246,2.3393474601982462,-0.02376017224641147,79.98140628888208,20.018593711117926,3420.6220287922188
2023-05-12,3339.347460198246,2452.674066277652,878.3632933168825,-0.002488540262060246,0.41235410370867726,3331.0373595945343,2.3310373595945344,-0.026189584363202956,73.63093839860746,26.369061601392545,3420.6220287922188
2023-05-15,3331.0373595945343,2552.4430739713584,788.8268796678086,0.003071894109851092,0.10302128879205741,3341.269953639167,2.341269953639167,-0.023198141883296608,76.3914053454839,23.60859465451609,3420.6220287922188
2023-05-16,3341.269953639167,2809.644421812302,527.2896329629965,-0.0012976799013638685,0.27930708529318826,3336.9340547752986,2.336934054775299,-0.024465718022189442,84.19838018050065,15.801619819499338,3420.6220287922188
2023-05-17,3336.9340547752986,2814.9633284653582,555.5296401900302,0.010056810631922986,0.6260356058525667,3370.4929686553887,2.370492968655389,-0.014654954483389715,83.5178519772539,16.48214802274609,3420.6220287922188
2023-05-18,3370.4929686553887,2770.3660798640058,655.079429335648,0.01630400687831357,0.2942034584553154,3425.4455091996538,2.425445509199654,0.0,80.8760808608307,19.123919139169303,3425.4455091996538
2023-05-19,3425.4455091996538,2786.4042513022164,630.6760155482837,-0.0024420888689331566,0.327104567442146,3417.0802668505003,2.4170802668505003,-0.0024420888689331566,81.5434240258695,18.456575974130494,3425.4455091996538
2023-05-22,3417.0802668505003,2690.8653139587846,719.1010350178058,-0.0020818702864322525,0.2842843191415812,3409.9663489765903,2.40996634897659,-0.004518875043112325,78.91178500240554,21.088214997594466,3425.4455091996538
2023-05-23,3409.9663489765903,2668.2931120229878,701.5008592206533,-0.011780872191013314,0.5510361568802732,3369.793971243641,2.369793971243641,-0.016246510944795567,79.18267807447704,20.817321925522958,3425.4455091996538
2023-05-24,3369.793971243641,2617.154878014762,748.4326237941422,-0.0012482868301839645,0.4104809266670028,3365.587501808904,2.3655875018089043,-0.017474517469330708,77.76219981230969,22.23780018769031,3425.4455091996538
2023-05-25,3365.587501808904,2773.263857199217,654.3021733999012,0.018415366932787336,0.11761861849707778,3427.566030599118,2.427566030599118,0.0,80.91058880970607,19.08941119029392,3427.566030599118
2023-05-26,3427.566030599118,2729.298850690802,749.1538355812364,0.014846294781380331,0.6262336123207731,3478.452686272038,2.478452686272038,0.0,78.46301493368516,21.536985066314845,3478.452686272038
2023-05-29,3478.452686272038,2864.6080945769722,613.1740710578224,-0.00019276405278978448,0.6705206372434461,3477.7821656347946,2.4777821656347947,-0.00019276405278978448,82.36881892382985,17.63118107617015,3478.452686272038
2023-05-30,3477.7821656347946,2988.1347092656006,511.3357533079931,0.006236243647778972,0.10280046182950352,3499.4704625735935,2.4994704625735937,0.0,85.38819633494079,14.611803665059217,3499.4704625735935
2023-05-31,3499.4704625735935,2906.47103137674,582.9787527461132,-0.0028634842208015154,0.26632434948613914,3489.449784122853,2.489449784122853,-0.0028634842208015154,83.2931038182956,16.706896181704394,3499.4704625735935
2023-06-01,3489.449784122853,2853.920102184206,678.3767220735257,0.012279024713246933,0.12740261702960637,3532.2968242577317,2.5322968242577315,0.0,80.79502499861182,19.20497500138817,3532.2968242577317
2023-06-02,3532.2968242577317,3066.013793493794,490.37298957884184,0.0068199135048527815,0.22379156806541523,3556.386783072636,2.556386783072636,0.0,86.21148318532522,13.788516814674779,3556.386783072636
2023-06-05,3556.386783072636,2875.634202451652,676.7119170281048,-0.0011361710183243057,0.69508927144537,3552.346119479757,2.5523461194797568,-0.0011361710183243057,80.95028203143646,19.049717968563538,3556.386783072636
2023-06-06,3552.346119479757,3050.118080067408,507.28278062700014,0.0014229303802726356,0.19523644153656652,3557.400860694408,2.557400860694408,0.0,85.74007258411754,14.259927415882451,3557.400860694408
2023-06-07,3557.400860694408,2945.0819285474954,592.6242892409226,-0.005536245050029476,0.27585420814567185,3537.706217788418,2.537706217788418,-0.005536245050029476,83.24834644942905,16.751653550570943,3557.400860694408
2023-06-08,3537.706217788418,2985.330375555664,589.4098799829569,0.010468375684783204,0.20782298177965675,3574.7402555386207,2.5747402555386207,0.0,83.51181238777451,16.488187612225495,3574.7402555386207
2023-06-09,3574.7402555386207,3001.9514645473478,589.4098799829569,0.00464959348191285,0.0,3591.3613445303045,2.5913613445303043,0.0,83.58812095361453,16.41187904638548,3591.3613445303045
2023-06-12,3591.3613445303045,3126.815089689351,512.9197572938186,0.013469405557460457,0.1318633533679744,3639.73484698317,2.63973484698317,0.0,85.90777133892165,14.092228661078355,3639.73484698317
2023-06-13,3639.73484698317,3258.280266675623,413.22442919843274,0.008728616293909086,0.38180341329118983,3671.504695874056,2.671504695874056,0.0,88.7450932675422,11.254906732457783,3671.504695874056
2023-06-14,3671.504695874056,3188.7866391619427,500.5447192518542,0.004855410524130299,0.11501200369855108,3689.331358413797,2.689331358413797,0.0,86.43264400443933,13.567355995560671,3689.331358413797
2023-06-15,3689.331358413797,3394.4050622269388,335.0269773654792,0.010869362841905872,0.36678249032036536,3729.432039592418,2.729432039592418,0.0,91.01667562758179,8.98332437241821,3729.432039592418
2023-06-16,3729.432039592418,3312.6587608455216,405.14055249225584,-0.003119168316018439,0.23249528952901946,3717.799313337777,2.7177993133377774,-0.003119168316018439,89.10267826886742,10.89732173113259,3729.432039592418
2023-06-19,3717.799313337777,3313.6906923228016,403.92149257080655,-5.0333121397350133e-05,0.1871284441690242,3717.612184893608,2.7176121848936083,-0.0031693444399382154,89.13492122141928,10.865078778580722,3729.432039592418
2023-06-20,3717.612184893608,3373.3615088579318,323.18964846478775,-0.005665202964545202,0.08097630856991758,3696.5511573227195,2.6965511573227197,-0.008816592424966574,91.25699510949383,8.74300489050617,3729.432039592418
2023-06-21,3696.5511573227195,3405.5253408615345,251.64592911461486,-0.010653142800028714,0.3916497937520046,3657.1712699761492,2.6571712699761494,-0.019375810806882443,93.11911008432875,6.880889915671245,3729.432039592418
2023-06-22,3657.1712699761492,3332.1755492983293,332.3474194618378,0.0020102145186287057,0.12269599053903994,3664.5229687601673,2.6645229687601675,-0.017404545824447948,90.93067713601253,9.069322863987457,3729.432039592418
2023-06-23,3664.5229687601673,2977.194477403577,665.9261757934692,-0.005840409719238937,0.3507276174700511,3643.120653197046,2.643120653197046,-0.023143305865094832,81.72099583885367,18.27900416114632,3729.432039592418
2023-06-26,3643.120653197046,2999.005714027234,606.8086192538868,-0.010240209827579339,0.37815627895440473,3605.8143332811205,2.6058143332811206,-0.03314652338451174,83.17138479224693,16.828615207753074,3729.432039592418
2023-06-27,3605.8143332811205,2989.3863944523127,655.3880479131705,0.010804801768290462,0.21455813794220377,3644.774442365483,2.644774442365483,-0.022699863230699058,82.018419568158,17.98158043184201,3729.432039592418
2023-06-28,3644.774442365483,3044.331806228556,607.0873612130813,0.0018230826574392456,0.375045847833059,3651.4191674416375,2.6514191674416376,-0.020918164300241848,83.37393398637286,16.626066013627145,3729.432039592418
2023-06-29,3651.4191674416375,3129.558115664563,521.5194180626277,-9.356189984788266e-05,0.11189157189261209,3651.0775337271907,2.651077533727191,-0.021009769056896443,85.71601360844735,14.283986391552638,3729.432039592418
2023-06-30,3651.0775337271907,3355.1397114304696,347.35581122321764,0.014082962755930906,0.3658586555625507,3702.495522653687,2.7024955226536873,-0.007222686096104436,90.61833271376227,9.38166728623773,3729.432039592418
2023-07-03,3702.495522653687,3227.501181531045,482.47666408721415,0.002020886431540969,0.4575345197884537,3709.977845618259,2.709977845618259,-0.005216395892894465,86.99516050595687,13.004839494043138,3729.432039592418
2023-07-04,3709.977845618259,3119.7540974517183,589.8518207058853,-0.00010025058804441489,0.37192746065531634,3709.605918157604,2.709605918157604,-0.005316123534183204,84.09934009920819,15.90065990079179,3729.432039592418
2023-07-05,3709.605918157604,2954.8772021351265,758.6140975060468,0.0010473838917905987,0.16893120800816952,3713.491299641173,2.713491299641173,-0.00427430766454906,79.5714050123303,20.428594987669694,3729.432039592418
2023-07-06,3713.491299641173,2715.7195223360127,972.1487786452591,-0.006899975411919557,0.43227602266720583,3687.8683009812717,2.687868300981272,-0.011144790458680331,73.63927615347357,26.36072384652643,3729.432039592418
2023-07-07,3687.8683009812717,2704.9662076139384,972.1487786452591,-0.002915861913835971,0.0,3677.1149862591974,2.6771149862591974,-0.014028155702480172,73.56218714187544,26.437812858124556,3729.432039592418
2023-07-10,3677.1149862591974,2576.652564485825,1102.7666977936954,0.000626653240090258,0.3677980840635922,3679.419262279521,2.679419262279521,-0.013410293251613359,70.02878391438068,29.971216085619318,3729.432039592418
2023-07-11,3679.419262279521,2967.667238110385,735.3158534779435,0.006404225131497743,0.5679989779607063,3702.9830915883285,2.7029830915883286,-0.00709195065717827,80.14260839731399,19.857391602686008,3729.432039592418
2023-07-12,3702.9830915883285,3263.6518874627004,462.5780064579562,0.006277858082888832,0.29487999058488507,3726.2298939206567,2.7262298939206566,-0.0008586148340461452,87.58589728420534,12.414102715794646,3729.432039592418
2023-07-13,3726.2298939206567,3298.644260567749,465.566311650866,0.010192789865145935,0.21242508921595915,3764.2105722186147,2.7642105722186145,0.0,87.63176759857878,12.368232401421226,3764.2105722186147
2023-07-14,3764.2105722186147,3471.7078226180815,282.09634873130966,-0.0027645639555945456,0.2194441850866333,3753.8041713493913,2.7538041713493913,-0.0027645639555945456,92.48505420489467,7.514945795105332,3764.2105722186147
2023-07-17,3753.8041713493913,3424.2279357723405,357.0846196552992,0.00732813509244945,0.42053952083335294,3781.31255542764,2.7813125554276397,0.0,90.55659603851723,9.443403961482773,3781.31255542764
2023-07-18,3781.31255542764,3545.058182964557,269.80224799133333,0.00887201865397147,0.2915059677839765,3814.8604309558905,2.8148604309558904,0.0,92.92759845676113,7.072401543238868,3814.8604309558905
2023-07-19,3814.8604309558905,3453.546164031526,363.194523234372,0.0004928768284024887,0.1255178090462944,3816.740687265898,2.816740687265898,0.0,90.48417084120682,9.515829158793192,3816.740687265898
2023-07-20,3816.740687265898,3417.6542644744136,346.48982326737365,-0.013780501174626036,0.4866028477076176,3764.144087741787,2.764144087741787,-0.013780501174626036,90.79499043631876,9.205009563681244,3816.740687265898
2023-07-21,3764.144087741787,3049.153468645981,704.6538607793036,-0.0027461112209187233,1.1231556722813862,3753.8073294252845,2.7538073294252845,-0.016488769606639253,81.22828906918919,18.771710930810816,3816.740687265898
2023-07-24,3753.8073294252845,3227.488856207512,547.0983322383952,0.005535675434840348,0.3319033027922073,3774.5871884459075,2.7745871884459077,-0.011044370648661261,85.50574394166665,14.494256058333344,3816.740687265898
2023-07-25,3774.5871884459075,3400.621758596626,393.0093891051883,0.005045309143792087,0.176776357927399,3793.6311477018144,2.7936311477018143,-0.0060547837690901884,89.64028462958836,10.359715370411637,3816.740687265898
2023-07-26,3793.6311477018144,3489.1791458109788,316.0228292031218,0.003050066509311611,0.1130997720299432,3805.2019750141008,2.805201975014101,-0.0030231847529739175,91.69497884006668,8.305021159933322,3816.740687265898
2023-07-27,3805.2019750141008,3404.9103025036447,396.26117248359037,-0.0010592079088916906,0.11403324704520423,3801.1714749872353,2.8011714749872354,-0.004079190480665185,89.57528816863172,10.424711831368278,3816.740687265898
2023-07-28,3801.1714749872353,3448.168635265472,396.26117248359037,0.01138026343891041,0.0,3844.429807749062,2.844429807749062,0.0,89.69258921869604,10.307410781303972,3844.429807749062
2023-07-31,3844.429807749062,3599.6323550228176,240.05917601982125,-0.001232504413755331,0.21768696449546945,3839.691531042639,2.839691531042639,-0.001232504413755331,93.74795672831992,6.2520432716800824,3844.429807749062
2023-08-01,3839.691531042639,3604.303553338081,239.78812178041562,0.0011459629088128587,0.1925989097494413,3844.091675118497,2.844091675118497,-8.795390928550972e-05,93.76216432785715,6.23783567214286,3844.429807749062
2023-08-02,3844.091675118497,3551.9217715503573,240.0592494535371,-0.013556038335895249,0.1964802413691226,3791.9810210038945,2.7919810210038944,-0.013642799938614725,93.66929190510601,6.330708094893985,3844.429807749062
2023-08-03,3791.9810210038945,3302.3663580067696,494.10822336001297,0.0011850165752407271,0.49799677092981137,3796.4745813667823,2.796474581366782,-0.012473950307433923,86.98507752995077,13.014922470049234,3844.429807749062
2023-08-04,3796.4745813667823,3203.7479635014665,577.6234996335252,-0.003978195535910389,0.10089318315889088,3781.3714631349917,2.7813714631349917,-0.01640252202991621,84.72449730832211,15.275502691677886,3844.429807749062
2023-08-07,3781.3714631349917,3134.589526682663,687.0095372768675,0.010638362619679542,0.5125469294947687,3821.59906395953,2.82159906395953,-0.0059386553874680725,82.02298237520861,17.97701762479139,3844.429807749062
2023-08-08,3821.59906395953,3245.452199514134,556.6646872824037,-0.005097912375665814,0.651842878361279,3802.116886796538,2.802116886796538,-0.01100629301833933,85.35908537647772,14.640914623522264,3844.429807749062
2023-08-09,3802.116886796538,3080.167664116542,690.6574749953104,-0.008230085664475917,0.6365044222418653,3770.825139111852,2.770825139111852,-0.019145795948426025,81.68418185633551,18.31581814366449,3844.429807749062
2023-08-10,3770.825139111852,2912.7707666303545,863.5141831845335,0.0014479087471879204,0.6332445285993523,3776.284949814888,2.776284949814888,-0.01772560856666372,77.1332355831129,22.866764416887094,3844.429807749062
2023-08-11,3776.284949814888,3087.9532970040395,686.1075214826237,-0.0005889733846312639,0.4897421200830645,3774.0608184866633,2.7740608184866633,-0.018304142039622828,81.82044343000965,18.17955656999035,3844.429807749062
2023-08-14,3774.0608184866633,2971.806171594894,819.9957095124753,0.0047007887455876585,0.452294506364701,3791.801881107369,2.791801881107369,-0.013689397198932696,78.37451071486359,21.62548928513642,3844.429807749062
2023-08-15,3791.801881107369,2978.692979250552,775.2262082351464,-0.009990683798755673,0.3696310822700434,3753.9191874856983,2.7539191874856983,-0.023543314558878148,79.34888393923106,20.651116060768953,3844.429807749062
2023-08-16,3753.9191874856983,2781.5760918095402,938.2877854960753,-0.009071934817779681,0.19201137534934146,3719.8638773056155,2.7198638773056154,-0.032401665961585335,74.77628707812558,25.22371292187442,3844.429807749062
2023-08-17,3719.8638773056155,2191.6558197125587,1504.936469471331,-0.00625603218002202,0.7227189618946335,3696.59228918389,2.69659228918389,-0.03845499227666527,59.28854599749269,40.7114540025073,3844.429807749062
2023-08-18,3696.59228918389,2186.9255067451504,1511.745943110083,0.000562453337747737,0.4963570105989324,3698.6714498552337,2.6986714498552336,-0.03791416807767678,59.12732548414774,40.87267451585225,3844.429807749062
2023-08-21,3698.6714498552337,2200.6717339761585,1512.9112146359344,0.004031582409798284,0.1816512139339005,3713.582948612093,2.713582948612093,-0.034035439760982666,59.26006674493788,40.73993325506212,3844.429807749062
2023-08-22,3713.582948612093,2269.7698844023207,1434.3697559591612,-0.002542910278640842,0.4236560046021722,3704.1396403614817,2.7041396403614817,-0.03649180097001725,61.27657444849507,38.723425551504945,3844.429807749062
2023-08-23,3704.1396403614817,2302.6333218670316,1430.9631355045183,0.007952404571657468,0.18172554423633383,3733.59645737155,2.73359645737155,-0.02882959396322171,61.673331549282764,38.326668450717236,3844.429807749062
2023-08-24,3733.59645737155,2356.3108857445554,1332.995989672998,-0.01186244481953913,0.43131653112730817,3689.3068754175533,2.6893068754175533,-0.04035004931520236,63.868660572668404,36.131339427331596,3844.429807749062
2023-08-25,3689.3068754175533,2215.023569360933,1493.0928192329252,0.005098386719097681,0.1980589122749151,3708.116388593858,2.708116388593858,-0.035457382751648225,59.73446723987227,40.26553276012773,3844.429807749062
2023-08-28,3708.116388593858,2207.205130960951,1516.595739049696,0.004229770528517918,0.3609653750640036,3723.800870010647,2.723800870010647,-0.03137758881571151,59.27290980397242,40.72709019602758,3844.429807749062
2023-08-29,3723.800870010647,2324.306807806252,1438.6470636447843,0.010514257557568518,0.09418158660222549,3762.9538714510363,2.762953871451036,-0.021193243308487042,61.76814511175429,38.231854888245714,3844.429807749062
2023-08-30,3762.9538714510363,2489.782247227678,1282.6320934403645,0.0025141071456604713,0.19309000885247946,3772.4143406680423,2.772414340668042,-0.018732418247268012,65.99970264100872,34.000297358991276,3844.429807749062
2023-08-31,3772.4143406680423,2490.8186910842514,1285.8662154099998,0.0011320511058847682,0.18412799956018724,3776.684906494251,2.776684906494251,-0.017621573196175966,65.95251530783331,34.047484692166684,3844.429807749062
2023-09-01,3776.684906494251,2526.3913449650304,1258.5351165578807,0.002182219388884743,0.35985227353681326,3784.9264615229113,2.7849264615229115,-0.015477807945982636,66.74875643286623,33.25124356713376,3844.429807749062
2023-09-04,3784.9264615229113,2666.652734254779,1117.9076298959042,-9.672509517677508e-05,0.3660973722281906,3784.560364150683,2.7845603641506833,-0.015573035948712732,70.46136083637865,29.538639163621344,3844.429807749062
2023-09-05,3784.560364150683,2928.541743684789,859.8691092722744,0.0010174203701052154,0.2582462165172218,3788.410852957063,2.788410852957063,-0.01457145990260611,77.30264370346475,22.69735629653524,3844.429807749062
2023-09-06,3788.410852957063,2828.93782463151,946.9934181090903,-0.003294154383155612,0.10929513017569525,3775.9312427406003,2.7759312427406004,-0.017817613647254538,74.9202684786772,25.079731521322806,3844.429807749062
2023-09-07,3775.9312427406003,3004.823547000535,772.153958986355,0.0002770874730044781,0.19561339240418948,3776.9775059868903,2.77697750598689,-0.017545463211790402,79.55629977243939,20.44370022756061,3844.429807749062
2023-09-08,3776.9775059868903,2920.6834754767756,858.29224919974,0.0005290523140415448,0.11172943364369368,3778.9757246765157,2.7789757246765157,-0.017025693365661954,77.28770143731974,22.712298562680257,3844.429807749062
2023-09-11,3778.9757246765157,2858.9406630077224,944.6462233931484,0.006512654093977277,0.09770777598029526,3803.5868864008708,2.8035868864008706,-0.010623921723285412,75.16433167937919,24.835668320620808,3844.429807749062
2023-09-12,3803.5868864008708,2863.3401640464613,909.2680356252193,-0.00814459815285129,0.2853502532499595,3772.6081996716807,2.772608199671681,-0.018681992302893247,75.8981588465945,24.101841153405495,3844.429807749062
2023-09-13,3772.6081996716807,2705.0967667787895,1066.0003568387403,-0.0004005388246470787,0.17152567716978537,3771.09712361753,2.77109712361753,-0.019075048264301286,71.73235475260977,28.267645247390227,3844.429807749062
2023-09-14,3771.09712361753,2812.186082341112,983.4936068787208,0.00651867740248524,0.2708601519390841,3795.6796892198327,2.7956796892198326,-0.012680714947887917,74.08913060625333,25.910869393746683,3844.429807749062
2023-09-15,3795.6796892198327,2779.430350138126,983.4936068787208,-0.00862974088567492,0.0,3762.9239570168465,2.7629239570168465,-0.021201024549317382,73.86358007461808,26.136419925381922,3844.429807749062
2023-09-18,3762.9239570168465,2568.7346847077647,1196.8775646229903,0.0007144157959650954,0.41642170055169814,3765.612249330755,2.7656122493307547,-0.02050175510018104,68.21559190445842,31.784408095541593,3844.429807749062
2023-09-19,3765.612249330755,2608.593513215622,1145.7872452338597,-0.0029826466820287445,0.2686567363703221,3754.3807584494816,2.7543807584494817,-0.023423252290384444,69.48132544481031,30.51867455518969,3844.429807749062
2023-09-20,3754.3807584494816,2418.3806752113856,1305.6920180281963,-0.008072720152768054,0.17955012814484062,3724.072693239582,2.724072693239582,-0.03130688308234453,64.93913718713232,35.060862812867676,3844.429807749062
2023-09-21,3724.072693239582,2308.381201847819,1375.8823447455497,-0.010689680338001994,0.4053897125568083,3684.2635465933686,2.6842635465933684,-0.04166190284781712,62.65515950894037,37.34484049105963,3844.429807749062
2023-09-22,3684.2635465933686,2168.8092196699913,1506.8690383754256,-0.0023302590706058,0.3296852309525806,3675.678258045417,2.675678258045417,-0.043895078891413086,59.004327022444016,40.995672977555984,3844.429807749062
2023-09-25,3675.678258045417,2112.6037957799776,1575.0471108510558,0.003257262400323091,0.2435711684085676,3687.6509066310336,2.6876509066310335,-0.040780794281122135,57.28860592474062,42.71139407525937,3844.429807749062
2023-09-26,3687.6509066310336,2166.629977591617,1492.521262916191,-0.007728406740447835,0.09934214875093522,3659.151240507808,2.659151240507808,-0.04819403045616688,59.211271554081414,40.788728445918586,3844.429807749062
2023-09-27,3659.151240507808,2181.798543645685,1492.521262916191,0.004145378274105882,0.0,3674.3198065618762,2.674319806561876,-0.04424843466885575,59.37965823631535,40.62034176368465,3844.429807749062
2023-09-28,3674.3198065618762,2127.1806590433484,1561.3186682590358,0.003859087256146143,0.26724952976164185,3688.4993273023842,2.688499327302384,-0.0405601059830446,57.67062618929851,42.32937381070148,3844.429807749062
2023-09-29,3688.4993273023842,2201.468578139544,1475.2914800324982,-0.003182668095788266,0.10825088845537324,3676.7600581720426,2.6767600581720425,-0.043613684723558865,59.87523099981775,40.12476900018223,3844.429807749062
2023-10-02,3676.7600581720426,2123.1672837978817,1562.5159618234711,0.002426915900991977,0.10706289964682386,3685.683245621353,2.6856832456213526,-0.04129261556752317,57.60579904201579,42.39420095798421,3844.429807749062
2023-10-03,3685.683245621353,2002.4693750973568,1658.2723430984258,-0.006767138075471135,0.28511743118271204,3660.7417181957826,2.6607417181957826,-0.047780320811951604,54.70119252456536,45.29880747543464,3844.429807749062
2023-10-04,3660.7417181957826,2026.5219776353674,1647.139510883104,0.003529276665018788,0.19426230499784355,3673.6614885184717,2.673661488518472,-0.044419674118221564,55.16354688555235,44.83645311444764,3844.429807749062
2023-10-05,3673.6614885184717,1924.2457327174207,1744.8786403329623,-0.001235039069949373,0.11056671331185136,3669.124373050383,2.669124373050383,-0.045599853155160464,52.4442765377743,47.55572346222569,3844.429807749062
2023-10-06,3669.124373050383,2046.0683990721338,1641.1653665671495,0.0049356169885963475,0.2850108501270257,3687.2337656392833,2.6872337656392835,-0.04088929957647425,55.490607027390126,44.50939297260987,3844.429807749062
2023-10-09,3687.2337656392833,1949.4098837725085,1746.276962294244,0.0022925263123378947,0.30745300857436464,3695.6868460667524,2.6956868460667525,-0.038690513059308373,52.74824315396819,47.25175684603182,3844.429807749062
2023-10-10,3695.6868460667524,2037.8650489949534,1662.7831953822301,0.0013424834183966006,0.2758853478083165,3700.648244377184,2.700648244377184,-0.037399971013143074,55.06778581539907,44.93221418460093,3844.429807749062
2023-10-11,3700.648244377184,2251.959626239668,1460.4014633592878,0.0031650793180812986,0.3807383685481118,3712.361089598956,2.712361089598956,-0.03435326556981233,60.66111490471812,39.33888509528188,3844.429807749062
2023-10-12,3712.361089598956,2359.047883308562,1340.2672234927193,-0.003514200931107214,0.3076144180148026,3699.315106801281,2.699315106801281,-0.03774674222306751,63.76985510024261,36.23014489975739,3844.429807749062
2023-10-13,3699.315106801281,2331.5621436096235,1340.2672234927193,-0.0074299536280121314,0.0,3671.829367102343,2.671829367102343,-0.04489623930675368,63.4986517755752,36.501348224424795,3844.429807749062
2023-10-16,3671.829367102343,2342.474071548445,1352.573474317155,0.006323327268766832,0.20576619423458287,3695.0475458656,2.6950475458656,-0.03885680565226035,63.394964272366295,36.60503572763369,3844.429807749062
2023-10-17,3695.0475458656,2342.025820332215,1352.573474317155,-0.00012131135274073834,0.0,3694.5992946493698,2.69459929464937,-0.038973403233344306,63.39052312720375,36.609476872796265,3844.429807749062
2023-10-18,3694.5992946493698,2203.2397266228163,1458.2754622358068,-0.008954720973032182,0.11899617841820871,3661.5151888586233,2.6615151888586235,-0.04757912825505228,60.17289600018335,39.82710399981665,3844.429807749062
2023-10-19,3661.5151888586233,2176.397363510982,1464.242705414427,-0.005701224453945719,0.3633701290221665,3640.6400689254087,2.640640068925409,-0.053009093419493,59.78062434920625,40.21937565079376,3844.429807749062
2023-10-20,3640.6400689254087,2216.3000848034567,1386.6436993978384,-0.010354301444372216,0.2668030499363798,3602.943784201295,2.602943784201295,-0.06281452273130683,61.51359048458672,38.48640951541328,3844.429807749062
2023-10-23,3602.943784201295,2083.919252134056,1516.5302773932647,-0.0006922824288603247,0.4986843757016037,3600.449529527321,2.600449529527321,-0.06346331976980302,57.87941852937569,42.1205814706243,3844.429807749062
2023-10-24,3600.449529527321,2007.545480734727,1610.4281218585802,0.004867190311173886,0.29929924574777184,3617.973602593307,2.617973602593307,-0.058905017513727675,55.488118522914306,44.511881477085694,3844.429807749062
2023-10-25,3617.973602593307,1959.013505314722,1607.6126137756576,-0.014192332267466634,0.37565404358989596,3566.6261190903797,2.5666261190903796,-0.07226135020041846,54.92623672633066,45.073763273669336,3844.429807749062
2023-10-26,3566.6261190903797,1874.5285408055397,1663.6149129832847,-0.007985884797148124,0.8106092588924723,3538.1434537888244,2.5381434537888246,-0.07967016417957962,52.980569196486336,47.019430803513664,3844.429807749062
2023-10-27,3538.1434537888244,1907.8415230262929,1642.4532167463503,0.003434367809707073,0.25624394131813666,3550.294739772643,2.5502947397726428,-0.07650941301712488,53.73755315730403,46.26244684269597,3844.429807749062
2023-10-30,3550.294739772643,1806.9193059028971,1774.7980387832058,0.008850703171611185,0.34933110311568266,3581.717344686103,2.581717344686103,-0.0683358719499626,50.44840594648468,49.551594053515316,3844.429807749062
2023-10-31,3581.717344686103,1933.3952095933814,1652.944452165803,0.0012905309459829706,0.15586076624445225,3586.3396617591843,2.5863396617591845,-0.06713353056145177,53.90998600074053,46.090013999259476,3844.429807749062
2023-11-01,3586.3396617591843,1963.5618011379063,1652.944452165803,0.00841152662314415,0.0,3616.5062533037094,2.6165062533037093,-0.059286699417930966,54.29443953938075,45.70556046061925,3844.429807749062
2023-11-02,3616.5062533037094,1940.398040647522,1694.5169184595488,0.005090190508185932,0.7203877765647562,3634.914959107071,2.634914959107071,-0.054498289504383846,53.382212857166465,46.617787142833535,3844.429807749062
2023-11-03,3634.914959107071,1933.41925232631,1716.0617694373195,0.004007263669281835,0.4258501410195759,3649.4810217636295,2.6494810217636298,-0.05070941485067104,52.97792318404703,47.02207681595298,3844.429807749062
2023-11-06,3649.4810217636295,1949.09577018653,1717.2046966795092,0.004608722446316937,0.19813709161061718,3666.300466866039,2.6663004668660393,-0.046334398022815915,53.16246684638537,46.837533153614636,3844.429807749062
2023-11-07,3666.300466866039,1960.0598721773147,1717.2046966795092,0.0029905083039079017,0.0,3677.2645688568236,2.6772645688568235,-0.04348245312095178,53.302117252516645,46.69788274748336,3844.429807749062
2023-11-08,3677.2645688568236,2149.6401808940923,1531.790640148727,0.0011329759140203954,0.40293020828304227,3681.4308210428194,2.6814308210428193,-0.04239874177899994,58.39143217378658,41.608567826213424,3844.429807749062
2023-11-09,3681.4308210428194,2264.5675770264893,1407.2774893064636,-0.0026038122610031467,0.3284128569673575,3671.845066332953,2.671845066332953,-0.04489215567630778,61.673832531504324,38.32616746849567,3844.429807749062
2023-11-10,3671.845066332953,2532.7999787421513,1187.724729495999,0.013257542468645855,0.22514490583868463,3720.52470823815,2.72052470823815,-0.03222977286804962,68.07641871411077,31.923581285889234,3844.429807749062
2023-11-13,3720.52470823815,2529.8990701486678,1187.724729495999,-0.0007797041602921606,0.0,3717.623799644667,2.717623799644667,-0.03298434734035127,68.05150834225016,31.948491657749837,3844.429807749062
2023-11-14,3717.623799644667,2623.7369980640915,1135.5918335300503,0.011218195868409442,0.3487719169315522,3759.328831594142,2.759328831594142,-0.022136176340997515,69.79269746274089,30.207302537259107,3844.429807749062
2023-11-15,3759.328831594142,2838.6050592827487,938.7804538737806,0.0048031663020897675,1.0517540247550092,3777.385513156529,2.777385513156529,-0.017439333775165933,75.14734859325229,24.852651406747718,3844.429807749062
2023-11-16,3777.385513156529,2869.714376234816,902.9988659725306,-0.0012369060380279517,0.2889741301176597,3772.7132422073464,2.7727132422073466,-0.018654668995948254,76.0650012868669,23.934998713133105,3844.429807749062
2023-11-17,3772.7132422073464,2877.0671465157184,897.8274351663271,0.0005781885170321743,0.4376225020888855,3774.8945816820456,2.7748945816820454,-0.01808726639431868,76.21582760156798,23.784172398432023,3844.429807749062
2023-11-20,3774.8945816820456,2992.633906113533,808.796758407923,0.007029622222612275,0.10922338108668803,3801.430664521456,2.801430664521456,-0.011184790821498258,78.72388503737872,21.27611496262128,3844.429807749062
2023-11-21,3801.430664521456,3266.927717772068,517.8282552733385,-0.00438642525606836,0.5486535250415173,3784.7559730454063,2.784755973045406,-0.015522154828623402,86.31805434851675,13.681945651483248,3844.429807749062
2023-11-22,3784.7559730454063,3279.1511730163097,515.9107612180867,0.002723018673433053,0.1923260153778753,3795.061934234396,2.795061934234396,-0.012841403272640606,86.40573539619545,13.594264603804545,3844.429807749062
2023-11-23,3795.061934234396,3363.804896253215,431.1454618586818,-2.9400342980712146e-05,0.11157612249955737,3794.9503581118965,2.7949503581118966,-0.012870426073960828,88.63896965247288,11.361030347527123,3844.429807749062
2023-11-24,3794.9503581118965,3450.6416852728566,344.90914440393084,0.0001582290960953081,0.0863426971510088,3795.5508296767875,2.7955508296767877,-0.012714233453749446,90.91280396755214,9.08719603244786,3844.429807749062
2023-11-27,3795.5508296767875,3449.891406378834,344.90914440393084,-0.00019767325684494352,0.0,3794.8005507827647,2.7948005507827647,-0.012909393446659312,90.911007316767,9.088992683232993,3844.429807749062
2023-11-28,3794.8005507827647,3455.1753263144105,344.90914440393084,0.0013924104481557453,0.0,3800.0844707183414,2.8000844707183417,-0.011534958172818133,90.92364532784369,9.076354672156317,3844.429807749062
2023-11-29,3800.0844707183414,3540.290707905818,258.9794733224471,-0.0002142819446121491,0.11719513562186747,3799.2701812282653,2.799270181228265,-0.011746768384161999,93.18344153037515,6.816558469624861,3844.429807749062
2023-11-30,3799.2701812282653,3549.1985682605573,258.9794733224471,0.0023446240803699503,0.0,3808.1780415830044,2.8081780415830044,-0.009429686059812203,93.1993864127531,6.800613587246911,3844.429807749062
2023-12-01,3808.1780415830044,3296.391188515629,519.0127547705758,0.0018974695049174262,0.28425089983346685,3815.4039432862046,2.8154039432862046,-0.007550109096634117,86.39691203119241,13.603087968807584,3844.429807749062
2023-12-04,3815.4039432862046,3209.44878320327,580.3774685702895,-0.006703796476819512,0.22747932108976876,3789.8262517735593,2.7898262517735595,-0.014203291178692012,84.68590827089541,15.314091729104598,3844.429807749062
2023-12-05,3789.8262517735593,2925.031659965356,860.816123880316,-0.0010497758112328892,0.5080242500383294,3785.847783845672,2.785847783845672,-0.01523815671840556,77.26226269441037,22.73773730558964,3844.429807749062
2023-12-06,3785.847783845672,2992.4926497443707,773.7611836373756,-0.0051755779900960475,0.6167721492390631,3766.2538333817465,2.7662538333817466,-0.020334868439980225,79.45541596853523,20.54458403146476,3844.429807749062
2023-12-07,3766.2538333817465,2947.286134957154,846.6892728226353,0.007360516742747292,0.7178396882572773,3793.9754077797893,2.793975407779789,-0.01312402683684688,77.68332206143339,22.316677938566624,3844.429807749062
2023-12-08,3793.9754077797893,3061.6080765551746,758.5032255516617,0.006888788544452185,0.29185600429585,3820.1113021068363,2.8201113021068362,-0.006325646938125429,80.14447314314276,19.85552685685724,3844.429807749062
2023-12-11,3820.1113021068363,2962.964745479799,859.2271822983533,0.0005446505367969756,0.2978606756847357,3822.1919277781526,2.8221919277781526,-0.005784441668328921,77.52004089449731,22.479959105502683,3844.429807749062
2023-12-12,3822.1919277781526,3097.6680410733143,727.466980491989,0.0007700015705023322,0.5695771800401794,3825.1350215653033,2.8251350215653033,-0.005018894126995632,80.98192674531268,19.01807325468732,3844.429807749062
2023-12-13,3825.1350215653033,3292.6525310059997,573.4571858875004,0.010711960518305919,0.31306734729494773,3866.1097168935003,2.8661097168935004,0.0,85.16707419394488,14.832925806055117,3866.1097168935003
2023-12-14,3866.1097168935003,3424.146922154421,483.13997348018313,0.01065080449247846,0.1237411315044967,3907.286895634604,2.9072868956346043,0.0,87.63489893665171,12.365101063348298,3907.286895634604
2023-12-15,3907.286895634604,3445.9395197744934,488.1522490773867,0.006860226528853985,0.258612876938604,3934.0917688518803,2.9340917688518804,0.0,87.59174219212866,12.40825780787133,3934.0917688518803
2023-12-18,3934.0917688518803,3541.5599706564735,413.65306894576145,0.005368779375606314,0.4618540912787042,3955.213039602235,2.955213039602235,0.0,89.54157298724517,10.458427012754829,3955.213039602235
2023-12-19,3955.213039602235,3703.988558571855,281.7469033279312,0.007717010940230029,0.7683137865142813,3985.735461899786,2.985735461899786,0.0,92.93111883562794,7.068881164372047,3985.735461899786
2023-12-20,3985.735461899786,3730.2605108004627,198.8288386967294,-0.014212210756103238,0.4579343982598564,3929.089349497192,2.929089349497192,-0.014212210756103238,94.9395694266364,5.060430573363614,3985.735461899786
2023-12-21,3929.089349497192,3765.119428530634,206.42469472263033,0.010805245180159906,0.36948156669571175,3971.5441232532644,2.9715441232532642,-0.0035605319977149996,94.80240711631478,5.197592883685222,3985.735461899786
2023-12-22,3971.5441232532644,3767.5597603540723,206.42469472263033,0.0006144541638477552,0.0,3973.9844550767025,2.9739844550767023,-0.0029482656175787714,94.80559883773762,5.194401162262375,3985.735461899786
2023-12-25,3973.9844550767025,3775.2852323228676,198.3198542709812,-9.546300121254792e-05,0.3793684828536503,3973.6050865938487,2.9736050865938486,-0.0030434471685071296,95.0090698509504,4.990930149049609,3985.735461899786
2023-12-26,3973.6050865938487,3905.358851761964,99.24044560604644,0.007800022925964711,0.09968155879941455,4004.5992973680104,3.00459929736801,0.0,97.52183831048286,2.4781616895171354,4004.5992973680104
2023-12-27,4004.5992973680104,3817.9213558704414,200.10554667786332,0.0033530458812993658,0.12441819053688948,4018.026902548305,3.0180269025483053,0.0,95.01980570237215,4.980194297627842,4018.026902548305
2023-12-28,4018.026902548305,3709.234633141914,301.23435282087615,-0.0018810019865027616,0.11766487024632331,4010.46898596279,3.01046898596279,-0.0018810019865027616,92.48879984173325,7.511200158266754,4018.026902548305
2023-12-29,4010.46898596279,3693.054401715524,301.23435282087615,-0.004034498579349011,0.0,3994.2887545364,2.9942887545364,-0.005907911666009347,92.45837315895707,7.5416268410429215,4018.026902548305
2024-01-01,3994.2887545364,3613.880301723409,380.13907448659245,-6.744087444665592e-05,0.26937832639861004,3994.0193762100016,2.9940193762100016,-0.005974954105727126,90.48229268113082,9.517707318869178,4018.026902548305
2024-01-02,3994.0193762100016,3473.8704212813645,475.38315774517605,-0.011208207313691099,0.09533942268126493,3949.2535790265406,2.9492535790265406,-0.01711619289511157,87.96270869336392,12.03729130663608,4018.026902548305
2024-01-03,3949.2535790265406,3285.772081439871,627.778411880847,-0.00904046422732463,0.5119302370114589,3913.5504933207176,2.9135504933207175,-0.026001918792859846,83.95885237836383,16.041147621636174,4018.026902548305
2024-01-04,3913.5504933207176,2930.0333431313425,977.5043579566874,-0.0015364033868860982,0.8832653734916092,3907.5377010880297,2.90753770108803,-0.02749837274364708,74.98413495320833,25.015865046791674,4018.026902548305
2024-01-05,3907.5377010880297,3035.4799881469494,887.62396994964,0.003983648578547383,0.45278029763901445,3923.1039580965894,2.9231039580965894,-0.023624268018592298,77.3744468810789,22.6255531189211,4018.026902548305
2024-01-08,3923.1039580965894,2794.0763034511997,1158.8156637123122,0.007592969593743559,0.28323299804347185,3952.891967163512,2.952891967163512,-0.01621067677358834,70.68435784892327,29.31564215107672,4018.026902548305
2024-01-09,3952.891967163512,2958.871215590263,987.8425437801416,-0.0015629589284072987,0.3804480107364723,3946.7137593704047,2.9467137593704047,-0.017748299079996754,74.97050447515286,25.029495524847135,4018.026902548305
2024-01-10,3946.7137593704047,3340.682520738742,627.504775129717,0.005440864934040723,0.3815047701200555,3968.187295868459,2.968187295868459,-0.012404000244059299,84.18661397905655,15.813386020943456,4018.026902548305
2024-01-11,3968.187295868459,3274.0199778889164,689.8843850792379,-0.0010793172249616845,0.2351446370155999,3963.904362968154,2.963904362968154,-0.013469929617899057,82.5958367834421,17.404163216557915,4018.026902548305
2024-01-12,3963.904362968154,3251.3345100293336,720.0838709866294,0.001895610327536268,0.6260131893985785,3971.418381015963,2.971418381015963,-0.01159985302805766,81.86834521316743,18.13165478683257,4018.026902548305
2024-01-15,3971.418381015963,3339.601820399787,631.7023377734266,-2.876122125416991e-05,0.11422284274945894,3971.3041581732136,2.9713041581732136,-0.011628280623372289,84.09332771771358,15.906672282286419,4018.026902548305
2024-01-16,3971.3041581732136,3231.720413455652,721.9649485223263,-0.004436526514589589,0.09035296371261214,3953.685361977978,2.953685361977978,-0.01601321796265731,81.73944352109152,18.26055647890849,4018.026902548305
2024-01-17,3953.685361977978,2807.8599608142217,1129.022066621983,-0.0042500434413341726,0.6023225145823168,3936.8820274362047,2.9368820274362046,-0.02019520453201462,71.32192281216946,28.678077187830546,4018.026902548305
2024-01-18,3936.8820274362047,2836.704598295476,1129.022066621983,0.007326772120737957,0.0,3965.726664917459,2.965726664917459,-0.013016398072814295,71.5305122612256,28.4694877387744,4018.026902548305
2024-01-19,3965.726664917459,3253.021741847045,754.7900143269082,0.01061220170033339,0.5864932764177515,4007.8117561739537,3.007811756173954,-0.002542329014241451,81.16702928564024,18.83297071435976,4018.026902548305
2024-01-22,4007.8117561739537,3231.9715947509885,783.6028288489032,0.0019368842396303432,0.5342538807836468,4015.574423599892,3.015574423599892,-0.0006103689716108196,80.48590945684883,19.51409054315116,4018.026902548305
2024-01-23,4015.574423599892,3293.4463106603152,729.5467277412317,0.00184746041763173,0.5577129132939241,4022.993038401547,3.0229930384015473,0.0,81.86557319942314,18.13442680057687,4022.993038401547
2024-01-24,4022.993038401547,3349.625164705265,699.1638353020156,0.0064121318032366315,0.4871278982532817,4048.7890000072807,3.0487890000072806,0.0,82.73153193953159,17.26846806046841,4048.7890000072807
2024-01-25,4048.7890000072807,3402.3791749321567,699.1638353020156,0.013029577542024828,0.0,4101.5430102341725,3.101543010234172,0.0,82.95363882427999,17.04636117572001,4101.5430102341725
2024-01-26,4101.5430102341725,3458.2702074847607,623.9861014176237,-0.0047023038119224925,0.16174796583746806,4082.2563089023843,3.0822563089023847,-0.0047023038119224925,84.71467604675225,15.285323953247751,4101.5430102341725
2024-01-29,4082.2563089023843,3397.613201669789,709.8637541079931,0.0061781144952601785,0.09386483155164611,4107.476955777782,3.1074769557777815,0.0,82.71776660586097,17.28223339413903,4107.476955777782
2024-01-30,4107.476955777782,3402.017538020766,709.8637541079931,0.0010722729301699818,0.0,4111.881292128759,3.111881292128759,0.0,82.73627802760595,17.263721972394055,4111.881292128759
2024-01-31,4111.881292128759,3601.225431803104,446.6489833609655,-0.015566324126918718,0.2946353486825414,4047.8744151640694,3.0478744151640695,-0.015566324126918718,88.96583891813103,11.034161081868984,4111.881292128759
2024-02-01,4047.8744151640694,3540.694637107823,551.598010553817,0.010973223954570344,0.3848642412831824,4092.29264766164,3.0922926476616395,-0.0047639129331426,86.52105169289388,13.478948307106123,4111.881292128759
2024-02-02,4092.29264766164,3792.1685768069124,371.8163710801587,0.017518859572859924,0.21023325271737553,4163.984947887071,3.163984947887071,0.0,91.07066005921013,8.929339940789875,4163.984947887071
2024-02-05,4163.984947887071,3861.3197747553254,297.11338334885346,-0.00133328766851315,0.314112928794577,4158.433158104179,3.158433158104179,-0.00133328766851315,92.855160295896,7.1448397041040055,4163.984947887071
2024-02-06,4158.433158104179,3961.873914589393,197.881433889983,0.0003179539804842868,0.13919268640699295,4159.755348479376,3.1597553484793766,-0.0010157576121501144,95.24295499824719,4.757045001752801,4163.984947887071
2024-02-07,4159.755348479376,3812.4563752630897,377.79021920267695,0.00733005752310345,0.3693579318117494,4190.246594465767,3.1902465944657674,0.0,90.98405760411235,9.015942395887636,4190.246594465767
2024-02-08,4190.246594465767,3910.801191966338,299.0358571970096,0.004675251027816518,0.2674709791167744,4209.837049163348,3.2098370491633474,0.0,92.8967355813347,7.103264418665307,4209.837049163348
2024-02-09,4209.837049163348,3743.177272769817,478.0198628224833,0.002698462267372248,0.3707109460789775,4221.197135592301,3.2211971355923,0.0,88.67572758467226,11.324272415327732,4221.197135592301
2024-02-12,4221.197135592301,3823.751356249488,401.5742408670425,0.0009780309688498523,0.4445339512718523,4225.32559711653,3.22532559711653,0.0,90.49601665866682,9.503983341333198,4225.32559711653
2024-02-13,4225.32559711653,3873.5662487500636,301.68513802473984,-0.011850970816520978,0.1238331978693653,4175.251386774803,3.1752513867748027,-0.011850970816520978,92.7744437381583,7.225556261841716,4225.32559711653
2024-02-14,4175.251386774803,3622.166514475173,595.9524149508455,0.010267056682383036,0.5120688741264156,4218.118929426018,3.2181189294260184,-0.001705588723252327,85.87160710919215,14.128392890807845,4225.32559711653
2024-02-15,4218.118929426018,3538.609565262743,702.8889477480169,0.0055426563299680875,0.13087382298645994,4241.49851301076,3.24149851301076,0.0,83.42828730006833,16.571712699931666,4241.49851301076
2024-02-16,4241.49851301076,3841.4558170669443,384.98152855774464,-0.00355090714752615,0.6092453523247549,4226.4373456246885,3.2264373456246886,-0.00355090714752615,90.89111000411998,9.108889995880027,4241.49851301076
2024-02-19,4226.4373456246885,3723.29004257413,502.70807114572824,-0.00010392485890864389,0.4392319048303251,4225.998113719858,3.225998113719858,-0.0036544629789104777,88.10439433198826,11.89560566801173,4241.49851301076
2024-02-20,4225.998113719858,3500.904180704827,704.1313940055023,-0.00496037585569975,0.20162494780758175,4205.0355747103295,3.2050355747103296,-0.008596711324684092,83.25504311449238,16.744956885507623,4241.49851301076
2024-02-21,4205.0355747103295,3899.6451086972133,299.72633355178334,-0.0013469880006242718,0.633350356097578,4199.371442248997,3.1993714422489967,-0.009932119658309202,92.86259056447592,7.137409435524075,4241.49851301076
2024-02-22,4199.371442248997,3892.4921927840655,381.1141901913771,0.017677631461600285,0.6468500130771979,4273.606382975443,3.2736063829754434,0.0,91.08214102942182,8.917858970578177,4273.606382975443
2024-02-23,4273.606382975443,3999.7810243489407,278.277861845221,0.001041860859356536,0.43559791404704457,4278.0588861941615,3.2780588861941613,0.0,93.49523068176414,6.50476931823587,4278.0588861941615
2024-02-26,4278.0588861941615,3975.895888901635,291.1469421600718,-0.002575012505789842,0.5388909895301255,4267.042831061706,3.2670428310617066,-0.002575012505789842,93.17684509654595,6.823154903454061,4278.0588861941615
2024-02-27,4267.042831061706,3984.129140110506,290.53508443602175,0.0017861066285393967,0.3996540454578299,4274.664224546527,3.2746642245465276,-0.0007935051241555469,93.20332383611154,6.7966761638884705,4278.0588861941615
2024-02-28,4274.664224546527,3870.6266357308564,406.65605945559054,0.0006125558645948548,0.4548190726503104,4277.282695186447,3.2772826951864475,-0.00018143532577807875,90.49265413499015,9.50734586500985,4278.0588861941615
2024-02-29,4277.282695186447,3737.53513144239,557.1972816850304,0.00407962699323372,0.7091568175495692,4294.732413127421,3.294732413127421,0.0,87.02603030675711,12.973969693242884,4294.732413127421
2024-03-01,4294.732413127421,3837.429790035103,487.60646531068573,0.0070560489696029904,0.43130890833914287,4325.036255345789,3.325036255345789,0.0,88.72595658110382,11.27404341889618,4325.036255345789
2024-03-04,4325.036255345789,3780.5188236880513,563.513062261661,0.004392016501698404,0.6221014790941166,4344.031885949712,3.344031885949712,0.0,87.02787923623947,12.972120763760536,4344.031885949712
2024-03-05,4344.031885949712,4015.1139537717872,295.55024540677937,-0.007681271143305746,0.6337468170647983,4310.664199178566,3.310664199178566,-0.007681271143305746,93.14374231555549,6.856257684444522,4344.031885949712
2024-03-06,4310.664199178566,4118.935081429425,214.7049338180527,0.00532999440626547,0.8282761408755004,4333.640015247477,3.333640015247477,-0.0023922178692671325,95.04562139304062,4.9543786069593905,4344.031885949712
2024-03-07,4333.640015247477,3969.5735178225473,412.32323400282814,0.011135381897922292,0.40438649693158724,4381.896751825376,3.3818967518253755,0.0,90.59030238831926,9.409697611680738,4381.896751825376
2024-03-08,4381.896751825376,4043.3582943337124,298.3038779253065,-0.009182000819530134,0.46180969915084624,4341.662172259019,3.341662172259019,-0.009182000819530134,93.12927017142619,6.87072982857382,4381.896751825376
2024-03-11,4341.662172259019,4032.0572152575583,298.3038779253065,-0.0026029383742389722,0.0,4330.361093182864,3.330361093182864,-0.01176103901148362,93.11133941243571,6.888660587564299,4381.896751825376
2024-03-12,4330.361093182864,3934.949303215895,470.14895278438553,0.017258875463081358,0.5424703876647159,4405.09825600028,3.4050982560002803,0.0,89.32716308554559,10.672836914454415,4405.09825600028
2024-03-13,4405.09825600028,4022.854581362096,382.890731662338,0.00014688821600561397,0.16129059855633388,4405.745313024434,3.4057453130244335,0.0,91.30928584250157,8.69071415749843,4405.745313024434
2024-03-14,4405.745313024434,3914.0352018976982,478.758227991427,-0.002939771188547824,0.12713211992447931,4392.793429889125,3.3927934298891254,-0.002939771188547824,89.10128063992504,10.898719360074962,4405.745313024434
2024-03-15,4392.793429889125,3897.2395634095274,477.2518866023343,-0.004166364790279875,0.22566012474492023,4374.491450011862,3.3744914500118623,-0.007093887819656253,89.0901172843522,10.909882715647786,4405.745313024434
2024-03-18,4374.491450011862,3743.5172730630075,665.4712085828037,0.007885952465138457,0.21227294074060463,4408.988481645811,3.4089884816458103,0.0,84.90648793134537,15.093512068654647,4408.988481645811
2024-03-19,4408.988481645811,4030.481747633418,400.3639927732155,0.004957431585909555,0.4531419218579749,4430.845740406633,3.4308457404066326,0.0,90.96416313657373,9.035836863426276,4430.845740406633
2024-03-20,4430.845740406633,4062.8356431929715,400.3639927732155,0.0073019683949964165,0.0,4463.199635966187,3.4631996359661867,0.0,91.02966424475105,8.970335755248943,4463.199635966187
2024-03-21,4463.199635966187,4185.601608826822,304.1838602096192,0.005956675757009533,0.1252058789845144,4489.785469036441,3.489785469036441,0.0,93.22498007293652,6.775019927063475,4489.785469036441
2024-03-22,4489.785469036441,4071.0552417254016,408.0255953058533,-0.00238421904097863,0.13672006109557447,4479.080837031255,3.4790808370312556,-0.00238421904097863,90.89041680309808,9.109583196901925,4489.785469036441
2024-03-25,4479.080837031255,4062.0736237906685,406.955773363536,-0.002244085392241635,0.23339363930569645,4469.029397154204,3.4690293971542046,-0.004622954042098448,90.89386671695027,9.106133283049738,4489.785469036441
2024-03-26,4469.029397154204,4054.9832604693943,406.955773363536,-0.0015865555339127368,0.0,4461.93903383293,3.4619390338329303,-0.006202175002692711,90.87939637279288,9.120603627207108,4489.785469036441
2024-03-27,4461.93903383293,3986.604969181111,506.91547812103494,0.007077957190752215,0.12304845088880448,4493.520447302146,3.4935204473021457,0.0,88.71896803261727,11.28103196738274,4493.520447302146
2024-03-28,4493.520447302146,3811.073592274088,683.4243382409319,0.00021753171579774744,0.37225156591634145,4494.49793051502,3.4944979305150197,0.0,84.79420062470427,15.205799375295717,4494.49793051502
2024-03-29,4494.49793051502,4005.965546763387,488.31386972172095,-4.86181178166456e-05,0.2185140299120588,4494.2794164851075,3.4942794164851074,-4.86181178166456e-05,89.13476834727776,10.865231652722255,4494.49793051502
2024-04-01,4494.2794164851075,4002.839373165348,488.3130435118569,-0.0006957733416468326,0.19558871478558262,4491.152416677205,3.491152416677205,-0.0007443576322732071,89.12722174160508,10.872778258394913,4494.49793051502
2024-04-02,4491.152416677205,3601.0456883312527,878.1040244983016,-0.0026725220464753896,0.5997091994126066,4479.149712829554,3.479149712829554,-0.003414890366565837,80.39574292452957,19.604257075470436,4494.49793051502
2024-04-03,4479.149712829554,3617.5595648429285,876.1391222889115,0.0032481553944521124,0.21625630817513702,4493.69868713184,3.4936986871318405,-0.00017782706667923698,80.50294015489234,19.497059845107646,4494.49793051502
2024-04-04,4493.69868713184,3738.674602206863,714.3635104225096,-0.009048353557594702,0.5430988939190918,4453.038112629372,3.4530381126293728,-0.009224571582102548,83.95783974099648,16.04216025900352,4494.49793051502
2024-04-05,4453.038112629372,3774.4366011781726,741.6273515156258,0.01415344725787926,0.5456672559361776,4516.0639526937985,3.5160639526937985,0.0,83.57801485354851,16.421985146451494,4516.0639526937985
2024-04-08,4516.0639526937985,3767.326682818025,741.6273515156258,-0.0015743617527619325,0.0,4508.95403433365,3.50895403433365,-0.0015743617527619325,83.55211994026845,16.447880059731553,4516.0639526937985
2024-04-09,4508.95403433365,3765.4939814642403,741.6273515156258,-0.00040645820290663437,0.0,4507.121332979867,3.5071213329798665,-0.0019801800434198213,83.54543184606699,16.454568153933007,4516.0639526937985
2024-04-10,4507.121332979867,3530.8580339454834,965.5665201017541,-0.0023733061842284853,0.24519410821724574,4496.4245540472375,3.4964245540472376,-0.004348786654105319,78.52590411569018,21.474095884309822,4516.0639526937985
2024-04-11,4496.4245540472375,3121.0962587560434,1391.3129401039184,0.0035549678684894115,0.43751710117902237,4512.409198859962,3.512409198859962,-0.0008092785824381776,69.16695984806903,30.833040151930962,4516.0639526937985
2024-04-12,4512.409198859962,3168.8923759101153,1289.1275435289824,-0.012053268447951293,0.13222757386424847,4458.019919439098,3.4580199194390984,-0.01285279257838623,71.08295685472893,28.917043145271066,4516.0639526937985
2024-04-15,4458.019919439098,2944.95913062242,1485.7764106012744,-0.006120290781212123,0.23022921175867186,4430.735541223695,3.4307355412236946,-0.01889442053166801,66.466596871387,33.533403128612996,4516.0639526937985
2024-04-16,4430.735541223695,2988.231858947273,1439.7314868243761,-0.0006256738697791864,0.2575640733243288,4427.963345771649,3.4279633457716487,-0.019508272656236003,67.48546963020358,32.51453036979641,4516.0639526937985
2024-04-17,4427.963345771649,2866.1152000908337,1549.4414300310837,-0.002801901163337228,0.34574098899344013,4415.556630121917,3.415556630121917,-0.02225551356772304,64.90948798026622,35.090512019733794,4516.0639526937985
2024-04-18,4415.556630121917,2833.187426606375,1576.7467030756666,-0.0012733389945719376,0.2378076821611215,4409.934129682042,3.409934129682042,-0.023500513749024954,64.24557245735207,35.75442754264791,4516.0639526937985
2024-04-19,4409.934129682042,2689.5471791116174,1679.850572356169,-0.009192059795500529,0.12433418937082467,4369.397751467786,3.369397751467786,-0.032476555416919406,61.55418508667776,38.445814913322245,4516.0639526937985
2024-04-22,4369.397751467786,2524.45524998624,1872.1704805359416,0.006231517614812887,0.42855580739587557,4396.625730522182,3.3966257305221816,-0.02644741602925549,57.41801564916042,42.581984350839576,4516.0639526937985
2024-04-23,4396.625730522182,2979.2474023809,1465.1137966675162,0.010857296356805213,0.42811350654455727,4444.361199048416,3.4443611990484158,-0.01587726710615167,67.03432212077604,32.96567787922395,4516.0639526937985
2024-04-24,4444.361199048416,2850.391526589917,1587.1383114398482,-0.0015370850191280816,0.13354536315774654,4437.5298380297645,3.4375298380297643,-0.01738994741586619,64.23374333535688,35.76625666464313,4516.0639526937985
2024-04-25,4437.5298380297645,2929.6652919302715,1479.0491719018787,-0.00649356178986471,0.1274407747095298,4408.71446383215,3.4087144638321494,-0.023770586507663505,66.45169053165996,33.54830946834006,4516.0639526937985
2024-04-26,4408.71446383215,2873.7999505350867,1574.3806422191956,0.008951845089062216,0.1602377208582538,4448.180592754283,3.448180592754283,-0.015031532026694161,64.60618876887033,35.39381123112967,4516.0639526937985
2024-04-29,4448.180592754283,2855.8576988120967,1588.3880956425871,-0.0008845860048956045,0.2478303410855188,4444.245794454684,3.444245794454684,-0.01590282134872678,64.25967038941677,35.740329610583224,4516.0639526937985
2024-04-30,4444.245794454684,2602.847018594701,1798.626859258243,-0.009624111397058432,0.23453373531963786,4401.473877852944,3.4014738778529434,-0.025373882221597532,59.13580520587753,40.86419479412247,4516.0639526937985
2024-05-01,4401.473877852944,2614.6843400337825,1781.3229729715886,-0.0012419850712004354,0.2259775879365968,4396.0073130053715,3.396007313005372,-0.026584353309880404,59.4786167051717,40.52138329482829,4516.0639526937985
2024-05-02,4396.0073130053715,2644.1560378792756,1781.3229729715886,0.006704196728313461,0.0,4425.479010850864,3.4254790108508644,-0.020058383316051365,59.74847087504087,40.25152912495912,4516.0639526937985
2024-05-03,4425.479010850864,2869.907306696233,1580.2888765968405,0.005585197078464388,0.23934156418234562,4450.196183293074,3.450196183293074,-0.01458521626148257,64.4894559361324,35.51054406386759,4516.0639526937985
2024-05-06,4450.196183293074,2972.80305768258,1516.7811037835786,0.008850840850782138,0.3312314299691229,4489.584161466159,3.4895841614661585,-0.005863466838605058,66.21555473217268,33.78444526782732,4516.0639526937985
2024-05-07,4489.584161466159,3062.932285535812,1428.3765872126648,0.0003841583586117192,0.12746416293087157,4491.3088727484765,3.4913088727484762,-0.005481560979789912,68.19687472666374,31.803125273336263,4516.0639526937985
2024-05-08,4491.3088727484765,3063.0966285892105,1428.3765872126648,3.659134966116362e-05,0.0,4491.473215801875,3.491473215801875,-0.005445170207843297,68.19803840336043,31.80196159663958,4516.0639526937985
2024-05-09,4491.473215801875,3185.6681488171203,1326.8950050356052,0.004695550220950029,0.1311723604031091,4512.563153852725,3.5125631538527253,-0.0007751880570657788,70.59553606684193,29.404463933158077,4516.0639526937985
2024-05-10,4512.563153852725,3183.5516117750617,1326.8950050356052,-0.00046903211542903556,0.0,4510.4466168106665,3.5104466168106665,-0.0012438565844005156,70.58173795716374,29.418262042836275,4516.0639526937985
2024-05-13,4510.4466168106665,3271.911707000211,1229.9903279907262,-0.0018943981706563973,0.131476594000994,4501.902034990937,3.5019020349909367,-0.0031358983954188346,72.67842972968643,27.32157027031359,4516.0639526937985
2024-05-14,4501.902034990937,3081.458816299056,1432.2065181125754,0.0026129621056310004,0.21685665726810494,4513.665334411631,3.5136653344116313,-0.0005311302734622991,68.26954565741487,31.730454342585134,4516.0639526937985
2024-05-15,4513.665334411631,3308.52200846395,1230.776577575359,0.00567903238909917,0.22305908235860217,4539.298586039309,3.539298586039309,0.0,72.8861947667282,27.113805233271798,4539.298586039309
2024-05-16,4539.298586039309,3304.9362489955847,1237.7602841768696,0.0007485621553064981,0.2302392883963516,4542.696533172454,3.542696533172454,0.0,72.75274112769178,27.247258872308223,4542.696533172454
2024-05-17,4542.696533172454,3368.7037536712087,1184.519040709524,0.002317183446310489,0.5322288137247855,4553.222794380733,3.5532227943807326,0.0,73.985041053309,26.014958946690992,4553.222794380733
2024-05-20,4553.222794380733,3404.3062185467334,1137.8682926868958,-0.0024264754100631336,0.43740590828721354,4542.174511233629,3.542174511233629,-0.0024264754100631336,74.94882044111824,25.051179558881742,4553.222794380733
2024-05-21,4542.174511233629,3740.756894049088,825.5129496279218,0.005304801121970959,0.3369615054649819,4566.26984367701,3.5662698436770093,0.0,81.92150315489954,18.07849684510046,4566.26984367701
2024-05-22,4566.26984367701,3822.0566115400247,726.3222337380973,-0.003918077339135295,0.12978684688167658,4548.378845278122,3.5483788452781218,-0.003918077339135295,84.03118433082756,15.968815669172443,4566.26984367701
2024-05-23,4548.378845278122,3538.872581431394,988.1200428630277,-0.004701943639963457,0.6579669800422007,4526.992624294422,3.5269926242944223,-0.008601598400273192,78.17270482040962,21.827295179590365,4566.26984367701
2024-05-24,4526.992624294422,3427.8604981689873,1131.1205880881823,0.0070661617143088495,0.6275679854231752,4558.981086257169,3.5589810862571696,-0.001596216971262221,75.18918006705728,24.81081993294272,4566.26984367701
2024-05-27,4558.981086257169,3369.6816724509513,1188.8448018425647,-9.971788762708211e-05,0.4546119636534423,4558.526474293516,3.558526474293516,-0.0016957756875047858,73.92041466586386,26.079585334136134,4566.26984367701
2024-05-28,4558.526474293516,3380.634260455942,1188.9823063258866,0.0024328239730211365,0.1985130550309554,4569.616566781829,3.5696165667818285,0.0,73.98069862208959,26.01930137791041,4569.616566781829
2024-05-29,4569.616566781829,3406.249624645445,1141.960486808439,-0.004684518933942061,0.44365488701792627,4548.210111453884,3.5482101114538835,-0.004684518933942061,74.89209032070421,25.10790967929578,4569.616566781829
2024-05-30,4548.210111453884,3379.709914020605,1141.960486808439,-0.005835198896815164,0.0,4521.670400829044,3.521670400829044,-0.010492382731041805,74.74472074304526,25.255279256954722,4569.616566781829
2024-05-31,4521.670400829044,3518.3663197145383,1027.3041514429249,0.005307788538505109,0.34821238185818254,4545.670471157463,3.5456704711574627,-0.005240285541338041,77.4003822326931,22.59961776730689,4569.616566781829
2024-06-03,4545.670471157463,3662.6482750282835,888.9260939015949,0.0012987958123835686,0.4442156726913727,4551.574368929878,3.551574368929878,-0.003948295789871326,80.46992047477872,19.530079525221307,4569.616566781829
2024-06-04,4551.574368929878,3372.1752787774217,1187.029585803653,0.0016764519334857564,0.33764087370681944,4559.204864581075,3.5592048645810745,-0.00227846298449641,73.96410950897851,26.035890491021483,4569.616566781829
2024-06-05,4559.204864581075,3304.5084743918683,1287.9649776596186,0.007297015260021356,0.5059623306853946,4592.473452051487,3.592473452051487,0.0,71.95487374925867,28.045126250741344,4592.473452051487
2024-06-06,4592.473452051487,3590.619397745061,997.8433569535368,-0.0008733196598224024,0.520436970699382,4588.462754698598,3.5884627546985977,-0.0008733196598224024,78.25321005533407,21.746789944665952,4592.473452051487
2024-06-07,4588.462754698598,3686.4456131656157,897.4243496217166,-0.0010009434873504697,0.31836325409565136,4583.869962787332,3.5838699627873316,-0.0018733890035469436,80.42212460416273,19.577875395837278,4592.473452051487
2024-06-10,4583.869962787332,3491.314068849307,1095.5347286408482,0.0006498514851001058,0.6080885474266876,4586.848797490155,3.5868487974901555,-0.0012247549430729476,76.11574357453627,23.88425642546373,4592.473452051487
2024-06-11,4586.848797490155,3229.319182031743,1354.6959162722694,-0.0006177877909762097,0.5094102589130852,4584.015098304012,3.584015098304012,-0.0018417860953984233,70.44739410274897,29.552605897251038,4592.473452051487
2024-06-12,4584.015098304012,3258.2330848448582,1353.7324301092456,0.006097365748300554,0.635667116939874,4611.965514954104,3.611965514954104,0.0,70.6473861150994,29.352613884900595,4611.965514954104
2024-06-13,4611.965514954104,3457.6798370527395,1152.7615855620977,-0.00033046481686060947,0.22979317642861588,4610.441422614837,3.610441422614837,-0.00033046481686060947,74.99671983884998,25.003280161150006,4611.965514954104
2024-06-14,4610.441422614837,3571.34501578549,1047.4872931519453,0.0018199746083833457,0.3403028968813948,4618.832308937435,3.618832308937435,0.0,77.32138291478869,22.67861708521131,4618.832308937435
2024-06-17,4618.832308937435,3601.448002051,1047.4872931519453,0.006517445157569579,0.0,4648.935295202946,3.6489352952029455,0.0,77.46823247394286,22.531767526057127,4648.935295202946
2024-06-18,4648.935295202946,3716.233732511922,950.7853620227258,0.0038898797645907646,0.1332210869675175,4667.019094534648,3.6670190945346475,0.0,79.62756648807905,20.372433511920942,4667.019094534648
2024-06-19,4667.019094534648,3818.470168255621,848.2067832778794,-7.331082093675612e-05,0.3421430011472167,4666.6769515335,3.6666769515335,-7.331082093675612e-05,81.8241804160206,18.175819583979415,4667.019094534648
2024-06-20,4666.6769515335,3917.193183894653,742.3195534300211,-0.0015351853756390144,0.10632522303573944,4659.512737324674,3.6595127373246745,-0.0016083836508755667,84.06873003085222,15.93126996914777,4667.019094534648
2024-06-21,4659.512737324674,3689.1772907192963,952.8351771430761,-0.00375581534998648,0.24697367333474268,4642.012467862372,3.642012467862372,-0.005358158208857433,79.47366182793014,20.526338172069856,4667.019094534648
2024-06-24,4642.012467862372,3788.5739441315927,843.4529886232199,-0.002151121992173044,0.5492782608479939,4632.026932754812,3.632026932754812,-0.007497754149069835,81.79084446468036,18.20915553531965,4667.019094534648
2024-06-25,4632.026932754812,3839.5326726200246,805.022246733667,0.002704644593123806,0.5476546149963512,4644.554919353692,3.644554919353692,-0.004813388316165845,82.66739739949746,17.332602600502547,4667.019094534648
2024-06-26,4644.554919353692,3815.736336720958,843.9246506381322,0.0032524253168915163,0.5398801534476032,4659.6609873590905,3.65966098735909,-0.0015766181852938654,81.88871136918407,18.111288630815928,4667.019094534648
2024-06-27,4659.6609873590905,3714.7955962977785,952.980286185222,0.0017415204981487964,0.13218850186444794,4667.775882483001,3.667775882483001,0.0,79.58384656466649,20.416153435333506,4667.775882483001
2024-06-28,4667.775882483001,3691.503257956819,954.5316865402691,-0.004657665349251494,0.24065305852641705,4646.034944497088,3.646034944497088,-0.004657665349251494,79.45491805499985,20.545081945000156,4667.775882483001
2024-07-01,4646.034944497088,4007.9938932041205,663.2222744955448,0.005419938399818358,0.497003289754071,4671.216167699666,3.671216167699666,0.0,85.80193571255454,14.198064287445462,4671.216167699666
2024-07-02,4671.216167699666,4005.631665978365,709.7978362037726,0.009465058540471194,1.039406707046353,4715.429502182138,3.715429502182138,0.0,84.9473343652937,15.052665634706289,4715.429502182138
2024-07-03,4715.429502182138,4098.355218794357,642.3402838032356,0.005358154629130141,0.6728301306921809,4740.695502597592,3.7406955025975925,0.0,86.45050534354559,13.549494656454417,4740.695502597592
2024-07-04,4740.695502597592,4098.355218794357,642.3402838032356,0.0,0.0,4740.695502597592,3.7406955025975925,0.0,86.45050534354559,13.549494656454417,4740.695502597592
2024-07-05,4740.695502597592,4135.906089762857,642.3402838032356,0.007920962430074674,0.0,4778.246373566092,3.778246373566092,0.0,86.55698694490202,13.44301305509798,4778.246373566092
2024-07-08,4778.246373566092,4047.638137159843,726.8319141446851,-0.0007903155187759525,0.29253400667708745,4774.470051304528,3.7744700513045277,-0.0007903155187759525,84.776699689506,15.223300310493999,4778.246373566092
2024-07-09,4774.470051304528,4055.4843515153066,726.8319141446851,0.0016433686401111647,0.0,4782.316265659992,3.7823162656599916,0.0,84.80167613832253,15.198323861677466,4782.316265659992
2024-07-10,4782.316265659992,4051.5731121409003,760.4655119186134,0.006215054954216814,0.35753034547607027,4812.0386240595135,3.8120386240595137,0.0,84.19660415615967,15.803395843840349,4812.0386240595135
2024-07-11,4812.0386240595135,3902.434848662514,836.3954331380373,-0.015213581597814052,0.48084930709543106,4738.830281800551,3.738830281800551,-0.015213581597814052,82.35017117303802,17.64982882696198,4812.0386240595135
2024-07-12,4738.830281800551,3925.8233120672608,823.8760940082684,0.0022936302059015645,0.2683028266105449,4749.69940607553,3.7496994060755293,-0.012954845722205288,82.65414242942583,17.345857570574168,4812.0386240595135
2024-07-15,4749.69940607553,3741.559509047408,1032.3067139848886,0.005088072926437093,0.23663516196576478,4773.866223032297,3.7738662230322975,-0.007932687995553467,78.37587678924984,21.624123210750152,4812.0386240595135
2024-07-16,4773.866223032297,3772.107727841245,1032.3067139848886,0.006399052123926552,0.0,4804.414441826133,3.8044144418261334,-0.0015843975555932532,78.5133708491536,21.486629150846408,4812.0386240595135
2024-07-17,4804.414441826133,3521.668756501819,1252.866828801753,-0.006219042275462772,0.4586777615859599,4774.535585303573,3.774535585303573,-0.007793586395676622,73.75939907834838,26.240600921651602,4812.0386240595135
2024-07-18,4774.535585303573,3409.449297799673,1336.0220350562686,-0.006087346492315127,0.8479288287318186,4745.471332855941,3.7454713328559412,-0.013833490627183531,71.84637855030056,28.15362144969945,4812.0386240595135
2024-07-19,4745.471332855941,3435.0112589953746,1284.8028449118024,-0.005406676628962548,0.42897440334800446,4719.814103907177,3.7198141039071766,-0.019165374045675088,72.77852863212956,27.221471367870425,4812.0386240595135
2024-07-22,4719.814103907177,3560.354469488682,1179.8288652166177,0.004315684971842648,0.12466076017683053,4740.1833347053,3.7401833347053,-0.014932400790581224,75.11005836887175,24.88994163112825,4812.0386240595135
2024-07-23,4740.1833347053,3653.112568995843,1086.1583943457592,-0.00019247596543736645,0.13361985753896108,4739.2709633416025,3.7392709633416024,-0.01512200262776009,77.08174099461233,22.918259005387657,4812.0386240595135
2024-07-24,4739.2709633416025,3305.1816776872834,1381.9756812828275,-0.010996122562856536,0.31168302514032425,4687.157358970111,3.6871573589701114,-0.025951841796325925,70.51569692581255,29.484303074187444,4812.0386240595135
2024-07-25,4687.157358970111,3333.109172484025,1366.6399595170453,0.002686441283406449,0.44760351590388314,4699.74913200107,3.6997491320010703,-0.02333511861210169,70.92100192728469,29.0789980727153,4812.0386240595135
2024-07-26,4699.74913200107,3263.482029679941,1468.5298924005779,0.006864789837348617,0.14171134975677346,4732.011922080519,3.7320119220805195,-0.01663051945985472,68.9660567939797,31.033943206020297,4812.0386240595135
2024-07-29,4732.011922080519,3636.0976045520642,1084.001482208898,-0.0025174990079734894,0.41791660122114516,4720.099086760963,3.7200990867609622,-0.01910615115158598,77.03434901929644,22.965650980703543,4812.0386240595135
2024-07-30,4720.099086760963,3437.7095116986857,1278.1414204917905,-0.0009000138540313785,0.21874883930322006,4715.850932190477,3.7158509321904765,-0.0199889692048838,72.89690792032513,27.103092079674866,4812.0386240595135
2024-07-31,4715.850932190477,3362.1791247548485,1375.3173738091143,0.004589959836459823,0.1391480797749132,4737.496498563963,3.7374964985639627,-0.01549075793424659,70.96953265873648,29.030467341263527,4812.0386240595135
2024-08-01,4737.496498563963,3371.0684259516006,1326.1688382322354,-0.008497997706664373,0.3301813656739125,4697.237264183836,3.697237264183835,-0.02385711521551126,71.76704595392283,28.232954046077186,4812.0386240595135
2024-08-02,4697.237264183836,3267.345040144881,1369.3658095800752,-0.01288553484840771,0.6617258068771481,4636.710849724956,3.636710849724955,-0.03643523837442697,70.46687072019373,29.533129279806275,4812.0386240595135
2024-08-05,4636.710849724956,2978.764936290124,1580.04429208917,-0.016801052269688643,0.6525884988826892,4558.809228379294,3.5588092283792943,-0.052624140299728395,65.34085518970284,34.65914481029716,4812.0386240595135
2024-08-06,4558.809228379294,2756.129655413471,1822.8063275528345,0.004414914855773944,0.7173637988829248,4578.935982966305,3.578935982966305,-0.048441556542735964,60.1914869669789,39.8085130330211,4812.0386240595135
2024-08-07,4578.935982966305,2626.685751372822,1945.680710648698,-0.0014347265323698677,0.3670821119817922,4572.36646202152,3.5723664620215203,-0.049806782688664675,57.44696478705952,42.55303521294047,4812.0386240595135
2024-08-08,4572.36646202152,2917.420806435718,1714.3885968660625,0.013000476180988318,0.24882639200712708,4631.809403301781,3.631809403301781,-0.0374538183996721,62.98663335231449,37.01336664768551,4812.0386240595135
2024-08-09,4631.809403301781,3145.239241491323,1505.0744759808413,0.003995050866556049,0.26358009223702217,4650.313717472164,3.650313717472164,-0.033608397442769444,67.6349905098666,32.3650094901334,4812.0386240595135
2024-08-12,4650.313717472164,3138.389271288548,1505.0744759808413,-0.001473012493122372,0.0,4643.463747269389,3.643463747269389,-0.035031904346584763,67.5872461184626,32.412753881537405,4812.0386240595135
2024-08-13,4643.463747269389,2927.098367867537,1741.0339274800053,0.0053125316403428435,0.2649777460155001,4668.132295347543,3.668132295347543,-0.02990548080650457,62.70384347900351,37.29615652099648,4812.0386240595135
2024-08-14,4668.132295347543,3193.1334907518444,1484.3878566435249,0.002011308046514504,0.9269646034200987,4677.521347395369,3.677521347395369,-0.02795432189417124,68.26550332111063,31.734496678889375,4812.0386240595135
2024-08-15,4677.521347395369,3263.4805968235346,1447.1600417174734,0.007080521645097537,0.6441848572837618,4710.640638541008,3.7106406385410082,-0.021071731430319263,69.27891230170995,30.721087698290045,4812.0386240595135
2024-08-16,4710.640638541008,3051.4477912413677,1667.1904431649536,0.001697772443068457,1.1614496516536297,4718.638234406321,3.7186382344063214,-0.019409733992201028,64.66797494648978,35.33202505351022,4812.0386240595135
2024-08-19,4718.638234406321,3170.171870843671,1572.370732244171,0.005065946464643201,0.5086792246028335,4742.5426030878425,3.742542603087842,-0.014442116200855226,66.84540627594131,33.15459372405868,4812.0386240595135
2024-08-20,4742.5426030878425,3257.046827154883,1481.535203867842,-0.0008351157589051583,0.5093595971088748,4738.582031022725,3.738582031022725,-0.015265171120929177,68.73463001867496,31.26536998132505,4812.0386240595135
2024-08-21,4738.582031022725,3071.161821272076,1677.839438156851,0.0021988072250285207,0.40836449703093025,4749.001259428927,3.749001259428927,-0.013099929064452676,64.66963585605338,35.33036414394662,4812.0386240595135
2024-08-22,4749.001259428927,3245.349585292281,1483.8523841335461,-0.004169148189588245,0.21050943799381402,4729.201969425827,3.7292019694258274,-0.017214461708498163,68.62361993151033,31.376380068489674,4812.0386240595135
2024-08-23,4729.201969425827,3281.1064650990265,1477.4542622155739,0.006207972947354978,0.4213532299970714,4758.560727314601,3.7585607273146007,-0.011113355673732728,68.95165687946687,31.048343120533122,4812.0386240595135
2024-08-26,4758.560727314601,3575.372026356493,1189.3176880871874,0.0012879917858144019,0.3224937414629812,4764.689714443681,3.764689714443681,-0.009839677798738955,75.03892678505612,24.961073214943877,4812.0386240595135
2024-08-27,4764.689714443681,3573.4759241728493,1189.3176880871874,-0.0003979487222213196,0.0,4762.793612260037,3.7627936122600367,-0.01023371083375324,75.02898960337622,24.97101039662379,4812.0386240595135
2024-08-28,4762.793612260037,3551.690355425237,1190.4719281156463,-0.00433177046892097,0.22647494936339338,4742.162283540883,3.7421622835408836,-0.014521151216297046,74.89601036540775,25.103989634592246,4812.0386240595135
2024-08-29,4742.162283540883,3517.9838940357554,1236.74983049853,0.0026509934164493654,0.3359825990917166,4754.733724534285,3.754733724534285,-0.011908653276121228,73.9890832557681,26.01091674423191,4812.0386240595135
2024-08-30,4754.733724534285,3963.3637495049,826.4807981547664,0.007384393145763335,0.4294148077179787,4789.844547659666,3.7898445476596665,-0.004612198307985316,82.74514360682984,17.25485639317016,4812.0386240595135
2024-09-02,4789.844547659666,3891.7486949734785,897.6340705269507,-9.640859001636137e-05,0.4617821592370183,4789.382765500429,3.789382765500429,-0.004708162242465952,81.2578339531992,18.742166046800804,4812.0386240595135
2024-09-03,4789.382765500429,3813.5276966679303,897.609816584714,-0.016337230929090008,0.39945194661614597,4711.137513252645,3.7111375132526447,-0.020968474837749107,80.94706821739554,19.05293178260445,4812.0386240595135
2024-09-04,4711.137513252645,3587.552943794406,1126.0765831611407,0.0005289622083608503,0.49977870362216936,4713.629526955547,3.713629526955547,-0.020450604160144326,76.11020177293283,23.889798227067168,4812.0386240595135
2024-09-05,4713.629526955547,3356.9974315409777,1346.019836804287,-0.0022513985347372145,0.7314566115832789,4703.017268345265,3.703017268345265,-0.022655960234641004,71.37965352872544,28.620346471274555,4812.0386240595135
2024-09-06,4703.017268345265,3156.691775308324,1496.050417121808,-0.010689962006629306,0.36416826077580916,4652.7421924301325,3.652742192430132,-0.03310373088713825,67.8458346659345,32.15416533406549,4812.0386240595135
2024-09-09,4652.7421924301325,3142.330206243665,1550.3723101155617,0.008588553217951489,0.5417540278159826,4692.702516359227,3.692702516359227,-0.02479949082362365,66.9620585427947,33.03794145720531,4812.0386240595135
2024-09-10,4692.702516359227,3325.5001292941056,1386.0299739133068,0.004012098952053789,0.4503150110101146,4711.530103207412,3.711530103207412,-0.02088688988271481,70.58216877422144,29.417831225778556,4812.0386240595135
2024-09-11,4711.530103207412,3090.885596883864,1638.3345622031904,0.0037546307658311573,0.458517173300731,4729.2201590870545,3.7292201590870544,-0.017210681676239736,65.35719405967642,34.642805940323576,4812.0386240595135
2024-09-12,4729.2201590870545,3117.0267385746397,1638.3345622031904,0.005527579772438118,0.0,4755.36130077783,3.75536130077783,-0.011778235319705121,65.54763227064977,34.45236772935022,4812.0386240595135
2024-09-13,4755.36130077783,3226.4235112550405,1550.5019552011895,0.004534706053748838,0.15933853071145182,4776.92546645623,3.7769254664562304,-0.007296940100963045,67.54184326113356,32.45815673886643,4812.0386240595135
2024-09-16,4776.92546645623,3561.6313826661026,1245.8315653994575,0.0063927063178534915,0.3229041108635461,4807.46294806556,3.8074629480655604,-0.0009508809781940686,74.0854671401938,25.9145328598062,4812.0386240595135
2024-09-17,4807.46294806556,3498.7751412307584,1301.5769147420351,-0.0014791361201501596,0.444300359054446,4800.352055972793,3.800352055972793,-0.0024286106159433496,72.88580296683533,27.11419703316469,4812.0386240595135
2024-09-18,4800.352055972793,3691.5913620976407,1099.8522467241276,-0.001855790376862232,0.22843276963782533,4791.443608821768,3.7914436088217682,-0.004279894000595363,77.04549324760633,22.954506752393666,4812.0386240595135
2024-09-19,4791.443608821768,3647.5419914091826,1197.7427583806664,0.011236935120962688,0.11814382477612045,4845.284749789849,3.8452847497898492,0.0,75.28024006364919,24.7197599363508,4845.284749789849
2024-09-20,4845.284749789849,3538.316616707159,1311.7299430943615,0.0009827719644088795,0.5346766403896748,4850.046559801521,3.8500465598015206,0.0,72.9542814296603,27.045718570339695,4850.046559801521
2024-09-23,4850.046559801521,3658.6629681361983,1212.1826087999095,0.004288415972534265,0.32903115047094095,4870.845576936108,3.870845576936108,0.0,75.11350771332798,24.886492286672016,4870.845576936108
2024-09-24,4870.845576936108,3975.8192869107897,912.7471542098604,0.0036381494557027327,0.5363914656597406,4888.56644112065,3.88856644112065,0.0,81.32894039176395,18.67105960823605,4888.56644112065
2024-09-25,4888.56644112065,3970.4319099456025,912.7471542098604,-0.0011020361551948854,0.0,4883.179064155463,3.8831790641554624,-0.0011020361551948854,81.30834150830555,18.691658491694454,4888.56644112065
2024-09-26,4883.179064155463,3966.3845914622934,915.3546724543296,-0.00029484895391374,0.24140207481940587,4881.739263916623,3.8817392639166224,-0.0013965601749010847,81.24941495298256,18.75058504701744,4888.56644112065
2024-09-27,4881.739263916623,4065.9644729976326,813.485764341883,-0.00046889570568153793,0.13744631088737583,4879.450237339515,3.8794502373395154,-0.0018648010395139192,83.32833157889874,16.67166842110127,4888.56644112065
2024-09-30,4879.450237339515,3882.5791417759033,1016.3275806284332,0.003987433853906763,0.22455215063243725,4898.9067224043365,3.8989067224043366,0.0,79.25399199824672,20.746008001753285,4898.9067224043365
2024-10-01,4898.9067224043365,3948.1453073350026,918.4224598477092,-0.006601259638957413,0.12255060310398802,4866.567767182712,3.866567767182712,-0.006601259638957413,81.1279221047529,18.87207789524711,4898.9067224043365
2024-10-02,4866.567767182712,3845.697920113782,1013.7384348650438,-0.0014653884513795568,0.12984996468792548,4859.436354978826,3.8594363549788255,-0.008056974680697548,79.13876505808335,20.861234941916653,4898.9067224043365
2024-10-03,4859.436354978826,3681.060677331755,1165.9178214503888,-0.002563642218282758,0.34690374452902706,4846.978498782144,3.8469784987821436,-0.010599961698537275,75.94547156040947,24.054528439590527,4898.9067224043365
2024-10-04,4846.978498782144,3688.932206674684,1211.225436599653,0.010971607261215377,0.5191880958830094,4900.157643274337,3.900157643274337,0.0,75.28190877160638,24.71809122839361,4900.157643274337
2024-10-07,4900.157643274337,3843.5729528937472,1020.6309080443306,-0.007337270543858243,0.23526763782334287,4864.203860938078,3.864203860938078,-0.007337270543858243,79.01751371400174,20.98248628599827,4900.157643274337
2024-10-08,4864.203860938078,3676.8652664065885,1215.818902014942,0.005855080974743521,0.23206321957797865,4892.684168421531,3.892684168421531,-0.0015251498822826948,75.1502680295183,24.849731970481706,4900.157643274337
2024-10-09,4892.684168421531,4076.74634104842,850.3371805638255,0.007030773294695036,0.564413944266741,4927.083521612246,3.9270835216122455,0.0,82.74157162479808,17.258428375201913,4927.083521612246
2024-10-10,4927.083521612246,4053.723076337131,856.2339834039025,-0.0034759836719002735,0.6501073112705288,4909.957059741033,3.909957059741033,-0.0034759836719002735,82.5612734900565,17.43872650994351,4927.083521612246
2024-10-11,4909.957059741033,3961.0823735301165,960.3113867247021,0.002329287277797354,0.3323858333260943,4921.3937602548185,3.9213937602548183,-0.0011547929586478434,80.48700361104657,19.512996388953425,4927.083521612246
2024-10-14,4921.3937602548185,4013.23801353659,922.0075872932943,0.002814617413248399,0.7537427544844886,4935.245600829884,3.9352456008298837,0.0,81.31789860390629,18.68210139609373,4935.245600829884
2024-10-15,4935.245600829884,3825.010452668839,1085.3928759136516,-0.005033644575503149,0.3611562689224756,4910.403328582491,3.9104033285824906,-0.005033644575503149,77.89605449320642,22.103945506793572,4935.245600829884
2024-10-16,4910.403328582491,4186.549713066289,746.3156255908491,0.004574371710751368,0.9196635412688379,4932.865338657138,3.9328653386571375,-0.0004822986261000528,84.87054532500137,15.129454674998625,4935.245600829884
2024-10-17,4932.865338657138,4067.300441537464,857.7468523708706,-0.0015848891490176653,0.1427717434146577,4925.047293908335,3.9250472939083343,-0.002066423385258531,82.58398749933232,17.416012500667673,4935.245600829884
2024-10-18,4925.047293908335,4121.113275973772,820.2725004811315,0.0033174265284270366,0.568715170257154,4941.385776454904,3.9413857764549043,0.0,83.39995018422505,16.60004981577494,4941.385776454904
2024-10-21,4941.385776454904,4396.578689967856,536.4147851406517,-0.001698369997012672,0.6923644740115388,4932.9934751085075,3.932993475108508,-0.001698369997012672,89.12597821490425,10.874021785095763,4941.385776454904
2024-10-22,4932.9934751085075,3956.9553950810223,964.6911708273276,-0.002300207623913031,0.4597264765108754,4921.64656590835,3.9216465659083495,-0.003994671017310436,80.39901569711189,19.600984302888115,4941.385776454904
2024-10-23,4921.64656590835,3865.0561469561358,1024.691761508359,-0.006481297877993342,0.6512730558811839,4889.747908464495,3.8897479084644946,-0.010450078242515981,79.04407792200196,20.95592207799805,4941.385776454904
2024-10-24,4889.747908464495,3784.1357357473594,1120.4317556950823,0.0030307458084481986,0.13547332803137646,4904.567491442442,3.9045674914424415,-0.007451003964899283,77.1553402486554,22.844659751344587,4941.385776454904
2024-10-25,4904.567491442442,3569.249727917392,1327.9299574424506,-0.0015063114322495519,0.39040482321049214,4897.179685359843,3.897179685359842,-0.00894609186469475,72.88378122182635,27.116218778173646,4941.385776454904
2024-10-28,4897.179685359843,3780.5556091446265,1122.0388657105984,0.0011056954907269212,0.23147885103221336,4902.594474855225,3.902594474855225,-0.007850288027402175,77.11336576040725,22.886634239592755,4941.385776454904
2024-10-29,4902.594474855225,3777.620468649554,1123.2766062310825,-0.0003462248373373722,0.23462758990668994,4900.897074880637,3.9008970748806373,-0.008193794900044127,77.0801837078278,22.91981629217219,4941.385776454904
2024-10-30,4900.897074880637,3770.0923674049923,1122.8910205533723,-0.00161474252598226,0.2312257734403405,4892.983387958365,3.892983387958365,-0.009795306556952155,77.05099462800533,22.949005371994676,4941.385776454904
2024-10-31,4892.983387958365,3704.483234717896,1122.8910205533723,-0.013408819831385643,0.0,4827.374255271268,3.827374255271268,-0.02307278288752246,76.73909332123509,23.260906678764908,4941.385776454904
2024-11-01,4827.374255271268,3055.564722431595,1783.1921116395322,0.002357923417151575,0.8375044389801563,4838.756834071127,3.838756834071127,-0.020769263325440268,63.14772217765634,36.85227782234366,4941.385776454904
2024-11-04,4838.756834071127,3212.4156820477647,1612.3132477785775,-0.002899071957079946,0.605696911798188,4824.728929826342,3.8247289298263425,-0.02360812369364429,66.58230397543578,33.41769602456422,4941.385776454904
2024-11-05,4824.728929826342,3292.661359477303,1572.855150965616,0.008453859524506946,0.426021803843135,4865.516510442919,3.8655165104429186,-0.01535384393048056,67.6734186886474,32.326581311352605,4941.385776454904
2024-11-06,4865.516510442919,3259.7345350617356,1722.8506856474492,0.02406090083447454,0.3530784677513732,4982.585220709185,3.9825852207091845,0.0,65.42255457093353,34.57744542906646,4982.585220709185
2024-11-07,4982.585220709185,4288.952320276615,710.1941490239552,0.003323826459114443,1.6037396487853635,4999.14646930057,3.9991464693005705,0.0,85.79369191550576,14.20630808449424,4999.14646930057
2024-11-08,4999.14646930057,4337.603516176698,681.2935487558993,0.003950793551121823,0.40824251236011844,5018.897064932597,4.018897064932596,0.0,86.42543291999058,13.574567080009423,5018.897064932597
2024-11-11,5018.897064932597,4279.637344423564,763.4445409605775,0.004818752036284346,0.3006645726439568,5043.081885384142,4.043081885384142,0.0,84.86154779336039,15.138452206639597,5043.081885384142
2024-11-12,5043.081885384142,4458.076884175356,572.449292068649,-0.0024896897225733516,0.6281949068214965,5030.526176244005,4.030526176244005,-0.0024896897225733516,88.62048875181358,11.379511248186425,5043.081885384142
2024-11-13,5030.526176244005,4472.178778357257,571.1539807193552,0.002545774017255864,0.4967211265544774,5043.332759076612,4.043332759076612,0.0,88.67506849133771,11.324931508662305,5043.332759076612
2024-11-14,5043.332759076612,4478.334811788323,547.7727583405322,-0.003415437721565384,0.4155850373608521,5026.1075701288555,4.026107570128856,-0.003415437721565384,89.10145175570747,10.898548244292527,5043.332759076612
2024-11-15,5026.1075701288555,4450.654514253759,547.7727583405322,-0.005507303046809797,0.0,4998.427272594291,3.9984272725942906,-0.008903930917805059,89.0410977600115,10.958902239988506,5043.332759076612
2024-11-18,4998.427272594291,4343.491260683541,681.0869158121394,0.005231826427638975,0.5168031779914408,5024.578176495681,4.024578176495681,-0.003718688311251772,86.44489364304899,13.555106356951013,5043.332759076612
2024-11-19,5024.578176495681,4174.487977850322,873.4284701810399,0.004644822055880127,0.41121268777387826,5047.916448031362,4.047916448031362,0.0,82.69724788092186,17.30275211907813,5047.916448031362
2024-11-20,5047.916448031362,4483.154320161281,573.1111059301442,0.0016539453744959243,0.5157631643283507,5056.265426091425,4.056265426091425,0.0,88.66532791232109,11.334672087678916,5056.265426091425
2024-11-21,5056.265426091425,4509.997608427568,573.1111059301442,0.005308915969436612,0.0,5083.1087143577115,4.083108714357712,0.0,88.72518495795028,11.274815042049735,5083.1087143577115
2024-11-22,5083.1087143577115,4338.232740571959,773.0951333249467,0.0055515553817462315,0.42141016427027794,5111.327873896906,4.111327873896905,0.0,84.87486711089159,15.125132889108414,5111.327873896906
2024-11-25,5111.327873896906,4320.544287513608,773.0951333249467,-0.003460637528006072,0.0,5093.6394208385545,4.093639420838555,-0.003460637528006072,84.82234274059246,15.177657259407532,5111.327873896906
2024-11-26,5093.6394208385545,4170.994053378773,954.6631941732787,0.006285844769951643,0.3941972339505553,5125.657247552052,4.125657247552051,0.0,81.37481403718103,18.625185962818986,5125.657247552052
2024-11-27,5125.657247552052,3876.6451925420174,1229.6772185773511,-0.0037721672556074726,0.4805208351412963,5106.322411119369,4.106322411119368,-0.0037721672556074726,75.91853550219147,24.08146449780853,5125.657247552052
2024-11-28,5106.322411119369,3676.552136005945,1429.5521820608453,-4.271039605796556e-05,0.21809305257805506,5106.10431806679,4.10610431806679,-0.0038147165409079253,72.00307527986259,27.996924720137418,5125.657247552052
2024-11-29,5106.10431806679,3903.1688000307668,1225.2606525837534,0.004372244113528545,0.20438375227632166,5128.42945261452,4.128429452614521,0.0,76.1084623683552,23.891537631644795,5128.42945261452
2024-12-02,5128.42945261452,3904.9966814838162,1230.5942838003261,0.0013964338860059655,0.22878482715899673,5135.590965284142,4.135590965284142,0.0,76.03792256589423,23.962077434105773,5135.590965284142
2024-12-03,5135.590965284142,4281.043050868835,855.3534044543738,0.00015684466393683927,0.5784230929831198,5136.396455323209,4.136396455323209,0.0,83.34720826372522,16.652791736274775,5136.396455323209
2024-12-04,5136.396455323209,4262.028907137639,892.9034737584732,0.0036087412126635243,0.38286629773686626,5154.932380896113,4.1549323808961125,0.0,82.67865787982936,17.321342120170634,5154.932380896113
2024-12-05,5154.932380896113,4460.525717561624,702.3360808988339,0.0015382195106441454,0.6092437688173798,5162.861798460458,4.162861798460458,0.0,86.39638037360855,13.603619626391458,5162.861798460458
2024-12-06,5162.861798460458,4635.618993412014,560.662964718072,0.00647318502300287,0.5176655493693735,5196.2819581300855,4.196281958130085,0.0,89.21030519060152,10.789694809398489,5196.2819581300855
2024-12-09,5196.2819581300855,4678.339202729027,471.8602285705093,-0.008868365343117746,0.5290403504076042,5150.199431299537,4.150199431299536,-0.008868365343117746,90.83802025795639,9.161979742043622,5196.2819581300855
2024-12-10,5150.199431299537,4554.152763314633,584.8593448986448,-0.0021722116270428415,0.39059047630236443,5139.012108213278,4.1390121082132785,-0.011021313003849453,88.61922617454218,11.380773825457819,5196.2819581300855
2024-12-11,5139.012108213278,4605.089811096114,583.7305261295639,0.009692179734855255,0.24812253103600074,5188.8203372256785,4.188820337225678,-0.001435953815541624,88.75022667596025,11.249773324039754,5196.2819581300855
2024-12-12,5188.8203372256785,3986.1870741762477,1178.6431751982527,-0.004623418482823216,0.6341741712194385,5164.8302493745,4.164830249374501,-0.006052733282953526,77.17944020830123,22.820559791698773,5196.2819581300855
2024-12-13,5164.8302493745,4046.5487621172106,1106.446918414601,-0.002291376148155555,0.30242073707813916,5152.995680531812,4.152995680531811,-0.008330240342433348,78.52808372041153,21.471916279588477,5196.2819581300855
2024-12-16,5152.995680531812,3955.893063560024,1226.748739090992,0.005753182024042625,0.154994368963206,5182.641802651016,4.182641802651016,-0.0026249837073848425,76.32966379301985,23.670336206980146,5196.2819581300855
2024-12-17,5182.641802651016,4069.242107068759,1110.154668845362,-0.0006261337094982666,0.4114317227129283,5179.3967759141215,4.179396775914121,-0.0032494738260970824,78.56594663672143,21.43405336327856,5196.2819581300855
2024-12-18,5179.3967759141215,3943.393920946099,1110.154668845362,-0.02429784617156483,0.0,5053.548589791461,4.053548589791461,-0.027468364782496812,78.03217582417321,21.96782417582678,5196.2819581300855
2024-12-19,5053.548589791461,3745.61767959202,1323.2590829278663,0.0030331503607956556,0.2893572556120705,5068.876762519886,4.068876762519886,-0.02451853010225158,73.89443174645194,26.10556825354806,5196.2819581300855
2024-12-20,5068.876762519886,3633.4638015882415,1448.1048631959732,0.002503888506063978,0.14564038113731695,5081.568664784215,4.081568664784215,-0.02207603326189611,71.50279847182846,28.497201528171534,5196.2819581300855
2024-12-23,5081.568664784215,3364.5356186778213,1731.837725419148,0.002913407313641647,0.5152284845615639,5096.373344096969,4.096373344096969,-0.01922694242501599,66.01823280028921,33.981767199710795,5196.2819581300855
2024-12-24,5096.373344096969,3421.6637756673535,1731.837725419148,0.011209570636284472,0.0,5153.501501086502,4.1535015010865015,-0.008232897557964414,66.39493119282048,33.605068807179514,5196.2819581300855
2024-12-25,5153.501501086502,3513.7510234680694,1639.589216682121,-3.129152795955381e-05,0.16126093631133256,5153.340240150191,4.15334024015019,-0.008263931465979923,68.18395176185113,31.816048238148863,5196.2819581300855
2024-12-26,5153.340240150191,3273.4836236560373,1873.7075528203331,-0.0011932190360560702,0.23435268882703905,5147.19117647637,4.14719117647637,-0.009447289821698068,63.597475038744854,36.40252496125515,5196.2819581300855
2024-12-27,5147.19117647637,3232.2145861269755,1871.460095442183,-0.008454415896982814,0.24578691286013984,5103.674681569159,4.103674681569158,-0.017821834401428926,63.331124881439536,36.668875118560464,5196.2819581300855
2024-12-30,5103.674681569159,3092.7632555188147,1971.7364628262947,-0.007675834701126427,0.13784596178928207,5064.49971834511,4.064499718345109,-0.025360871647619132,61.067497828382045,38.93250217161795,5196.2819581300855
2024-12-31,5064.49971834511,3115.7490795741896,1929.0615382619449,-0.0038876693857156086,0.2716877742873686,5044.810617836134,4.044810617836134,-0.029149946349035227,61.76146768638512,38.23853231361489,5196.2819581300855
2025-01-01,5044.810617836134,2900.7661052557773,2143.5806073481563,-9.195691718533183e-05,0.46390523220048285,5044.346712603934,4.044346712603934,-0.029239222727018177,57.505288009007174,42.494711990992826,5196.2819581300855
2025-01-02,5044.346712603934,2882.0521156805,2143.5806073481563,-0.0037098935980190983,0.0,5025.632723028656,4.025632723028656,-0.03284064191983116,57.347050103248584,42.652949896751416,5196.2819581300855
2025-01-03,5025.632723028656,2923.064566321862,2135.370670058203,0.006527041500884012,0.5232372289754857,5058.435236380064,4.058435236380064,-0.026527952651673625,57.785944263935576,42.21405573606443,5196.2819581300855
2025-01-06,5058.435236380064,2802.054959165749,2276.1455557288264,0.003907389852964682,0.15030064220253347,5078.2005148945755,4.078200514894576,-0.022724217851719963,55.1781078936762,44.8218921063238,5196.2819581300855
2025-01-07,5078.2005148945755,2876.5022706216264,2175.7855666858286,-0.005102728321010108,0.5860825547037352,5052.2878373074545,4.052287837307454,-0.02771099066272531,56.934647495353666,43.06535250464635,5196.2819581300855
2025-01-08,5052.2878373074545,3404.7411735134665,1641.2210333250905,-0.0012520328755197818,0.7725137998323521,5045.962206838557,4.045962206838557,-0.02892832846692217,67.4745674650353,32.52543253496469,5196.2819581300855
2025-01-09,5045.962206838557,3003.548932641998,2041.7717980410762,-0.0001271266270314042,0.6414761554828282,5045.320730683074,4.045320730683073,-0.02905177753312993,59.53137754703961,40.4686224529604,5196.2819581300855
2025-01-10,5045.320730683074,2845.03745361207,2162.1598046347804,-0.007556203950400242,0.12050851510881348,5007.19725824685,4.007197258246849,-0.0363884603273682,56.81896092522209,43.181039074777914,5196.2819581300855
2025-01-13,5007.19725824685,2870.159720960159,2127.328687267275,-0.0019389789374534283,0.7301474876357332,4997.488408227435,3.9974884082274347,-0.03825688280668049,57.43204358883504,42.56795641116494,5196.2819581300855
2025-01-14,4997.488408227435,2617.5239261984443,2379.265981534117,-0.0001397703081658097,0.4904033360899523,4996.789907732562,3.9967899077325617,-0.038391305938546894,52.38411008931575,47.61588991068424,5196.2819581300855
2025-01-15,4996.789907732562,2556.516632063354,2498.0659643998647,0.01156596330800741,0.32898946641615484,5054.582596463219,4.054582596463218,-0.02726937506637117,50.57819480192477,49.421805198075226,5196.2819581300855
2025-01-16,5054.582596463219,2752.487696081435,2286.1169172375276,-0.0031610885447663772,0.4799716386907609,5038.604613318963,4.038604613318963,-0.03034426270199231,54.627975547149596,45.37202445285038,5196.2819581300855
2025-01-17,5038.604613318963,3017.9311679187967,2060.8070446180004,0.007965220988315869,0.44029719430276604,5078.738212536797,4.078738212536797,-0.022620740471825274,59.422853504618026,40.57714649538198,5196.2819581300855
2025-01-20,5078.738212536797,3347.350185535616,1731.0273829024309,-7.101057066882799e-05,0.3606440987495808,5078.377568438047,4.078377568438047,-0.022690144730804218,65.9137714836189,34.0862285163811,5196.2819581300855
2025-01-21,5078.377568438047,3385.573152512254,1731.0273829024309,0.007526609918528493,0.0,5116.6005354146855,4.116600535414685,-0.015334314680659489,66.16840867444938,33.83159132555061,5196.2819581300855
2025-01-22,5116.6005354146855,3416.7913887830673,1731.0273829024309,0.00610136281985163,0.0,5147.818771685498,4.147818771685499,-0.009326512078268179,66.37357568950202,33.62642431049798,5196.2819581300855
2025-01-23,5147.818771685498,3672.204196952536,1520.406319290239,0.008701111391808292,0.5401359804763355,5192.610516242776,4.192610516242776,-0.0007065517069498872,70.7198081863771,29.280191813622903,5196.2819581300855
2025-01-24,5192.610516242776,3759.6456954562914,1416.0069008938015,-0.003265779291483084,0.1596035360464133,5175.652596350093,4.175652596350092,-0.003970023556500113,72.6409979314999,27.35900206850011,5196.2819581300855
2025-01-27,5175.652596350093,3474.0794682593814,1646.548920410174,-0.010631356463016939,0.24963297394660877,5120.6283886695555,4.120628388669555,-0.014559173283921312,67.84478787694295,32.15521212305706,5196.2819581300855
2025-01-28,5120.6283886695555,3583.114596978474,1557.6525159795344,0.003932861898944706,0.7996023111998058,5140.7671129580085,4.140767112958009,-0.010683570602865178,69.69999842915938,30.300001570840617,5196.2819581300855
2025-01-29,5140.7671129580085,3846.634376365708,1284.4822539937088,-0.0018772456301836549,0.7095242457932693,5131.116630359416,4.131116630359417,-0.01254076054681974,74.9668084643842,25.033191535615813,5196.2819581300855
2025-01-30,5131.116630359416,3959.6595994446675,1221.195110180383,0.009693422085038428,0.4993256194785282,5180.85470962505,4.18085470962505,-0.002968901347028985,76.42869413203901,23.571305867960994,5196.2819581300855
2025-01-31,5180.85470962505,3920.7868727572286,1238.0074210313524,-0.0042580649473696885,0.8926182268124243,5158.794293788581,4.158794293788581,-0.007214324519640769,76.0020006511605,23.99799934883949,5196.2819581300855
2025-02-03,5158.794293788581,4056.431802359551,1084.8155349204985,-0.0034013677439432843,1.2464216665717402,5141.24733728005,4.14124733728005,-0.01059115369286856,78.89975984904834,21.10024015095167,5196.2819581300855
2025-02-04,5141.24733728005,4148.883371758846,1027.5696997883135,0.0068477028933868755,0.6797676676959433,5176.453071547159,4.176453071547159,-0.003815975873268762,80.14915453524648,19.85084546475352,5196.2819581300855
2025-02-05,5176.453071547159,4124.15114189492,1057.8710164085758,0.0010758499457761417,0.948930044252061,5182.022158303496,4.182022158303496,-0.00274423134492896,79.5857488815736,20.414251118426407,5196.2819581300855
2025-02-06,5182.022158303496,4087.635884531249,1109.8388190087853,0.002981952752127315,0.5945006276783186,5197.474703540034,4.197474703540034,0.0,78.64657584090084,21.353424159099163,5197.474703540034
2025-02-07,5197.474703540034,4031.9510061337514,1129.2105314147561,-0.006986694127976034,0.6752737026428102,5161.161537548507,4.161161537548507,-0.006986694127976034,78.12100002684438,21.878999973155622,5197.474703540034
2025-02-10,5161.161537548507,4044.4467520616627,1129.2105314147561,0.0024211111853413847,0.0,5173.657283476419,4.17365728347642,-0.004582498505936505,78.17384357828998,21.82615642171001,5197.474703540034
2025-02-11,5173.657283476419,4046.4468403017827,1129.2105314147561,0.0003865907868516594,0.0,5175.657371716539,4.1756573717165395,-0.004197679270787957,78.18227810856331,21.81772189143669,5197.474703540034
2025-02-12,5175.657371716539,3998.8899347149136,1185.385542593826,0.0016651228961361841,0.702605091214535,5184.27547730874,4.18427547730874,-0.002539546026516293,77.13498158455917,22.865018415440822,5197.474703540034
2025-02-13,5184.27547730874,3872.2301841687777,1351.9776398504866,0.0077025896647093806,0.4420498822280727,5224.207824019264,4.224207824019264,0.0,74.12090626191173,25.879093738088265,5224.207824019264
2025-02-14,5224.207824019264,4204.617117539472,1021.7561366522411,0.0004144992399599534,0.37148109065879975,5226.373254191713,4.226373254191714,0.0,80.44999683417633,19.55000316582366,5226.373254191713
2025-02-17,5226.373254191713,4157.342361288863,1068.4253203973067,-0.00011586859110346293,0.6055725055440225,5225.767681686169,4.225767681686169,-0.00011586859110346293,79.55467243326508,20.44532756673492,5226.373254191713
2025-02-18,5225.767681686169,4397.533762355982,831.1341696293669,0.000554990285799084,0.23796154797827715,5228.667931985348,4.228667931985348,0.0,84.1042846774593,15.895715322540699,5228.667931985348
2025-02-19,5228.667931985348,4436.09866266723,795.0239822383822,0.00046947194815105675,0.642876976779613,5231.122644905612,4.2311226449056125,0.0,84.80203894640809,15.197961053591916,5231.122644905612
2025-02-20,5231.122644905612,4375.063010833977,795.0239822383822,-0.011667792169371749,0.0,5170.086993072359,4.170086993072359,-0.011667792169371749,84.62261885914741,15.3773811408526,5231.122644905612
2025-02-21,5170.086993072359,4131.527409602045,968.7861032893491,-0.013495610475115494,0.6052079117187158,5100.313512891394,4.100313512891393,-0.02500593866626477,81.00536171275206,18.994638287247938,5231.122644905612
2025-02-24,5100.313512891394,3703.05050281963,1380.8779673031925,-0.0032125559982061347,0.456942438226934,5083.928470122823,4.083928470122823,-0.028138161686217855,72.838367506185,27.161632493815002,5231.122644905612
2025-02-25,5083.928470122823,3474.5631743119898,1588.273835630833,-0.004148653999352936,0.4538112825492428,5062.837009942823,4.062837009942823,-0.03217008018855683,68.62877804456971,31.371221955430283,5231.122644905612
2025-02-26,5062.837009942823,3236.044919664747,1807.2036956692648,-0.0038690549528539453,0.952379310315114,5043.248615334011,4.0432486153340115,-0.0359146673333236,64.16588128980085,35.83411871019916,5231.122644905612
2025-02-27,5043.248615334011,3287.6789603900224,1718.7170322542618,-0.007307318258647166,0.5722684277872521,5006.395992644284,4.006395992644284,-0.04295954568761273,65.66957478434567,34.330425215654344,5231.122644905612
2025-02-28,5006.395992644284,3427.5209358292163,1626.3673317079877,0.00948632009187822,0.7113659014046381,5053.888267537204,4.0538882675372045,-0.03388075359712883,67.81948381893041,32.18051618106959,5231.122644905612
2025-03-03,5053.888267537204,3449.378033973092,1563.8960508952277,-0.008036224886442955,0.40269858057391916,5013.27408486832,4.0132740848683195,-0.04164470512834306,68.8048962729652,31.195103727034816,5231.122644905612
2025-03-04,5013.27408486832,3192.689243231909,1753.943628057951,-0.013292952360136057,0.7023016459608052,4946.63287128986,3.94663287128986,-0.054384076407156146,64.5426763276127,35.45732367238729,5231.122644905612
2025-03-05,4946.63287128986,3043.965698396584,1922.9506647854096,0.004100464380499824,0.7398962717583428,4966.916363181994,3.966916363181994,-0.05050661199483031,61.28481890616142,38.71518109383857,5231.122644905612
2025-03-06,4966.916363181994,2978.975240534051,1931.2795097251667,-0.011407804919524867,0.29907595671981313,4910.254750259218,3.9102547502592175,-0.06133824733757198,60.66844577415841,39.331554225841586,5231.122644905612
2025-03-07,4910.254750259218,2887.709267458458,2021.4440966055515,-0.00022430326963196467,0.4255064423616724,4909.153364064009,3.909153364064009,-0.06154879223777254,58.822958936200095,41.177041063799905,5231.122644905612
2025-03-10,4909.153364064009,3164.1163490136764,1686.9007945257306,-0.011842412777358091,0.6206743712724851,4851.017143539407,3.8510171435394067,-0.0726623188115032,65.22583316836248,34.77416683163753,5231.122644905612
2025-03-11,4851.017143539407,3135.4158156556746,1678.0788735907524,-0.007734966334421722,1.1193684036573646,4813.494689246427,3.8134946892464265,-0.07983524455613689,65.1380341742215,34.861965825778505,5231.122644905612
2025-03-12,4813.494689246427,2988.522495565094,1804.5044310496737,-0.00425216271192419,0.5560774177366516,4793.026926614768,3.7930269266147683,-0.0837479348180622,62.35146477000569,37.648535229994295,5231.122644905612
2025-03-13,4793.026926614768,2761.197695897348,1996.861214026074,-0.007295601970682686,0.23333873007946812,4758.058909923422,3.758058909923422,-0.09043254519044563,58.03201995121552,41.96798004878448,5231.122644905612
2025-03-14,4758.058909923422,2628.0521334031146,2161.7742319853087,0.0066765578288126015,0.9798179798831191,4789.826365388423,3.789826365388423,-0.08435976547920365,54.867377915691876,45.132622084308124,5231.122644905612
2025-03-17,4789.826365388423,2437.9588206477665,2393.943147379596,0.008784369083393306,0.9700353146148138,4831.901968027363,3.8319019680273634,-0.0763164437115682,50.45546943583935,49.54453056416064,5231.122644905612
2025-03-18,4831.901968027363,3090.3300786275204,1724.7301065881654,-0.0034855390119913343,0.949167707321291,4815.060185215686,3.8150601852156862,-0.07953597878174645,64.1805078182858,35.81949218171419,5231.122644905612
2025-03-19,4815.060185215686,3104.152970156818,1719.2912089511701,0.001741202304811118,0.37314291157507073,4823.444179107988,3.8234441791079883,-0.07793326470650552,64.35552801879584,35.64447198120417,5231.122644905612
2025-03-20,4823.444179107988,3045.7338228670587,1767.9312971273132,-0.0020274017383621334,0.6649018789492225,4813.665119994372,3.813665119994372,-0.07980266440852546,63.27265704911811,36.72734295088189,5231.122644905612
2025-03-21,4813.665119994372,2901.4356894725,1924.9683482808518,0.002646407143294338,0.49769971689697856,4826.404037753352,3.8264040377533517,-0.0773674476063756,60.11588890562698,39.88411109437301,5231.122644905612
2025-03-24,4826.404037753352,3096.5170385595657,1769.499553783411,0.00820746756379398,0.18192672615168162,4866.016592342977,3.8660165923429766,-0.06979497085930453,63.63556267835493,36.36443732164507,5231.122644905612
2025-03-25,4866.016592342977,2986.382030045584,1891.4059429136391,0.002419099974868555,0.9338429975182428,4877.787972959223,3.877787972959223,-0.06754471189668776,61.22410499597477,38.77589500402524,5231.122644905612
2025-03-26,4877.787972959223,2931.609917667023,1925.1518585441784,-0.004310600801958553,0.29076236077864515,4856.761776211201,3.8567617762112016,-0.07156415440937647,60.361410601324486,39.63858939867552,5231.122644905612
2025-03-27,4856.761776211201,3329.436468908776,1516.5713419658312,-0.0022142254102862635,1.1667131001692521,4846.0078108746075,3.8460078108746076,-0.07361992065050382,68.70472766134232,31.29527233865767,5231.122644905612
2025-03-28,4846.0078108746075,2904.119242686304,1883.6521605544315,-0.012017398631340881,0.9064325634714723,4787.771403240736,3.787771403240736,-0.08475259934817991,60.6570155108193,39.342984489180694,5231.122644905612
2025-03-31,4787.771403240736,2763.4296321381285,2050.59552486413,0.005483501936569546,1.3065050961853475,4814.025157002258,3.8140251570022583,-0.0797338384542654,57.40372229086862,42.59627770913138,5231.122644905612
2025-04-01,4814.025157002258,2918.4247937225764,1891.032787286845,-0.0009488060082514238,0.1913815354707018,4809.457581009421,3.809457581009421,-0.08060699251753045,60.68095506749537,39.31904493250464,5231.122644905612
2025-04-02,4809.457581009421,3089.215442292851,1717.1426855889304,-0.0006444496235662456,0.5207362001487474,4806.358127881782,3.806358127881782,-0.08119949499511203,64.27351770506341,35.72648229493659,5231.122644905612
2025-04-03,4806.358127881782,2936.6936586234733,1761.9657010534938,-0.022407562095727362,0.3656125031598414,4698.659359676967,3.6986593596769675,-0.10178757436459462,62.500671655954456,37.499328344045544,5231.122644905612
2025-04-04,4698.659359676967,2653.9875061152025,1877.675358850525,-0.035541306983088106,1.788385020261811,4531.662864965728,3.5316628649657273,-0.13371121792012675,58.56542256559225,41.43457743440775,5231.122644905612
2025-04-07,4531.662864965728,2253.901543633799,2262.6870963664596,-0.003326422422552322,3.1443361164048653,4516.588640000258,3.5165886400002586,-0.13659286034924278,49.90274127850771,50.0972587214923,5231.122644905612
2025-04-08,4516.588640000258,2240.9387615032892,2262.6870963664596,-0.0028700382442862216,0.0,4503.625857869749,3.503625857869749,-0.1390708718604302,49.75854638518465,50.24145361481535,5231.122644905612
2025-04-09,4503.625857869749,2371.123266581832,2262.6870963664596,0.02890659863564271,0.0,4633.810362948292,3.6338103629482923,-0.11418433909956582,51.1700540346064,48.82994596539359,5231.122644905612
2025-04-10,4633.810362948292,2530.018937870281,2056.585281336776,-0.010187327500212895,2.885991084687198,4586.604219207057,3.5866042192070573,-0.12320843334197606,55.1610476281225,44.8389523718775,5231.122644905612
2025-04-11,4586.604219207057,2646.7452979512714,1964.617475440753,0.005398014086606118,1.070047076557254,4611.362773392024,3.611362773392024,-0.11847550011413865,57.396163087042915,42.60383691295709,5231.122644905612
2025-04-14,4611.362773392024,2626.8005134759946,2016.8419392744183,0.007000030347784847,0.6292740845922611,4643.642452750413,3.643642452750413,-0.11230480186262182,56.56767376480827,43.432326235191724,5231.122644905612
2025-04-15,4643.642452750413,2582.9774754273785,2063.27813068793,0.0005627378488943791,0.5629594233647002,4646.255606115308,3.646255606115308,-0.11180526217634823,55.59266847109564,44.40733152890437,5231.122644905612
2025-04-16,4646.255606115308,2547.37387767535,2063.27813068793,-0.007662858174476428,0.0,4610.65200836328,3.6106520083632807,-0.11861137248360709,55.24975368027468,44.75024631972531,5231.122644905612
2025-04-17,4610.65200836328,2666.2663222857877,1974.8941046166187,0.006616942350840427,1.0996132533587586,4641.1604269024065,3.641160426902406,-0.11277927474664484,57.44826890341521,42.55173109658479,5231.122644905612
2025-04-18,4641.1604269024065,2552.6382347963236,2087.0162158905227,-0.00032448268903406685,1.5059762155601861,4639.654450686847,3.639654450686847,-0.11306716251334181,55.01785234067238,44.98214765932761,5231.122644905612
2025-04-21,4639.654450686847,2522.431384307809,2087.0162158905227,-0.006510581943024563,0.0,4609.447600198331,3.6094476001983313,-0.11884161142975802,54.72307319860358,45.27692680139643,5231.122644905612
2025-04-22,4609.447600198331,2749.5508532166214,1918.6170475192978,0.01273911879051659,1.9861192300070345,4668.167900735919,3.668167900735919,-0.10761643004450161,58.89999913634566,41.10000086365435,5231.122644905612
2025-04-23,4668.167900735919,2600.629601374201,2073.029109007356,0.0011762236839791829,1.7121802086086393,4673.658710381556,3.673658710381557,-0.10656678735432601,55.64440543331599,44.35559456668402,5231.122644905612
2025-04-24,4673.658710381556,2602.03657709622,2076.637741567288,0.001073165285006894,0.5439074911819817,4678.674318663508,3.678674318663508,-0.10560798584604258,55.6148259073418,44.385174092658204,5231.122644905612
2025-04-25,4678.674318663508,2602.516034954487,2078.840545697759,0.0005732952982082651,0.5702625971336434,4681.356580652246,3.6813565806522455,-0.10509523510957297,55.5932023146992,44.406797685300816,5231.122644905612
2025-04-28,4681.356580652246,2618.5877191389004,2078.840545697759,0.0034331254001962463,0.0,4697.428264836659,3.6974282648366588,-0.10202291483047099,55.74513481644312,44.25486518355689,5231.122644905612
2025-04-29,4697.428264836659,3077.321823081799,1643.2286646728564,0.004922315278570899,0.8712280199741238,4720.5504877546555,3.7205504877546556,-0.09760278850433435,65.1898932352175,34.810106764782496,5231.122644905612
2025-04-30,4720.5504877546555,3019.73080086143,1716.0613376264773,0.0032287867215463617,0.5024761024883502,4735.792138487907,3.7357921384879074,-0.09468914037029663,63.76400637012757,36.235993629872425,5231.122644905612
2025-05-01,4735.792138487907,3073.4917796931372,1657.0406444818984,-0.0011106303146469765,0.4866039888691922,4730.532424175036,3.7305324241750357,-0.09569460605518043,64.97137117137777,35.028628828622224,5231.122644905612
2025-05-02,4730.532424175036,3062.3804651583355,1718.8860033579008,0.010724806383722862,1.3076054330212448,4781.266468516236,3.781266468516236,-0.08599610579336603,64.0495668945362,35.950433105463794,5231.122644905612
2025-05-05,4781.266468516236,2942.3155495372644,1838.09299964194,-0.00017943349166604783,0.8556420950739188,4780.408549179205,3.7804085491792048,-0.08616010870349988,61.549457944184695,38.4505420558153,5231.122644905612
2025-05-06,4780.408549179205,3367.997191745321,1393.4768684590717,-0.00396085162596882,0.8089583848632577,4761.474060204393,3.7614740602043932,-0.08977969292281684,70.73433876064726,29.26566123935273,5231.122644905612
2025-05-07,4761.474060204393,3915.5862993725127,864.8036964138262,0.00397270579294795,0.9188599869723512,4780.389995786339,3.7803899957863383,-0.08616365543603233,81.9093484595168,18.0906515404832,5231.122644905612
2025-05-08,4780.389995786339,3436.9843243995856,1364.3003217803316,0.004370909154273184,1.5253913014793434,4801.284646179917,3.8012846461799175,-0.08216935979207018,71.58468155255447,28.415318447445525,5231.122644905612
2025-05-09,4801.284646179917,3435.4001274798916,1364.3003217803316,-0.0003299527181657158,0.0,4799.700449260223,3.7997004492602224,-0.08247220050662252,71.57530274643264,28.424697253567377,5231.122644905612
2025-05-12,4799.700449260223,3755.2612744973912,1107.0317329178295,0.013040930119846417,0.5914476806831515,4862.293007415221,3.8622930074152206,-0.07050678459041293,77.23231135537173,22.767688644628265,5231.122644905612
2025-05-13,4862.293007415221,3692.7456097865825,1213.6886803575803,0.009078285216794768,1.8845714962248106,4906.434290144163,3.906434290144163,-0.06206858007384897,75.26332549086437,24.736674509135618,5231.122644905612
2025-05-14,4906.434290144163,3707.5956346051535,1225.890224607987,0.0055134885069829664,0.7183479280534746,4933.48585921314,3.9334858592131408,-0.05689730596974796,75.15164207233566,24.848357927664328,5231.122644905612
2025-05-15,4933.48585921314,4309.10612021034,648.3321162958872,0.004855061507545777,0.8107599163687228,4957.438236506227,3.9574382365062277,-0.05231848438229891,86.92203340988468,13.077966590115334,5231.122644905612
2025-05-16,4957.438236506227,4573.3194185695465,412.3766401571202,0.005700085582983183,0.7432128850659453,4985.696058726667,3.985696058726667,-0.04691661863786678,91.72880505951981,8.271194940480187,5231.122644905612
2025-05-19,4985.696058726667,4984.287568870288,0.0,-0.00028250616158465025,0.4432669295356997,4984.287568870288,3.984287568870288,-0.047185870565605526,100.0,0.0,5231.122644905612
2025-05-20,4984.287568870288,4835.139266489529,138.28464327707204,-0.002179581124399088,0.16778919154787159,4973.423909766601,3.973423909766601,-0.049262606257181485,97.21952832121319,2.7804716787868102,5231.122644905612
2025-05-21,4973.423909766601,4764.102832585053,138.28464327707204,-0.014283205130569687,0.0,4902.387475862125,3.902387475862125,-0.0628421834773133,97.17923881051948,2.82076118948051,5231.122644905612
2025-05-22,4902.387475862125,4759.093696700697,143.39760420109266,2.1178464610693837e-05,0.7902627360281553,4902.49130090179,3.90249130090179,-0.0628223359136616,97.07500543295782,2.924994567042176,5231.122644905612
2025-05-23,4902.49130090179,4609.4855112399255,271.6869435485941,-0.0043485739810184,0.6736842792825392,4881.17245478852,3.88117245478852,-0.06689772231929902,94.4339818749476,5.566018125052398,5231.122644905612
2025-05-26,4881.17245478852,4594.044663330372,286.3517289797077,-0.0001589909976811299,0.7760624784401616,4880.396392310079,3.880396392310079,-0.06704607718136602,94.13261329692595,5.867386703074059,5231.122644905612
2025-05-27,4880.396392310079,4696.588800204274,286.3517289797077,0.02101143608651923,0.0,4982.940529183981,3.9829405291839812,-0.0474433754603949,94.25335848777226,5.746641512227748,5231.122644905612
2025-05-28,4982.940529183981,4607.5970203046345,354.0089777202776,-0.004281514305482403,1.9153457928640507,4961.605998024912,3.961605998024912,-0.051521760275143214,92.86503245398366,7.134967546016339,5231.122644905612
2025-05-29,4961.605998024912,4737.914291262673,236.12748269954656,0.0025064013430848853,0.13946958735439569,4974.04177396222,3.9740417739622202,-0.049144493141210055,95.25280459171832,4.7471954082816685,5231.122644905612
2025-05-30,4974.04177396222,4746.473665020389,236.12748269954656,0.001720808579156241,0.0,4982.601147719935,3.9826011477199357,-0.04750825282746951,95.26095957314183,4.739040426858163,5231.122644905612
2025-06-02,4982.601147719935,4559.3710882508685,452.5204225734595,0.005878528550854689,0.4433181283531717,5011.891510824328,4.011891510824328,-0.04190900289726229,90.971065083988,9.028934916012007,5231.122644905612
2025-06-03,5011.891510824328,4316.483886369533,715.375363350439,0.0039840724509936365,0.6091381958943692,5031.8592497199725,4.031859249719973,-0.0380918989501603,85.78308080874379,14.2169191912562,5231.122644905612
2025-06-04,5031.8592497199725,4195.13710574983,838.4981107023444,0.0003529444374463786,0.1450975843178267,5033.635216452174,4.033635216452174,-0.03775239883656012,83.34209622577026,16.657903774229748,5231.122644905612
2025-06-05,5033.635216452174,4206.263880014219,793.8392423723695,-0.006661605901831735,0.9452654885002688,5000.103122386588,4.000103122386588,-0.04416251313549391,84.12354259618822,15.87645740381178,5231.122644905612
2025-06-06,5000.103122386588,3860.342234722885,1183.3132734820144,0.008710297518328636,0.9216765569146971,5043.6555082049,4.0436555082049,-0.0358368842457325,76.53857858537269,23.461421414627313,5231.122644905612
2025-06-09,5043.6555082049,4560.155978156466,503.35242264276314,0.003936211060020511,1.013128177727038,5063.508400799229,4.063508400799229,-0.03204173472583671,90.05921620346648,9.940783796533516,5231.122644905612
2025-06-10,5063.508400799229,4589.298370986317,481.77776994622695,0.001494564545823751,0.46112536798566117,5071.076140932544,4.071076140932544,-0.030595058620720983,90.49949642724886,9.500503572751139,5231.122644905612
2025-06-11,5071.076140932544,4719.551441007599,329.813907254386,-0.004281298893407226,0.908449762954114,5049.365348261986,4.049365348261985,-0.0347453709235116,93.46821066596202,6.5317893340379785,5231.122644905612
2025-06-12,5049.365348261986,4722.798499174713,343.67180827366803,0.003387546356153903,0.6031018351030675,5066.4703074483805,4.06647030744838,-0.03147552612202276,93.21674089812734,6.78325910187266,5231.122644905612
2025-06-13,5066.4703074483805,4698.404890065081,343.67180827366803,-0.004814714708535672,0.0,5042.076698338749,4.042076698338749,-0.03613869515197987,93.18392343403067,6.816076565969338,5231.122644905612
2025-06-16,5042.076698338749,4427.919960117951,657.1289669483995,0.008522724127096204,0.5332110957852452,5085.04892706635,4.08504892706635,-0.02792397115397738,87.07723413533589,12.922765864664122,5231.122644905612
2025-06-17,5085.04892706635,4391.976163823857,663.0080414736211,-0.0059123761049466594,0.2592098828592245,5054.984205297478,4.054984205297478,-0.0336712502391181,86.88407293580052,13.115927064199484,5231.122644905612
2025-06-18,5054.984205297478,4407.947424045152,658.6746900293733,0.0023022641227743446,0.6710758789935904,5066.622114074526,4.066622114074526,-0.03144650622773815,86.99972732918748,13.000272670812505,5231.122644905612
2025-06-19,5066.622114074526,4407.947424045152,658.6746900293733,0.0,0.0,5066.622114074526,4.066622114074526,-0.03144650622773815,86.99972732918748,13.000272670812505,5231.122644905612
2025-06-20,5066.622114074526,4397.064759306014,658.6746900293733,-0.002147913243600086,0.0,5055.739449335388,4.0557394493353875,-0.03352687510414676,86.9717437650795,13.028256234920507,5231.122644905612
2025-06-23,5055.739449335388,4418.14933634543,689.0334547786488,0.01017523594801828,0.3855610398131529,5107.182791124079,4.107182791124079,-0.023692783020913044,86.50854134345573,13.49145865654427,5231.122644905612
2025-06-24,5107.182791124079,4545.767412514824,607.4655703743773,0.009016750261054751,0.5323809499178687,5153.232982889202,4.153232982889201,-0.014889664667347091,88.21195213972652,11.78804786027347,5231.122644905612
2025-06-25,5153.232982889202,4531.712368286948,612.956753083969,-0.0016618424873706683,0.5233639266502916,5144.669121370916,4.144669121370916,-0.016526762877350887,88.08559426032375,11.914405739676267,5231.122644905612
2025-06-26,5144.669121370916,4588.420441574883,612.956753083969,0.011022686192270426,0.0,5201.377194658851,4.201377194658852,-0.00568624600605161,88.21549120272614,11.784508797273869,5231.122644905612
2025-06-27,5201.377194658851,4642.219690061624,590.6113851227948,0.006047221600822494,0.4542051793477332,5232.831075184418,4.232831075184419,0.0,88.71334891883586,11.28665108116413,5232.831075184418
2025-06-30,5232.831075184418,4781.577600737286,475.54703772240913,0.004642527711334665,0.1648782034472419,5257.124638459695,4.257124638459695,0.0,90.95423695600753,9.045763043992457,5257.124638459695
2025-07-01,5257.124638459695,4607.247264685929,625.3122919024055,-0.004672721984114614,0.5358793427966223,5232.559556588334,4.232559556588334,-0.004672721984114614,88.04959054665565,11.950409453344351,5257.124638459695
2025-07-02,5232.559556588334,4672.862337045693,567.9030190029029,0.0015682190277086505,0.8534545393073408,5240.765356048595,4.240765356048595,-0.0031118308079325363,89.1637388736082,10.836261126391802,5257.124638459695
2025-07-03,5240.765356048595,4876.2808764974325,418.1938823256085,0.010248389142715197,1.0673461582784234,5294.474758823041,4.294474758823041,0.0,92.10131502414465,7.898684975855335,5294.474758823041
2025-07-04,5294.474758823041,4876.2808764974325,418.1938823256085,0.0,0.0,5294.474758823041,4.294474758823041,0.0,92.10131502414465,7.898684975855335,5294.474758823041
2025-07-07,5294.474758823041,4841.105742542925,423.3169168388592,-0.005676124792393322,0.24106386698376492,5264.422659381785,4.264422659381784,-0.005676124792393322,91.95891089625067,8.041089103749325,5294.474758823041
2025-07-08,5264.422659381785,4816.548697115964,438.29648439046866,-0.0018192836128543277,0.4054038913469362,5254.845181506433,4.2548451815064325,-0.007485081924428316,91.65919319691889,8.340806803081115,5294.474758823041
2025-07-09,5254.845181506433,4969.348690556639,314.79837286635615,0.005576164645094472,0.49233802403030646,5284.1470634229945,4.284147063422995,-0.0019506553285263406,94.0425887264683,5.957411273531708,5294.474758823041
2025-07-10,5284.1470634229945,4982.235761973475,314.79837286635615,0.002438817705517904,0.0,5297.034134839831,4.297034134839831,0.0,94.05708241908707,5.942917580912944,5297.034134839831
2025-07-11,5297.034134839831,4968.273624113675,314.79837286635615,-0.002635840642967957,0.0,5283.071996980031,4.2830719969800315,-0.002635840642967957,94.04137643692336,5.958623563076648,5297.034134839831
2025-07-14,5283.071996980031,4762.353339331965,528.0394395176453,0.0013857054898671617,0.26776018035810895,5290.39277884961,4.29039277884961,-0.0012537876519500557,90.01889913299657,9.98110086700343,5297.034134839831
2025-07-15,5290.39277884961,4745.016352813648,528.0394395176453,-0.0032770698212858385,0.0,5273.055792331294,4.273055792331293,-0.004526748723559404,89.98608282723684,10.013917172763149,5297.034134839831
2025-07-16,5273.055792331294,4410.803113718733,878.1922937210489,0.0030228421120954696,0.6503383341672806,5288.995407439782,4.288995407439782,-0.0015175902581363587,83.3958582666618,16.60414173333819,5297.034134839831
2025-07-17,5288.995407439782,4278.825107772055,1034.3241463674806,0.004566811811894889,0.4793029142162794,5313.1492541395355,4.313149254139535,0.0,80.53274815192465,19.467251848075353,5313.1492541395355
2025-07-18,5313.1492541395355,4492.536788766809,808.2580023727548,-0.002325261800305345,0.2647102136964387,5300.794791139564,4.300794791139564,-0.002325261800305345,84.75213559061403,15.247864409385969,5313.1492541395355
2025-07-21,5300.794791139564,4274.174950137599,1036.6236487004694,0.0018872278766999262,0.4883756529239154,5310.798598838068,4.310798598838068,-0.0004424222224956864,80.48083297816511,19.51916702183489,5313.1492541395355
2025-07-22,5310.798598838068,4142.3371764287085,1154.3813736587438,-0.0026512112046004344,0.14006087127084857,5296.718550087452,4.296718550087452,-0.003092460472342684,78.20572562535565,21.79427437464436,5313.1492541395355
2025-07-23,5296.718550087452,4126.063594823733,1213.5511878280513,0.008098642991635652,0.2801465669899413,5339.6147826517845,4.339614782651784,0.0,77.27268282028817,22.727317179711825,5339.6147826517845
2025-07-24,5339.6147826517845,4054.375216149962,1281.2260068851135,-0.0007516571475809641,0.2815409513144482,5335.601223035075,4.335601223035075,-0.0007516571475809641,75.98722330758618,24.012776692413826,5339.6147826517845
2025-07-25,5335.601223035075,4104.954975555246,1222.4873858661217,-0.0015291363189743334,0.2545610794164019,5327.442361421368,4.327442361421368,-0.0022796440803115603,77.05301525702549,22.9469847429745,5339.6147826517845
2025-07-28,5327.442361421368,4171.628582844974,1157.6685831512157,0.00034816042089036436,0.4710606360378141,5329.2971659961895,4.32929716599619,-0.0019322773412637773,78.27727471198698,21.722725288013024,5339.6147826517845
2025-07-29,5329.2971659961895,4281.094681324823,1042.540247202546,-0.0010624735856256118,0.14832875323029604,5323.634928527369,4.323634928527369,-0.0029926979332541848,80.41675920307829,19.583240796921718,5339.6147826517845
2025-07-30,5323.634928527369,4166.920244572458,1157.176921786596,8.682748495902892e-05,0.13501919761425138,5324.0971663590535,4.324097166359054,-0.002906130296729814,78.26529295711661,21.734707042883386,5339.6147826517845
2025-07-31,5324.0971663590535,4112.0827065552585,1209.6374425835245,-0.00044646390664881963,0.38464067989674905,5321.720149138783,4.321720149138783,-0.0033512967210931333,77.26980358448046,22.730196415519536,5339.6147826517845
2025-08-01,5321.720149138783,4271.592899638676,967.3036709453273,-0.015563309650580504,0.2818107162692453,5238.896570584003,4.238896570584003,-0.018862449103072332,81.53611818991308,18.463881810086924,5339.6147826517845
2025-08-04,5238.896570584003,3756.5404250985666,1547.2446995589019,0.012385920049998722,0.6111053863712155,5303.785124657468,4.303785124657468,-0.006710157839611486,70.82753800930375,29.172461990696252,5339.6147826517845
2025-08-05,5303.785124657468,4398.8198743447465,883.0677055730918,-0.004128663628891638,0.8964818698199533,5281.887579917839,4.281887579917838,-0.010811117483886523,83.2812097529189,16.718790247081103,5339.6147826517845
2025-08-06,5281.887579917839,4335.057668227191,959.7857492597483,0.002452880220010778,0.557447088949955,5294.84341748694,4.294843417486939,-0.00838475564010821,81.87319862774552,18.126801372254473,5339.6147826517845
2025-08-07,5294.84341748694,4267.187991807178,1008.1260963356298,-0.0036883676823442624,0.41550699521586515,5275.314088142808,4.2753140881428084,-0.012042197260725085,80.8897426865716,19.110257313428402,5339.6147826517845
2025-08-08,5275.314088142808,4279.424989957118,1031.2074113817632,0.006695016184051994,0.91925803748216,5310.632401338881,4.310632401338881,-0.005427803782225293,80.58221067754977,19.417789322450226,5339.6147826517845
2025-08-11,5310.632401338881,4375.6380418770295,923.2169582089256,-0.0022177022175281502,0.3712855021848814,5298.855000085955,4.298855000085955,-0.007633468747269334,82.57704809446665,17.42295190553336,5339.6147826517845
2025-08-12,5298.855000085955,4239.767209194612,1103.3058426010912,0.008344831422832266,0.6222824168161443,5343.073051795704,4.343073051795703,0.0,79.35072509947639,20.64927490052361,5343.073051795704
2025-08-13,5343.073051795704,4145.115236420035,1175.1901782441887,-0.004261150261426372,0.28589315086579137,5320.305414664224,4.320305414664224,-0.004261150261426372,77.91122714487327,22.088772855126727,5343.073051795704
2025-08-14,5320.305414664224,4374.426978076935,957.3944533089248,0.002164540533686976,0.26052133063558525,5331.821431385859,4.331821431385859,-0.00210583316020041,82.04376373759996,17.956236262400047,5343.073051795704
2025-08-15,5331.821431385859,4142.385297423683,1172.7559817352321,-0.003128415390799777,0.24473316965667635,5315.1412791589155,4.315141279158915,-0.005227660630131359,77.93556332484143,22.064436675158568,5343.073051795704
2025-08-18,5315.1412791589155,4038.5572736748563,1270.1019848028816,-0.0012195387367395227,0.9100602133810249,5308.659258477738,4.308659258477738,-0.006440824032229897,76.07490096911805,23.92509903088194,5343.073051795704
2025-08-19,5308.659258477738,3898.8324848482366,1379.1146800078125,-0.005785282521691859,1.1367271963992576,5277.947164856049,4.277947164856049,-0.01218884456722269,73.87024468166636,26.129755318333626,5343.073051795704
2025-08-20,5277.947164856049,3623.0674891090275,1648.4259077539925,-0.0012227799542978701,0.9325812635231511,5271.49339686302,4.27149339686302,-0.013396720246717675,68.72943237043711,31.270567629562883,5343.073051795704
2025-08-21,5271.49339686302,3570.707718481641,1686.421051756314,-0.002724963410485004,0.4568352398522187,5257.128770237955,4.257128770237955,-0.016085178084709995,67.92125273203112,32.07874726796888,5343.073051795704
2025-08-22,5257.128770237955,4011.5633132734,1313.5207526338509,0.012926313704547221,0.7614399256381452,5325.084065907251,4.325084065907251,-0.0033667864380793056,75.33333302579398,24.666666974206017,5343.073051795704
2025-08-25,5325.084065907251,4034.1523185748783,1277.4320297819363,-0.002535118203459974,0.5881460358042424,5311.584348356815,4.311584348356815,-0.005893369439952889,75.95007542001811,24.049924579981884,5343.073051795704
2025-08-26,5311.584348356815,4060.024459488021,1274.5446953400858,0.004327297650540407,0.23554826555009062,5334.569154828107,4.334569154828107,-0.0015915741531438155,76.10782317468795,23.89217682531205,5343.073051795704
2025-08-27,5334.569154828107,4279.547413529596,1066.6680327687418,0.002183173773216751,0.24579819687924867,5346.215446298338,4.346215446298338,0.0,80.04816596930654,19.951834030693455,5346.215446298338
2025-08-28,5346.215446298338,4290.5251185042835,1066.6680327687418,0.0020533600048400213,0.0,5357.193151273025,4.357193151273025,0.0,80.08905031704391,19.91094968295609,5357.193151273025
2025-08-29,5357.193151273025,4255.359199909117,1071.1974038647793,-0.00571876851067965,0.2412263898260676,5326.556603773896,4.326556603773897,-0.00571876851067965,79.889495530643,20.11050446935699,5357.193151273025
2025-09-01,5326.556603773896,4048.183018868161,1278.1205327059347,-4.750765243366484e-05,0.2530521998005924,5326.303551574096,4.326303551574096,-0.005766004477846587,76.00361075312337,23.99638924687664,5357.193151273025
2025-09-02,5326.303551574096,4032.2229068859865,1278.1205327059347,-0.002996470596847156,0.0,5310.343439591921,4.310343439591922,-0.008745197411814676,75.93149017111116,24.06850982888883,5357.193151273025
2025-09-03,5310.343439591921,3771.0751116720467,1548.1033219536212,0.0016637330775777226,0.7468479273560792,5319.178433625668,4.319178433625668,-0.007096014008440954,70.89581894513735,29.104181054862643,5357.193151273025
2025-09-04,5319.178433625668,3546.6046484897815,1807.8516409010006,0.006632200104832453,0.6690265317262482,5354.456289390782,4.354456289390782,-0.0005108760884592334,66.2365038914774,33.7634961085226,5357.193151273025
2025-09-05,5354.456289390782,4365.067801628977,962.9305527915185,-0.004941292549667575,0.8715792988223341,5327.998354420495,4.327998354420495,-0.005449644249917007,81.92697353232849,18.073026467671507,5357.193151273025
2025-09-08,5327.998354420495,4102.833388153034,1229.0665512467153,0.0007322796892414996,0.47153054262938354,5331.899939399749,4.331899939399749,-0.004721355224473367,76.94880689405662,23.0511931059434,5357.193151273025
2025-09-09,5331.899939399749,4506.182921598085,852.3283001912802,0.0049909568244095315,0.7756901126798897,5358.511221789366,4.358511221789366,0.0,84.09393458531075,15.906065414689241,5358.511221789366
2025-09-10,5358.511221789366,4258.3377028652685,1132.84465483376,0.006097054677577596,0.6865651601445795,5391.182357699028,4.391182357699028,0.0,78.9870833581437,21.0129166418563,5391.182357699028
2025-09-11,5391.182357699028,4653.471158373001,754.121648024932,0.0030439424248875913,0.6438820529313021,5407.592806397934,4.4075928063979335,0.0,86.05439286899151,13.945607131008483,5407.592806397934
2025-09-12,5407.592806397934,4110.010511956444,1297.0389581131028,-0.0001004765609835534,0.7833154224010717,5407.049470069547,4.4070494700695475,-0.0001004765609835534,76.0120752493056,23.987924750694393,5407.592806397934
2025-09-15,5407.049470069547,4332.218805041174,1125.8723390878406,0.00943983855557562,0.5963005099816943,5458.0911441290145,4.458091144129015,0.0,79.37241593521422,20.627584064785783,5458.0911441290145
2025-09-16,5458.0911441290145,4578.648985815846,909.4175509795559,0.005491918671719054,0.2643063752803396,5488.066536795402,4.488066536795402,0.0,83.42918139052694,16.570818609473058,5488.066536795402
2025-09-17,5488.066536795402,4581.3194174831015,914.4122942263443,0.0013966986119160474,0.2654619062226983,5495.731711709446,4.495731711709446,0.0,83.361409504797,16.638590495202987,5495.731711709446
2025-09-18,5495.731711709446,4617.5445554301605,915.6910631093491,0.0068241880785693265,0.26422217555919575,5533.235618539509,4.533235618539509,0.0,83.45107408690028,16.548925913099733,5533.235618539509
2025-09-19,5533.235618539509,4401.417641457087,1152.2873961318926,0.0036993579273736366,0.4700243971721258,5553.705037588979,4.55370503758898,0.0,79.2519158231685,20.748084176831494,5553.705037588979
2025-09-22,5553.705037588979,4527.059969093535,1041.1555632931154,0.002612759356044325,0.16413125481868962,5568.21553238665,4.56821553238665,0.0,81.30180921989465,18.698190780105364,5568.21553238665
2025-09-23,5568.21553238665,4505.100690524766,1041.1555632931154,-0.003943683293336386,0.0,5546.256253817881,4.546256253817881,-0.003943683293336386,81.22777751972036,18.772222480279634,5568.21553238665
2025-09-24,5546.256253817881,4509.8243895720825,1039.434360398888,0.0005413554685691491,0.4886871919655757,5549.258749970971,4.549258749970971,-0.00340446275928441,81.26895127381967,18.73104872618033,5568.21553238665
2025-09-25,5549.258749970971,4632.636981832464,924.7051411647956,0.0014566581575117254,0.1713171636990763,5557.342122997259,4.557342122997259,-0.001952763740222907,83.36065837411371,16.639341625886285,5568.21553238665
2025-09-26,5557.342122997259,4546.132137107687,1041.81079055771,0.005506374088704469,0.19085750427604678,5587.942927665397,4.587942927665397,0.0,81.3560946480001,18.64390535199992,5587.942927665397
2025-09-29,5587.942927665397,4642.140480053994,931.1607505543964,-0.0026202302433185887,0.16307072317047613,5573.30123060839,4.57330123060839,-0.0026202302433185887,83.29247402884862,16.707525971151384,5587.942927665397
2025-09-30,5573.30123060839,4641.383829254777,931.1607505543964,-0.00013576348521437964,0.0,5572.544579809173,4.572544579809173,-0.0027556379969431166,83.29020544890315,16.709794551096856,5587.942927665397
2025-10-01,5572.544579809173,4369.693742571776,1225.4363864400755,0.004053004669448912,0.5234211179424321,5595.130129011852,4.595130129011852,0.0,78.09816111182211,21.901838888177892,5595.130129011852
2025-10-02,5595.130129011852,4025.9978655775644,1566.2563675446318,-0.0005139998218708364,0.3800685786863145,5592.254233122196,4.592254233122196,-0.0005139998218708364,71.99239694311646,28.00760305688355,5595.130129011852
2025-10-03,5592.254233122196,3915.9007888963415,1677.5249569475607,0.00020948845901314073,0.15131298909751142,5593.425745843902,4.593425745843902,-0.0003046190398882098,70.00898853097287,29.991011469027125,5595.130129011852
2025-10-06,5593.425745843902,4272.336363892978,1341.8391390719744,0.003709668826205048,0.5830399305624329,5614.175502964952,4.614175502964952,0.0,76.09908813211621,23.900911867883785,5614.175502964952
2025-10-07,5614.175502964952,4143.909261672472,1459.3116401469074,-0.00195123952569487,0.37399062398027627,5603.220901819379,4.603220901819379,-0.00195123952569487,73.95584315312172,26.04415684687829,5614.175502964952
2025-10-08,5603.220901819379,4050.5965694571883,1568.528220557876,0.0028383475280300274,0.37363195155020507,5619.124790015065,4.619124790015065,0.0,72.08589808603145,27.91410191396854,5619.124790015065
2025-10-09,5619.124790015065,4148.471203721429,1460.8166084989882,-0.0017506245478169369,0.1558369049287392,5609.287812220417,4.609287812220417,-0.0017506245478169369,73.95718213430862,26.042817865691383,5619.124790015065
2025-10-10,5609.287812220417,3934.202694963142,1570.4495994614683,-0.018653975566710446,0.15098796024830216,5504.652294424611,4.504652294424611,-0.020371944006986054,71.47050321321659,28.529496786783405,5619.124790015065
2025-10-13,5504.652294424611,3491.6083061494473,2063.2921352014855,0.009128305338597986,0.952475207743692,5554.900441350933,4.554900441350933,-0.011429599993624584,62.85636156784658,37.14363843215343,5619.124790015065
2025-10-14,5554.900441350933,3765.106770072617,1777.006853964027,-0.002301898557731663,0.5612872682713604,5542.113624036644,4.542113624036644,-0.013705188771615529,67.93629697058196,32.063703029418036,5619.124790015065
2025-10-15,5542.113624036644,4024.2860155750186,1551.306707718804,0.006040854000534557,0.485107011456084,5575.592723293823,4.5755927232938225,-0.007747125815499967,72.17682881969259,27.82317118030741,5619.124790015065
2025-10-16,5575.592723293823,4324.880892291804,1226.0483592414946,-0.004423470828040288,0.5820398831457564,5550.929251533299,4.550929251533299,-0.012136327458494245,77.91273670254704,22.087263297452957,5619.124790015065
2025-10-17,5550.929251533299,4004.377100866338,1553.9020107587748,0.0013240774217728735,0.35817967054853256,5558.279111625113,4.5582791116251125,-0.0108283194738924,72.04346921857888,27.95653078142112,5619.124790015065
2025-10-20,5558.279111625113,4145.157199389638,1444.5523220714324,0.005654701609032253,0.6002469510965996,5589.70952146107,4.58970952146107,-0.005234848780412249,74.15693397796015,25.843066022039856,5619.124790015065
2025-10-21,5589.70952146107,4077.468120093991,1504.0396694904573,-0.0014672912510269587,0.8821247490611676,5581.507789584448,4.581507789584448,-0.006694458983623308,73.05316544935907,26.946834550640936,5619.124790015065
2025-10-22,5581.507789584448,3938.5366890672244,1609.6982527056,-0.005961265139450833,0.3520712129903979,5548.234941772825,4.548234941772825,-0.012615816678107628,70.98720098195311,29.01279901804688,5619.124790015065
2025-10-23,5548.234941772825,4020.0496831492737,1552.6622649073988,0.00441167444074142,0.843518788992346,5572.711948056673,4.572711948056672,-0.00825979911335406,72.13812091168921,27.861879088310786,5619.124790015065
2025-10-24,5572.711948056673,4260.901455106557,1336.9893282489497,0.004518237356160748,0.461539284651382,5597.890783355506,4.597890783355506,-0.0037788814901016377,76.1161948313767,23.8838051686233,5619.124790015065
2025-10-27,5597.890783355506,4311.294384446691,1343.0296052779372,0.010081155305301293,0.4641827273839385,5654.323989724628,4.654323989724627,0.0,76.24774229919315,23.752257700806855,5654.323989724628
2025-10-28,5654.323989724628,4770.82777113856,904.2019362189977,0.003661926283417438,0.48990213694281404,5675.0297073575575,4.675029707357558,0.0,84.06700963967258,15.932990360327432,5675.0297073575575
2025-10-29,5675.0297073575575,4785.390345422002,907.7278577723562,0.0031873834622133668,0.2768954048535548,5693.118203194358,4.693118203194358,0.0,84.055699787455,15.944300212545,5693.118203194358
2025-10-30,5693.118203194358,4575.08933564419,1066.9276955889802,-0.008975954852389223,0.531967509962472,5642.01703123317,4.64201703123317,-0.008975954852389223,81.08960519469076,18.910394805309245,5693.118203194358
2025-10-31,5642.01703123317,4800.943379018664,857.9269040581964,0.002987096946073464,0.6409050425038026,5658.870283076861,4.658870283076861,-0.006015669953643554,84.83925481338792,15.160745186612079,5693.118203194358
2025-11-03,5658.870283076861,4601.022973915666,1060.5992805410986,0.0004863110907726842,0.4388975358135839,5661.6222544567645,4.6616222544567645,-0.005532284349887839,81.26686605228373,18.733133947716254,5693.118203194358
2025-11-04,5661.6222544567645,4349.651635158326,1230.2693125051544,-0.014430723761015618,0.5181341158816264,5579.920947663481,4.579920947663481,-0.019883173243682828,77.95185050031374,22.04814949968626,5693.118203194358
2025-11-05,5579.920947663481,4336.726791887396,1267.7555140283312,0.004401739465956345,0.408337713368329,5604.482305915727,4.604482305915727,-0.015568954326101725,77.37961430103596,22.62038569896404,5693.118203194358
2025-11-06,5604.482305915727,4301.297408766151,1273.4487159888301,-0.005305785536936725,0.29726262838016987,5574.746124754982,4.574746124754982,-0.020792134330349765,77.15683032929503,22.84316967070496,5693.118203194358
2025-11-07,5574.746124754982,4481.734285847429,1090.171873781208,-0.0005094339836810846,0.539324540419414,5571.906159628637,4.571906159628638,-0.0212909760942096,80.43448969618206,19.56551030381795,5693.118203194358
2025-11-10,5571.906159628637,4302.378636537336,1332.1379922759675,0.01123681328991366,0.274350243923956,5634.516628813304,4.634516628813304,-0.010293405527426636,76.35754617416876,23.642453825831222,5693.118203194358
2025-11-11,5634.516628813304,4422.915736324862,1224.4999289569355,0.0022892889165562202,0.39499035030479035,5647.415665281798,4.647415665281798,-0.008027681190057923,78.3175172232371,21.682482776762892,5693.118203194358
2025-11-12,5647.415665281798,4588.587746977678,1058.3802936620646,-7.926185508322359e-05,0.5101435782730459,5646.968040639742,4.646968040639742,-0.008106306756238024,81.25754766017481,18.7424523398252,5693.118203194358
2025-11-13,5646.968040639742,4275.741208954602,1293.8183756332617,-0.013707967797017662,0.2784670133463135,5569.559584587864,4.569559584587864,-0.02170315356128849,76.76982612389087,23.23017387610912,5693.118203194358
2025-11-14,5569.559584587864,4470.196028989955,1088.833307462193,-0.0018906787827273064,0.86313300065041,5559.0293364521485,4.559029336452149,-0.02355279865205917,80.41324768116618,19.58675231883381,5693.118203194358
2025-11-17,5559.0293364521485,4018.9692219343397,1515.3682931859075,-0.004441750499496355,0.7306167555874536,5534.337515120247,4.534337515120248,-0.02788993349637825,72.61879513047764,27.381204869522353,5693.118203194358
2025-11-18,5534.337515120247,3749.4472913105146,1760.6426992842075,-0.004381287635471853,0.2828737085983611,5510.089990594723,4.5100899905947225,-0.03214902731106828,68.0469338560807,31.953066143919283,5693.118203194358
2025-11-19,5510.089990594723,3487.028647149545,2035.8223411838271,0.0023159327271298213,0.5152640359614381,5522.850988333372,4.522850988333372,-0.029907549568433445,63.13819899388277,36.86180100611725,5693.118203194358
2025-11-20,5522.850988333372,3464.802424793696,2008.050956562407,-0.009052861843074411,0.258493740637303,5472.853381356103,4.472853381356103,-0.03868966249720007,63.30888447691545,36.691115523084555,5693.118203194358
2025-11-21,5472.853381356103,3488.975266103178,2008.050956562407,0.0044168625806475514,0.0,5497.026222665585,4.497026222665585,-0.034443686839094156,63.47023144472694,36.52976855527306,5693.118203194358
2025-11-24,5497.026222665585,3719.2204086676884,1831.9440967570042,0.009848649172507606,0.3979774648580207,5551.164505424693,4.551164505424693,-0.02493426145447253,66.99892256900696,33.00107743099303,5693.118203194358
2025-11-25,5551.164505424693,3987.756183479517,1585.7323354316695,0.004021500977799963,0.3146661182427658,5573.4885189111865,4.573488518911186,-0.021013033633492495,71.54865700268005,28.451342997319955,5693.118203194358
2025-11-26,5573.4885189111865,4006.3983637328224,1591.8663508374982,0.004445365873647411,0.5589402799834557,5598.26471457032,4.598264714570321,-0.016661078382461225,71.5650039431964,28.43499605680361,5693.118203194358
2025-11-27,5598.26471457032,4132.05252742095,1465.7858109859417,-7.616220117612205e-05,0.42637616342836937,5597.838338406892,4.597838338406892,-0.016735971639233682,73.815145733503,26.184854266497,5693.118203194358
2025-11-28,5597.838338406892,3904.255225113929,1732.3973691655176,0.006933793640707675,0.26687843661619254,5636.652594279447,4.636652594279447,-0.009918221772249325,69.26549330140193,30.734506698598054,5693.118203194358
2025-12-01,5636.652594279447,4398.638796170352,1207.3117307607345,-0.005446861738386932,0.5423965848621363,5605.950526931087,4.605950526931086,-0.015311060327952153,78.46374624676426,21.53625375323573,5693.118203194358
2025-12-02,5605.950526931087,3892.294669473677,1734.6115535515494,0.0037381164877337003,0.5636095461680538,5626.906223025227,4.626906223025227,-0.011630178367275201,69.1729080812909,30.827091918709105,5693.118203194358
2025-12-03,5626.906223025227,3605.9457031892434,2045.5804128351233,0.004375387117417251,0.5673046285951336,5651.526116024366,4.651526116024367,-0.0073056777824593855,63.80481358769495,36.195186412305056,5693.118203194358
2025-12-04,5651.526116024366,4363.536047748209,1283.6422873130289,-0.0007693109566990763,0.7954663288725572,5647.178335061238,4.647178335061238,-0.00806936840119421,77.26931555634839,22.73068444365161,5693.118203194358
2025-12-05,5647.178335061238,4245.166469147269,1410.864850085446,0.0015676827693773543,0.9297336798635648,5656.031319232715,4.6560313192327145,-0.00651433584161909,75.05556864071889,24.944431359281104,5693.118203194358
2025-12-08,5656.031319232715,4290.586134189256,1352.1072040491401,-0.0023581872591413866,0.4220244630312022,5642.693338238396,4.642693338238396,-0.008857161076976983,76.0379109230264,23.96208907697361,5693.118203194358
2025-12-09,5642.693338238396,4408.062821378144,1226.2647724131955,-0.0014825800279389956,0.4076924212387225,5634.3275937913395,4.6343275937913395,-0.010326609654798924,78.23582757657792,21.764172423422078,5693.118203194358
2025-12-10,5634.3275937913395,4396.011113358533,1279.902741703574,0.007380873862675941,0.6262568853662634,5675.913855062107,4.675913855062108,-0.003021955195414261,77.45027894385531,22.549721056144694,5693.118203194358
2025-12-11,5675.913855062107,4764.576861820155,902.5709165594743,-0.0015444344129114107,0.41537856404209766,5667.147778379629,4.667147778379629,-0.0045617223967275855,84.0736301247902,15.926369875209796,5693.118203194358
2025-12-12,5667.147778379629,4607.208195677415,1029.9593608972414,-0.005290178230281772,0.4311442626907527,5637.1675565746555,4.6371675565746555,-0.009827768302493545,81.7291334600123,18.270866539987708,5693.118203194358
2025-12-15,5637.1675565746555,4415.566385564484,1225.0306018623678,0.0006083606381712681,0.44060608864397316,5640.596987426852,4.640596987426852,-0.009225386491718557,78.28189809353483,21.718101906465165,5693.118203194358
2025-12-16,5640.596987426852,4253.323739868706,1348.6879682265528,-0.006840637510107883,0.15044181030298864,5602.011708095259,4.602011708095259,-0.01600291647694585,75.92493485371311,24.075065146286896,5693.118203194358
2025-12-17,5602.011708095259,3771.0245430017612,1781.7479709980291,-0.008789555727688803,0.7102997595527785,5552.77251399979,4.55277251399979,-0.024651813678455037,67.91246235090955,32.08753764909045,5693.118203194358
2025-12-18,5552.77251399979,3758.767925672037,1809.7261086637802,0.00283129198907206,0.9605806839773835,5568.494034335818,4.568494034335817,-0.02189031817196685,67.50061870400053,32.499381295999456,5693.118203194358
2025-12-19,5568.494034335818,3661.717153314809,1936.474421887921,0.005333136873954647,0.3930683158418241,5598.19157520273,4.59819157520273,-0.016673925361037734,65.40892901083339,34.59107098916661,5693.118203194358
2025-12-22,5598.19157520273,4041.259393359239,1581.7014313357454,0.004424509086464745,0.39618774328709355,5622.960824694985,4.622960824694984,-0.012323190208839985,71.87066599523135,28.129334004768637,5693.118203194358
2025-12-23,5622.960824694985,4163.0789964244295,1466.4613501665967,0.001170116972386781,0.3979954060082212,5629.540346591026,4.629540346591026,-0.01116749281047058,73.95060236037541,26.049397639624594,5693.118203194358
2025-12-24,5629.540346591026,4053.5527325780968,1590.5762658315703,0.002591446356268845,0.38078863980669925,5644.1289984096675,4.644128998409667,-0.00860498641275409,71.81892429673837,28.18107570326162,5693.118203194358
2025-12-25,5644.1289984096675,3926.350607589334,1717.6410919961547,-2.432595431778317e-05,0.13729882417895356,5643.991699585488,4.643991699585488,-0.008629103042565589,69.56690967277109,30.43309032722893,5693.118203194358
2025-12-26,5643.991699585488,4159.899848244643,1472.100186244774,-0.002124678017678905,0.24547451665756503,5632.000034489417,4.632000034489417,-0.01073544699469764,73.86185764861717,26.138142351382832,5693.118203194358
2025-12-29,5632.000034489417,3902.616630006311,1713.827176188102,-0.002762114382056202,0.2597908304164622,5616.443806194413,4.616443806194413,-0.013467908844211895,69.48554574163262,30.51445425836738,5693.118203194358
2025-12-30,5616.443806194413,3899.6325834083564,1713.827176188102,-0.0005313053421210912,0.0,5613.459759596459,4.613459759596458,-0.01399205861441688,69.46932463071033,30.53067536928965,5693.118203194358
2025-12-31,5613.459759596459,3759.4778081311465,1830.3180659437578,-0.00421556162063863,0.15794262030488612,5589.7958740749045,4.5897958740749045,-0.018148635849766892,67.25608399346656,32.74391600653343,5693.118203194358
2026-01-01,5589.7958740749045,3645.5190483097203,1943.9020647992143,-6.7043765892838e-05,0.3747609659699802,5589.421113108934,4.589421113108934,-0.01821446286276651,65.2217640170257,34.7782359829743,5693.118203194358
2026-01-02,5589.421113108934,3687.6122263171947,1943.6602256848996,0.007487598097593029,0.4862484399467601,5631.272452002095,4.6312724520020945,-0.010863247342653537,65.48452872327519,34.51547127672481,5693.118203194358
2026-01-05,5631.272452002095,4148.928163924511,1535.152683216203,0.00937770203603705,0.6488946025497763,5684.0808471407145,4.684080847140715,-0.0015874176033395804,72.99206811971301,27.00793188028698,5693.118203194358
2026-01-06,5684.0808471407145,4198.7954589354595,1488.3897789696664,0.000546155279612659,0.29806194813979264,5687.185237905126,4.687185237905126,-0.0010421293002318421,73.82906100807936,26.17093899192062,5693.118203194358
2026-01-07,5687.185237905126,4297.028399777587,1353.9033763019895,-0.006374587833700263,0.1883470087552082,5650.931776079577,4.6509317760795765,-0.007410073989173593,76.04105959953242,23.958940400467572,5693.118203194358
2026-01-08,5650.931776079577,4383.508946194711,1283.8701956008501,0.002910558181856926,0.4324807808713532,5667.379141795561,4.667379141795561,-0.0045210832587939676,77.34631540472357,22.653684595276424,5693.118203194358
2026-01-09,5667.379141795561,4435.312445198642,1287.7274971799393,0.009821259384701575,0.3132168645065482,5723.039942378582,4.723039942378582,0.0,77.4992397371817,22.5007602628183,5723.039942378582
2026-01-12,5723.039942378582,4308.986341116013,1430.3324158186533,0.0028444349017278103,0.42756977599209756,5739.318756934666,4.739318756934667,0.0,75.07835901098157,24.92164098901844,5739.318756934666
2026-01-13,5739.318756934666,4596.084472172408,1173.397809345527,0.0052555931915827525,0.5537545729276754,5769.482281517935,4.769482281517935,0.0,79.6619912829196,20.338008717080406,5769.482281517935
2026-01-14,5769.482281517935,4460.187808296952,1311.0643287372875,0.0003067615827463399,0.1816443349700951,5771.25213703424,4.7712521370342404,0.0,77.28284438789008,22.71715561210992,5771.25213703424
2026-01-15,5771.25213703424,4279.994151789244,1505.0986320350942,0.002398205183461233,0.4454037129687855,5785.092783824338,4.785092783824338,0.0,73.98315483818185,26.016845161818168,5785.092783824338
2026-01-16,5785.092783824338,4395.695814180505,1383.218660437361,-0.0010679706337203276,0.17309221628503918,5778.914474617866,4.778914474617866,-0.0010679706337203276,76.06438602764013,23.93561397235987,5785.092783824338
2026-01-19,5778.914474617866,4395.695814180505,1383.218660437361,0.0,0.0,5778.914474617866,4.778914474617866,-0.0010679706337203276,76.06438602764013,23.93561397235987,5785.092783824338
2026-01-20,5778.914474617866,4531.989980180141,1181.6028957079125,-0.011303437525631899,0.4477922821060006,5713.592875888054,4.713592875888054,-0.012359336420014633,79.31944187527961,20.680558124720395,5785.092783824338
2026-01-21,5713.592875888054,4496.282706478049,1298.339863679676,0.014181916007985906,0.2039717494266998,5794.622570157724,4.794622570157724,0.0,77.5940564211012,22.405943578898814,5794.622570157724
2026-01-22,5794.622570157724,4530.352288717419,1259.246083794,-0.0008670448481287174,0.45447493594006544,5789.598372511418,4.789598372511418,-0.0008670448481287174,78.24985425979104,21.750145740208968,5794.622570157724
2026-01-23,5789.598372511418,4473.567219010323,1258.3460229236746,-0.009963580695218077,0.26231892663405837,5731.913241933998,4.731913241933998,-0.010821986672036155,78.04666662227606,21.953333377723936,5794.622570157724
2026-01-26,5731.913241933998,4431.270490474433,1302.0343517841586,0.00024278112139120012,0.6732032008410415,5733.304842258592,4.733304842258591,-0.010581832924704826,77.28998566084911,22.71001433915089,5794.622570157724
2026-01-27,5733.304842258592,4329.8422194721625,1433.1418709940763,0.005176638784124998,0.18433957057094108,5762.984090466239,4.762984090466238,-0.005459972467305008,75.13194816267259,24.868051837327418,5794.622570157724
2026-01-28,5762.984090466239,4476.1347095138035,1309.5992481453582,0.00394758459086475,0.16986332424178807,5785.733957659162,4.785733957659162,-0.001533941579618725,77.36502822754736,22.634971772452637,5794.622570157724
2026-01-29,5785.733957659162,4758.106497005122,1051.3720799856917,0.004103994325597826,0.5795486796108128,5809.478576990814,4.809478576990814,0.0,81.90247083189554,18.097529168104444,5809.478576990814
2026-01-30,5809.478576990814,4422.802063814261,1388.6327008929873,0.00033672345813995364,0.5904370830769292,5811.434764707248,4.811434764707248,0.0,76.10516581333525,23.894834186664742,5811.434764707248
2026-02-02,5811.434764707248,4275.390239578162,1573.0166718586177,0.006361965371110001,0.9135769162624119,5848.40691143678,4.84840691143678,0.0,73.10350159147572,26.896498408524284,5848.40691143678
2026-02-03,5848.40691143678,4646.425733266017,1217.5194856264275,0.0026568444519956547,0.8986209229019555,5863.945218892444,4.863945218892444,0.0,79.23719543450328,20.76280456549673,5863.945218892444
2026-02-04,5863.945218892444,4510.926270263033,1343.6229547229034,-0.0016023331657730733,0.19782460661526302,5854.549224985936,4.854549224985936,-0.0016023331657730733,77.04993325551668,22.950066744483323,5863.945218892444
2026-02-05,5854.549224985936,4304.860074821176,1526.7777183785354,-0.003913440797191359,0.4959924873611593,5831.637793199711,4.831637793199711,-0.005509503326982856,73.81905782696388,26.180942173036108,5863.945218892444
2026-02-06,5831.637793199711,4482.1954766823455,1457.5972873431942,0.018546242867132134,0.3121609567337878,5939.79276402554,4.93979276402554,0.0,75.46046898856206,24.53953101143794,5939.79276402554
2026-02-09,5939.79276402554,4461.107631194118,1484.623366994602,0.0009997376001305014,0.3248240117829424,5945.73099818872,4.94573099818872,0.0,75.0304316248604,24.969568375139588,5945.73099818872
2026-02-10,5945.73099818872,5098.316071346348,810.0670767077022,-0.00628145641739386,0.7144230453045501,5908.38314805405,4.9083831480540505,-0.00628145641739386,86.28953037728263,13.710469622717358,5945.73099818872
2026-02-11,5908.38314805405,4453.395784988787,1476.4106137003778,0.0036259074772715394,0.6851733131348564,5929.806398689165,4.9298063986891645,-0.0026783249199142656,75.10187492753978,24.89812507246023,5945.73099818872
2026-02-12,5929.806398689165,4729.736167196188,1128.8888898523358,-0.01200399083119752,0.5980432313141433,5858.625057048524,4.858625057048523,-0.014650165163330175,80.7311633897075,19.2688366102925,5945.73099818872
2026-02-13,5858.625057048524,4476.211955835417,1394.2457535884225,0.0020196978403796972,0.6649742802734508,5870.457709423839,4.87045770942384,-0.01266005622989197,76.24979477579336,23.750205224206645,5945.73099818872
2026-02-16,5870.457709423839,4332.956880765215,1537.319487280974,-3.089050064353227e-05,0.18134137765036515,5870.2763680461885,4.870276368046189,-0.012690555655060387,73.81180389309947,26.188196106900534,5945.73099818872
2026-02-17,5870.2763680461885,4319.5749746743495,1537.319487280974,-0.002279604102407573,0.0,5856.894461955324,4.856894461955324,-0.014941230314734821,73.75196877343527,26.248031226564734,5945.73099818872
2026-02-18,5856.894461955324,4324.3090696351765,1533.6269895189268,0.000177841210140528,0.3215600408014983,5857.9360591541035,4.857936059154103,-0.014766046271074473,73.81967003340105,26.180329966598944,5945.73099818872
2026-02-19,5857.9360591541035,4308.6521105293605,1533.6269895189268,-0.002672777399362225,0.0,5842.279100048288,4.842279100048287,-0.017399357315685426,73.74950831249654,26.250491687503448,5945.73099818872
2026-02-20,5842.279100048288,4315.123323759483,1529.7976737337592,0.00045220322406946956,0.3230429455544796,5844.920997493243,4.844920997493243,-0.01695502213709088,73.82688877420489,26.173111225795104,5945.73099818872
2026-02-23,5844.920997493243,4036.1431255730317,1808.5523816391676,-3.857884155156199e-05,0.5898318706456139,5844.695507212199,4.844695507212199,-0.016992946873529924,69.05651664132954,30.94348335867047,5945.73099818872
2026-02-24,5844.695507212199,4420.2920833751705,1460.559918383739,0.006186206706935149,0.6139584193109628,5880.852001758909,4.8808520017589085,-0.010911862048514465,75.1641442779567,24.835855722043316,5945.73099818872
2026-02-25,5880.852001758909,4564.922234344227,1323.0078360233722,0.0012035787682760368,0.18386437238206407,5887.930070367599,4.887930070367599,-0.009721416565722452,77.53017070155568,22.46982929844432,5945.73099818872
2026-02-26,5887.930070367599,4308.56649859727,1541.577476481947,-0.006417551641543673,0.4994467095665995,5850.143975079217,4.850143975079217,-0.01607658051442662,73.64889679555155,26.351103204448446,5945.73099818872
2026-02-27,5850.143975079217,3905.338961798691,1949.6158768840196,0.000822349607802142,0.4321148090529479,5854.95483868271,4.85495483868271,-0.01526745147630526,66.70143612375568,33.298563876244316,5945.73099818872
2026-03-02,5854.95483868271,4244.151869007591,1609.5076556054914,-0.00022123382764116517,0.6049250322544389,5853.659524613082,4.853659524613082,-0.015485307627218003,72.50424885769424,27.495751142305764,5945.73099818872
2026-03-03,5853.659524613082,4249.073794367853,1539.8084196221116,-0.011066122030286452,0.6282973813313952,5788.882213989965,4.7888822139899645,-0.02638006735362519,73.40059163924836,26.599408360751642,5945.73099818872
2026-03-04,5788.882213989965,3666.4950724951436,2131.812670524826,0.0016282122664763587,0.9334083135827623,5798.30774301997,4.79830774301997,-0.024794807436404387,63.23388193579217,36.76611806420782,5945.73099818872
2026-03-05,5798.30774301997,3763.4201681745926,1982.8437332459812,-0.00897569496238737,0.787863050324598,5746.263901420574,4.7462639014205745,-0.033547951770591444,65.4933402422435,34.50665975775649,5945.73099818872
2026-03-06,5746.263901420574,3749.331549953499,1965.1927747574084,-0.005523515323029304,0.6343494127884599,5714.524324710907,4.714524324710907,-0.03888616446795967,65.61056243545124,34.38943756454875,5945.73099818872
2026-03-09,5714.524324710907,3625.4677539222394,2105.161410393303,0.0028182292505070095,0.18965660545274127,5730.629164315542,4.730629164315542,-0.036177525343596306,63.26474196756474,36.73525803243526,5945.73099818872
2026-03-10,5730.629164315542,3321.8074692195914,2412.268682977618,0.000601502519676389,0.6278072605050242,5734.076152197209,4.7340761521972095,-0.03559778369656963,57.93099674734397,42.06900325265604,5945.73099818872
2026-03-11,5734.076152197209,3356.3656360219375,2388.6080177491704,0.0019004807896949583,0.5903789996668726,5744.973653771108,4.744973653771108,-0.03376495581094574,58.42264626955698,41.577353730443015,5945.73099818872
2026-03-12,5744.973653771108,3634.12194360469,2073.9085710460727,-0.006430514976530022,0.6652483712717839,5708.030514650763,4.708030514650763,-0.03997834473345152,63.666827538448054,36.333172461551946,5945.73099818872
2026-03-13,5708.030514650763,3991.5508427513228,1710.8746609349569,-0.0009819518221033663,1.5344934602717921,5702.42550368628,4.702425503686279,-0.040921039747099264,69.99742197720991,30.00257802279009,5945.73099818872
2026-03-16,5702.42550368628,3819.177818488948,1900.213430637319,0.00297518054887691,0.5950705914411829,5719.391249126267,4.719391249126267,-0.03806760667971765,66.77594960953915,33.224050390460846,5945.73099818872
2026-03-17,5719.391249126267,3575.411233198911,2144.169698181495,3.316476280024183e-05,0.6020202408554226,5719.580931380406,4.719580931380405,-0.03803570442006332,62.511769237890555,37.48823076210944,5945.73099818872
2026-03-18,5719.580931380406,3616.824807928579,2064.580718707186,-0.006674510808159395,0.823506513516727,5681.4055266357645,4.681405526635764,-0.04445634550797517,63.66074012798513,36.33925987201488,5945.73099818872
2026-03-19,5681.4055266357645,3375.326330494599,2307.157053933668,0.0001897167500981567,0.9139412621112302,5682.4833844282675,4.682483384428267,-0.044275062871268034,59.398789264285746,40.60121073571425,5945.73099818872
2026-03-20,5682.4833844282675,3251.5213150041523,2402.899419957157,-0.004938448134112927,1.2281657624942892,5654.42073496131,4.65442073496131,-0.0489948609037566,57.50405686828327,42.49594313171672,5945.73099818872
2026-03-23,5654.42073496131,3329.526212230427,2355.52633780327,0.005417321509697759,0.4823017639421977,5685.052550033697,4.6850525500336975,-0.04384296030789736,58.566322526089785,41.433677473910215,5945.73099818872
2026-03-24,5685.052550033697,3522.769143218328,2185.883413022975,0.004151238005260849,0.6752600669078356,5708.652556241303,4.708652556241303,-0.03987372486572971,61.70929319155821,38.2907068084418,5945.73099818872
2026-03-25,5708.652556241303,3548.5889900746083,2185.883413022975,0.004522931918155004,0.0,5734.472403097583,4.734472403097583,-0.03553113909046568,61.881699668792045,38.11830033120796,5945.73099818872
2026-03-26,5734.472403097583,4271.235966688284,1432.4775275648105,-0.005363860296524137,1.1405732095857644,5703.713494253095,4.703713494253095,-0.04070441532073221,74.88517736719884,25.114822632801165,5945.73099818872
2026-03-27,5703.713494253095,3932.853094662055,1754.1645962357031,-0.002927181277979418,0.8241712267870018,5687.017690897758,4.6870176908977585,-0.043512447396253706,69.1549298493779,30.84507015062211,5945.73099818872
2026-03-30,5687.017690897758,3859.12711891078,1808.3503331087109,-0.003435937769200481,1.1552958133033666,5667.4774520194915,4.667477452019491,-0.046798879104015034,68.09250061569557,31.907499384304415,5945.73099818872
2026-03-31,5667.4774520194915,3593.017117489945,2124.5148010082426,0.008831877480317107,0.7892434990668887,5717.531918498187,4.717531918498187,-0.03838032359016086,62.842099855451536,37.157900144548464,5945.73099818872
2026-04-01,5717.531918498187,3962.833560461152,1758.3551201991527,0.0006395700477486166,0.8854701079817193,5721.188680660305,4.721188680660306,-0.03776530044780335,69.26591276139814,30.734087238601855,5945.73099818872
2026-04-02,5721.188680660305,3757.163289009924,1980.1000776950536,0.002809675915603105,0.3113886873597011,5737.263366704978,4.737263366704978,-0.03506173278731395,65.4870283768712,34.51297162312881,5945.73099818872
2026-04-03,5737.263366704978,3971.9515615649852,1765.0597562399616,-4.393190340423736e-05,0.25204890003067515,5737.011317804947,4.737011317804947,-0.03510412436206023,69.23381080385779,30.766189196142214,5945.73099818872
2026-04-06,5737.011317804947,3766.883644241622,1985.6677043094812,0.0027087328027273205,0.2208287768463656,5752.551348551103,4.752551348551103,-0.03249047925250348,65.48196471449818,34.51803528550184,5945.73099818872
2026-04-07,5752.551348551103,3969.966577874676,1769.7634526608172,-0.0022288054879926467,0.25234689336821337,5739.730030535493,4.739730030535493,-0.034646869782030576,69.16643390463253,30.833566095367477,5945.73099818872
2026-04-08,5739.730030535493,3813.377235127125,1986.5737451548223,0.01049194812753873,0.25588079977131784,5799.9509802819475,4.799950980281947,-0.02451843481502647,65.74843904873397,34.25156095126602,5945.73099818872
2026-04-09,5799.9509802819475,3409.35393874605,2414.2556592276806,0.004079106491109208,2.3905825564648877,5823.609597973731,4.823609597973731,-0.020539341630523067,58.54365546640183,41.45634453359816,5945.73099818872
2026-04-10,5823.609597973731,3474.679794148098,2328.6841082576575,-0.0034764857134343963,0.759730931835293,5803.363902405756,4.8033639024057555,-0.023944422616215655,59.87354666330138,40.12645333669862,5945.73099818872
2026-04-13,5803.363902405756,3685.0590634203977,2137.6028699121957,0.0033253180829893036,0.4785678162402579,5822.661933332593,4.8226619333325935,-0.020698727354738655,63.28821947097414,36.71178052902586,5945.73099818872
2026-04-14,5822.661933332593,3508.7999055471055,2328.5821783329498,0.002528079204322964,0.4825950000874712,5837.382083880055,4.837382083880055,-0.01822297617259716,60.1091354844951,39.89086451550491,5945.73099818872
2026-04-15,5837.382083880055,3481.0596521494585,2362.1597822307012,0.0009999945893939266,0.5901088636070783,5843.21943438016,4.843219434380161,-0.01724120446077837,59.574344096470234,40.42565590352976,5945.73099818872
2026-04-16,5843.21943438016,3496.5508354882245,2362.1597822307012,0.0026511383857361626,0.0,5858.710617718925,4.858710617718925,-0.014635774894004472,59.68123472276222,40.31876527723778,5945.73099818872
2026-04-17,5858.710617718925,3814.9078608722775,2049.954277547495,0.0010499785878215206,0.5944386541285526,5864.862138419772,4.864862138419772,-0.013601163556437923,65.04684629978644,34.95315370021357,5945.73099818872
2026-04-20,5864.862138419772,4047.857370379363,1813.9427818259378,-0.0005220900580786836,1.3716895897060206,5861.800152205301,4.861800152205301,-0.014116152582245522,69.05485115961342,30.945148840386587,5945.73099818872
2026-04-21,5861.800152205301,4229.58673869294,1611.5209698313745,-0.003530049326775697,0.47407202508313606,5841.107708524315,4.841107708524315,-0.017596371194101623,72.41069587743476,27.589304122565235,5945.73099818872
2026-04-22,5841.107708524315,4564.9694363282,1297.148252954953,0.003596917195718863,0.8756822726727773,5862.117689283153,4.862117689283153,-0.01406274668851304,77.87236077968312,22.12763922031689,5945.73099818872
2026-04-23,5862.117689283153,4799.359052589348,1078.9076315837954,0.0027548056429358425,0.9561532841547488,5878.266684173143,4.878266684173143,-0.011346681179509877,81.64582028085447,18.354179719145527,5945.73099818872
2026-04-24,5878.266684173143,4885.159852625556,1078.9076315837954,0.014596275508768741,0.0,5964.067484209351,4.964067484209351,0.0,81.90986881955402,18.09013118044597,5964.067484209351
2026-04-27,5964.067484209351,4900.414774009067,1078.9076315837954,0.002557804958428278,0.0,5979.322405592862,4.979322405592862,0.0,81.95602179647278,18.043978203527217,5979.322405592862
2026-04-28,5979.322405592862,5070.006689901932,896.1931048436678,-0.0021946652073799866,0.7052559952612013,5966.1997947456,4.9661997947456005,-0.0021946652073799866,84.97882847247354,15.021171527526453,5979.322405592862
2026-04-29,5966.1997947456,4951.933850587669,1043.6008296684515,0.004916845985673435,0.484134412028467,5995.534680256121,4.995534680256121,0.0,82.5936987220651,17.406301277934904,5995.534680256121
2026-04-30,5995.534680256121,4824.976587269195,1261.5459493960973,0.01517593697002595,0.6718780262443528,6086.522536665292,5.086522536665292,0.0,79.27312448452253,20.72687551547748,6086.522536665292
2026-05-01,6086.522536665292,5304.278452256936,800.279570372466,0.0029631839618540212,0.5786581361253506,6104.558022629402,5.104558022629402,0.0,86.8904584507862,13.109541549213802,6104.558022629402
2026-05-04,6104.558022629402,4937.765372082561,1124.1552924295386,-0.006984511894103984,0.36855384429844534,6061.920664512099,5.061920664512099,-0.006984511894103984,81.4554601644557,18.54453983554431,6104.558022629402
2026-05-05,6061.920664512099,4712.945545709881,1435.3663352625058,0.014251459436947389,0.3517168587809969,6148.311880972387,5.148311880972387,0.0,76.65430181405345,23.345698185946535,6148.311880972387
2026-05-06,6148.311880972387,5058.463067333766,1131.8754850256523,0.006835481381010311,0.7082825218936724,6190.338552359419,5.190338552359419,0.0,81.71545101367285,18.284548986327138,6190.338552359419
2026-05-07,6190.338552359419,5377.434228717632,772.9792445254282,-0.006449579256233351,0.8130745194992237,6150.41347324306,5.15041347324306,-0.006449579256233351,87.43207675568124,12.567923244318774,6190.338552359419
2026-05-08,6150.41347324306,5106.924321118786,1116.7934603893568,0.011918598413584336,1.4635347457447756,6223.717781508143,5.223717781508143,0.0,82.05584668849278,17.944153311507215,6223.717781508143
2026-05-11,6223.717781508143,5399.421105397585,862.7748316318226,0.006182503267675665,1.6304157998642328,6262.195937029408,5.262195937029408,0.0,86.22248744198355,13.77751255801645,6262.195937029408
2026-05-12,6262.195937029408,5087.51555943926,1152.6317102020985,-0.0035209162424433282,0.930699250687224,6240.147269641358,5.2401472696413585,-0.0035209162424433282,81.52877391516525,18.471226084834758,6262.195937029408
2026-05-13,6240.147269641358,5483.807204035763,820.3627553422605,0.010259804291500974,0.7092538210770303,6304.169959378023,5.304169959378023,0.0,86.98698225732483,13.013017742675173,6304.169959378023
2026-05-14,6304.169959378023,5474.679017606821,874.9986664818131,0.007218670341035738,0.5804945429129689,6349.677684088634,5.349677684088634,0.0,86.21979397986716,13.780206020132834,6349.677684088634
2026-05-15,6349.677684088634,5392.652757493428,881.4625341005062,-0.011900193404154602,0.4371442451379043,6274.115291593935,5.274115291593935,-0.011900193404154602,85.95080751414481,14.049192485855185,6349.677684088634
2026-05-18,6274.115291593935,5392.0832810482625,881.4625341005062,-9.076601539792506e-05,0.0,6273.545815148769,5.273545815148769,-0.011989879286414817,85.94953220916895,14.050467790831037,6349.677684088634
2026-05-19,6273.545815148769,5335.857644456303,921.9631880025831,-0.0025065542124377282,0.6170789310594433,6257.820832458887,5.257820832458886,-0.01446638021642066,85.26702485279822,14.732975147201778,6349.677684088634
2026-05-20,6257.820832458887,5320.58947539251,977.1490935649566,0.006378855765816871,0.6354115067447967,6297.738568957467,5.297738568957467,-0.008179803403457697,84.48412739167237,15.515872608327639,6349.677684088634
2026-05-21,6297.738568957467,4886.275429255731,1398.0254883072962,-0.002133726455505136,1.4719714610296144,6284.300917563027,5.2843009175630264,-0.010296076396040021,77.75368323944882,22.246316760551196,6349.677684088634
2026-05-22,6284.300917563027,4970.191416949867,1322.4415986393865,0.0013258591743976478,0.5691208475668686,6292.633015589254,5.292633015589254,-0.008983868368992343,78.98428852654853,21.015711473451475,6349.677684088634
2026-05-25,6292.633015589254,4719.47476169194,1571.985087750074,-0.00018643485872016363,1.1731661472393995,6291.459849442014,5.291459849442014,-0.009168628321482353,75.01398522173686,24.986014778263147,6349.677684088634
2026-05-26,6291.459849442014,4558.907441689049,1729.993292225707,-0.00040676020963337223,0.15816637084647966,6288.900733914756,5.288900733914756,-0.009571659097937668,72.49132455062923,27.508675449370774,6349.677684088634
2026-05-27,6288.900733914756,4723.91368976212,1572.013545591103,0.001117286110206006,0.2116378875856032,6295.927235353223,5.295927235353223,-0.008465067269493365,75.03126248404128,24.96873751595872,6349.677684088634
2026-05-28,6295.927235353223,4971.721655516885,1324.2991916721173,1.4868633686493382e-05,1.159173665402906,6296.020847189003,5.296020847189003,-0.008450324499791106,78.96609265098955,21.033907349010445,6349.677684088634
2026-05-29,6296.020847189003,4440.403651715091,1822.0120530240351,-0.005337520835065335,0.5202974780455263,6262.415704739125,5.262415704739126,-0.013742741551775794,70.90560354137439,29.094396458625628,6349.677684088634
2026-06-01,6262.415704739125,4346.947156854549,1937.3557802248963,0.003495014283985576,1.0109855276912842,6284.302937079445,5.2843029370794445,-0.010295758345814754,69.17150876362336,30.82849123637664,6349.677684088634
2026-06-02,6284.302937079445,4637.477075805237,1652.0976076666389,0.0008388752810317701,1.666323143741967,6289.574683471876,5.2895746834718755,-0.009465519921958876,73.73276110373376,26.267238896266242,6349.677684088634
2026-06-03,6289.574683471876,4410.320350273827,1819.469182521607,-0.009505436167814185,1.1971732202516183,6229.789532795434,5.229789532795434,-0.01888098219435963,70.7940505382503,29.205949461749697,6349.677684088634
2026-06-04,6229.789532795434,4362.667507039548,1927.5660764273578,0.009702422586393533,0.7021122950384501,6290.233583466906,5.290233583466906,-0.009361750876062058,69.35620830530483,30.643791694695167,6349.677684088634
2026-06-05,6290.233583466906,4286.7053823662945,1857.9836419045487,-0.023138180365608108,0.4944623015826908,6144.689024270843,5.144689024270844,-0.03228331736136192,69.76277180886261,30.237228191137394,6349.677684088634
2026-06-08,6144.689024270843,4108.331749873521,2047.6703395351024,0.0018411127224007284,0.5593352218457867,6156.002089408624,5.156002089408624,-0.030501641865276596,66.73701032268798,33.262989677312014,6349.677684088634
2026-06-09,6156.002089408624,4221.3014094676,1905.2228604409008,-0.004788468079118924,0.20635770938786668,6126.524269908501,5.126524269908501,-0.03514405380596297,68.90205969151648,31.097940308483512,6349.677684088634
2026-06-10,6126.524269908501,3844.466196319548,2227.2259247167517,-0.0089499602803369,0.6010825227034863,6071.6921210363,5.0716921210363,-0.04377947620064648,63.31787119112662,36.68212880887338,6349.677684088634
2026-06-11,6071.6921210363,3816.4370973859254,2312.334542136053,0.00940092437953477,0.6910277825373173,6128.771639521979,5.128771639521979,-0.03479011936624965,62.27083209913159,37.72916790086842,6349.677684088634
2026-06-12,6128.771639521979,4208.404508225558,1949.3603925453592,0.00473068062480464,0.7033109389064535,6157.764900770917,5.157764900770917,-0.030224019685065717,68.34305265046234,31.656947349537663,6349.677684088634
2026-06-15,6157.764900770917,4498.448423861488,1679.0853122856347,0.0032103913830374697,0.3051151973427548,6177.533736147123,5.177533736147123,-0.027110659234385825,72.81948777615472,27.180512223845277,6349.677684088634
2026-06-16,6177.533736147123,4559.667961851258,1617.3118042989456,-8.96749448211498e-05,0.6136980253010764,6176.979766150203,5.176979766150203,-0.027197903032336046,73.81711021360633,26.182889786393677,6349.677684088634
2026-06-17,6176.979766150203,3951.0615205148342,2205.4650559301544,-0.003311195839963421,0.5991462663467788,6156.526576444989,5.156526576444989,-0.030419041288923032,64.17679630640572,35.82320369359427,6349.677684088634
2026-06-18,6156.526576444989,4419.196255236372,1758.5353506808178,0.003444317052627044,0.47224258917949796,6177.73160591719,5.17773160591719,-0.02707949705893198,71.53428697037522,28.465713029624784,6349.677684088634
2026-06-19,6177.73160591719,4552.012762254771,1625.0120148728734,-0.00011441558724700762,0.7068287895458943,6177.0247771276445,5.177024777127644,-0.02719081432962067,73.69264211323895,26.307357886761046,6349.677684088634
2026-06-22,6177.0247771276445,4578.4031700897995,1625.0120148728734,0.004272349357047567,0.0,6203.415184962672,5.203415184962672,-0.023034633630691914,73.80455819220407,26.195441807795934,6349.677684088634
2026-06-23,6203.415184962672,4560.241758352285,1625.0120148728734,-0.002927647303301195,0.0,6185.2537732251585,5.185253773225159,-0.02589484365096173,73.72764199413683,26.27235800586316,6349.677684088634
2026-06-24,6185.2537732251585,4556.145809999969,1627.2930244338418,-0.0002934299638931437,0.40533694119989433,6183.438834433811,5.183438834433812,-0.026180675291817224,73.68304162124302,26.316958378756976,6349.677684088634
2026-06-25,6183.438834433811,4329.247433823454,1854.494739762525,4.905670781085725e-05,0.5369105676179915,6183.742173585979,5.183742173585979,-0.026132902921744416,70.01015424472176,29.98984575527824,6349.677684088634
2026-06-26,6183.742173585979,4782.186972058392,1350.9821124201915,-0.008178395490584967,1.7114880517413635,6133.1690844785835,5.133169084478584,-0.03409757319691831,77.9725278430825,22.027472156917494,6349.677684088634
2026-06-29,6133.1690844785835,4650.074455750834,1533.024060684808,0.008140886264397462,0.26821043483797713,6183.0985164356425,5.183098516435643,-0.026234271397808873,75.20621648499063,24.793783515009352,6349.677684088634
2026-06-30,6183.0985164356425,4754.878980902296,1453.4959669758803,0.00408798782282771,1.3507427736829827,6208.374947878176,5.208374947878176,-0.02225352895699617,76.58814135456431,23.41185864543569,6349.677684088634
2026-07-01,6208.374947878176,4722.196675425474,1460.004838897659,-0.004215826810522794,0.7892664854410623,6182.201514323133,5.182201514323133,-0.026375538743513283,76.38373910143383,23.61626089856616,6349.677684088634
2026-07-02,6182.201514323133,4390.628656059926,1788.6043110188884,-0.0004801763962952732,0.9803378641246301,6179.232967078814,5.179232967078814,-0.02684305022866429,71.05459009964406,28.94540990035593,6349.677684088634
2026-07-03,6179.232967078814,4634.42472530911,1543.9901386265608,-0.00013239558170108356,0.8181031431433684,6178.414863935671,5.178414863935671,-0.026971891909115753,75.00993098344591,24.99006901655409,6349.677684088634
2026-07-06,6178.414863935671,4499.975654716556,1716.054114880775,0.006088115882477263,0.17223621246668097,6216.029769597331,5.2160297695973314,-0.021047984030150846,72.39308403453899,27.60691596546101,6349.677684088634
2026-07-07,6216.029769597331,4547.656624244702,1634.936529774802,-0.00537909514870194,0.8607780139698078,6182.593154019503,5.182593154019504,-0.02631386007006631,73.55581243912391,26.444187560876088,6349.677684088634
2026-07-08,6182.593154019503,4346.692226213804,1788.8759129062712,-0.007606034187912836,0.8221053625328197,6135.568139120075,5.135568139120075,-0.033719750138670235,70.84416842345067,29.155831576549335,6349.677684088634
2026-07-09,6135.568139120075,3876.9191810595426,2259.9577414569294,0.0002133108730473232,0.5147308504673933,6136.876922516472,5.136876922516472,-0.03351363205496394,63.17413938733161,36.825860612668386,6349.677684088634
2026-07-10,6136.876922516472,4269.150431225686,1874.4524847539421,0.0010959961472385427,0.7043526816470879,6143.602915979628,5.143602915979628,-0.032454366719337435,69.48936136678925,30.51063863321074,6349.677684088634
2026-07-13,6143.602915979628,4277.684094062992,1842.2331086209465,-0.0038553457343544206,0.8477661729417344,6119.917202683939,5.119917202683939,-0.0361845896493993,69.89774456731178,30.102255432688214,6349.677684088634
2026-07-14,6119.917202683939,3977.678840409565,2093.0454010187327,-0.008038174312892221,0.6104841099834764,6070.724241428297,5.070724241428297,-0.04393190592324925,65.52231137867847,34.47768862132155,6349.677684088634
2026-07-15,6070.724241428297,4116.548609968111,1963.1299117439653,0.0014749937450084794,0.9279310710722709,6079.678521712076,5.079678521712076,-0.042521711464683754,67.70997175700772,32.290028242992285,6349.677684088634
2026-07-16,6079.678521712076,4181.359661399206,1857.143156124809,-0.006772677871208499,0.5363921761038294,6038.502817524015,5.038502817524015,-0.04900640348160945,69.24497326166193,30.755026738338074,6349.677684088634
2026-07-17,6038.502817524015,4156.772029502708,1844.6801182112204,-0.006135737769727201,0.4179649211182516,6001.452147713929,5.001452147713929,-0.05484145081053604,69.2627705293977,30.7372294706023,6349.677684088634
2026-07-20,6001.452147713929,4149.727833340141,1833.410944323539,-0.0030514898060504114,0.36610081127243227,5983.13877766368,4.98313877766368,-0.057725592488489075,69.35703796194652,30.64296203805349,6349.677684088634
2026-07-21,5983.13877766368,4200.563146818022,1827.8117258432233,0.007560595981233265,0.369567331790465,6028.374872661245,5.028374872661245,-0.050601436389838717,69.67985958981463,30.320140410185374,6349.677684088634
2026-07-22,6028.374872661245,4358.444054461694,1674.3253283200809,0.0007289709438043079,0.22324741915441057,6032.769382781775,5.032769382781774,-0.04990935242287731,72.24615724415389,27.753842755846097,6349.677684088634
2026-07-23,6032.769382781775,3866.9219475195823,2128.378664417568,-0.006210874055879612,0.834058917176083,5995.30061193715,4.99530061193715,-0.05581024577664806,64.49921693367992,35.50078306632008,6349.677684088634
2026-07-24,5995.30061193715,3809.8097174359677,2197.377295060267,0.001982619609668612,0.8995959833547262,6007.187012496235,5.007187012496235,-0.05393827665467654,63.42086087066622,36.579139129333775,6349.677684088634
2026-07-27,6007.187012496235,4001.0568752651434,2002.1428539188596,-0.0006637521528690682,0.25281691321878247,6003.199729184003,5.003199729184003,-0.054566227160294134,66.64873826893304,33.351261731066955,6349.677684088634
2026-07-28,6003.199729184003,4005.4439738933497,2000.6234480431426,0.0004776940434860766,0.4431283515250898,6006.067421936492,5.006067421936492,-0.05411459907849803,66.68996021030186,33.31003978969814,6349.677684088634
2026-07-29,6006.067421936492,4187.715605635902,1736.9040793638037,-0.013560909529471532,1.6943848809700406,5924.619684999705,4.924619684999705,-0.0669416654256424,70.68328143051279,29.31671856948722,6349.677684088634
2026-07-30,5924.619684999705,4375.954816993692,1566.9901344259586,0.0030930705081952947,1.291546897492789,5942.94495141965,4.94294495141965,-0.06405565020854476,73.6327671342196,26.367232865780394,6349.677684088634
2026-07-31,5942.94495141965,3989.427704155665,1979.2470045235211,0.0043294624920577895,1.7346459496960696,5968.674708679187,4.9686747086791865,-0.0600035142514691,66.83942246600483,33.16057753399516,6349.677684088634
2026-08-03,5968.674708679187,4074.4374743778653,1930.3789462290476,0.006055232307294656,0.6628712848067343,6004.816420606913,5.004816420606913,-0.054311617162221104,67.85282328358105,32.147176716418954,6349.677684088634
2026-08-04,6004.816420606913,4488.162485519351,1579.1096307985417,0.010400933406831347,1.1052167295928512,6067.272116317893,5.067272116317893,-0.044475575268711376,73.97331781853767,26.026682181462334,6349.677684088634
2026-08-05,6067.272116317893,4694.3595395904285,1364.4454440059117,-0.0013955419435993655,0.6907821656140327,6058.80498359634,5.05880498359634,-0.045809049681557634,77.47995771938488,22.52004228061512,6349.677684088634
2026-08-06,6058.80498359634,4690.493454118469,1362.8909019752625,-0.0008946694137348388,0.3402193339136904,6053.384356093732,5.053384356093732,-0.04666273513967012,77.48547222838596,22.51452777161403,6349.677684088634
2026-08-07,6053.384356093732,4768.615498045608,1296.6622763287705,0.001964755181731226,0.491514262744218,6065.277774374378,5.065277774374378,-0.04478966080859825,78.62155164917375,21.378448350826254,6349.677684088634
2026-08-10,6065.277774374378,4716.974552310272,1364.2044680120205,0.0026216847009212785,0.48303122221417677,6081.179020322293,5.081179020322293,-0.04228540047617846,77.56677671462926,22.433223285370733,6349.677684088634
2026-08-11,6081.179020322293,4844.3069352035045,1215.7315360755092,-0.003476389853452888,0.5042679889492517,6060.038471279014,5.060038471279014,-0.0456147897924668,79.93855085512484,20.06144914487516,6349.677684088634
2026-08-12,6060.038471279014,5007.046214640331,1060.018561591048,0.0011594489021258259,0.4881708827795021,6067.064776231378,5.067064776231378,-0.04450822890828654,82.52831310218038,17.471686897819634,6349.677684088634
2026-08-13,6067.064776231378,5108.122186334015,957.5534406300312,-0.00022896562317487046,0.4041556170286613,6065.675626964046,5.065675626964047,-0.044727003677093036,84.21357323538088,15.786426764619128,6349.677684088634
2026-08-14,6065.675626964046,4921.860988930891,1154.302447653365,0.0017290422807292316,1.0643384350246514,6076.1634365842565,5.076163436584256,-0.043075296276811725,81.0027748644256,18.997225135574393,6349.677684088634
2026-08-17,6076.1634365842565,4904.932606192366,1154.302447653365,-0.002786031500831787,0.0,6059.23505384573,5.059235053845731,-0.045741318645308615,80.94970012888439,19.050299871115612,6349.677684088634
2026-08-18,6059.23505384573,4849.322835440683,1211.346407023328,0.00023669466616427215,0.5006037458175148,6060.669242464011,5.060669242464011,-0.04551545070529106,80.01299264879786,19.987007351202124,6349.677684088634
2026-08-19,6060.669242464011,4901.129126783157,1153.9118180848754,-0.0009286594220559996,0.5013709558888865,6055.040944868032,5.055040944868032,-0.04640184177520046,80.94295598342937,19.057044016570636,6349.677684088634
2026-08-20,6055.040944868032,5087.434526454506,907.7231916515611,-0.009889813678752857,0.5329500786438082,5995.1577181060675,4.995157718106068,-0.05583274988444564,84.8590606897608,15.140939310239201,6349.677684088634
2026-08-21,5995.1577181060675,4589.276381586702,1418.7269095004956,0.002142658055906521,1.1788658404151016,6008.003291087198,5.008003291087197,-0.05380972231986236,76.38604972794938,23.613950272050623,6349.677684088634
2026-08-24,6008.003291087198,4421.990723656447,1580.85773205831,-0.0008579947650974029,0.19576559621591041,6002.848455714757,5.002848455714757,-0.0546215486248981,73.66487353927248,26.335126460727516,6349.677684088634
2026-08-25,6002.848455714757,4149.777241617835,1856.8898054376118,0.0006361298921440106,1.1347165693364611,6006.667047055447,5.006667047055447,-0.05402016513258956,69.08618721678795,30.913812783212038,6349.677684088634
2026-08-26,6006.667047055447,4187.062066384432,1801.3911584181326,-0.0030322676636141965,0.6089556985013853,5988.453224802564,4.988453224802564,-0.05688862919628901,69.91892412288946,30.081075877110543,6349.677684088634
2026-08-27,5988.453224802564,4097.36273275965,1890.2907810496147,-0.00013354216243821604,0.7997109932999874,5987.653513809264,4.987653513809264,-0.057014574328166256,68.4301909472541,31.569809052745896,6349.677684088634
